message,label
Ск,spam
Ск,spam
🤙🏻Куплю ваш отзыв о моей 👌🏻компании по набору персонала 😛 от 💷400 руб👁 @podvodochku1,spam
"@jo43k chat
 Финансовые трудности? пиши мне +",spam
Ck,spam
Ck,spam
"ПОМОГУ ТЕБЕ С ДЕНЬГАМИ
ЛЕГКИЕ 10-15К
БЕЗ ЗАЛ0Г0В И ВЛОЖЕНИЙ
ПИШИ МНЕ - @karambatya145",spam
"ПОМОГУ ТЕБЕ С ДЕНЬГАМИ
ЛЕГКИЕ 10-15К
БЕЗ ЗАЛ0Г0В И ВЛОЖЕНИЙ
ПИШИ МНЕ - @karambatya145",spam
АА,spam
Ск,spam
"НУЖНО РАСКИНУТЬ ПР0БЫ
ОТ 15к ЗА ПАРУ ЧАС0В 
БЕЗ ЗАЛ0ГА
СДЕЛАЙ СЕБЕ ПОДАР0К НА НОВЫЙ Г0Д
А ТАКЖЕ ТОВАР ДЛЯ ТЕБЯ БЕСПЛАТН0 
ПИШИ СЮДА — @Andrebrys",spam
Ск,spam
Пробы,spam
"Ищу клиентов на реабилитацию. У берега финского залива, в конфортамельном доме, 12 шаговaя программа и хорошее питание. Божьего благословения 🙏 всем. Звоните пишите кто готов посотрудничать 🤝",spam
Ск,spam
Бесплатно проба,spam
Товар дам бесплатно,spam
Бесплатно дам товар,spam
Товар,spam
Пробу,spam
Пробу бесплатно,spam
Пробу дам бесплатно,spam
Может пробу дашь бесплатно,spam
Проба,spam
Пробы,spam
Пробу,spam
"ПОМОГУ ТЕБЕ С ДЕНЬГАМИ
ЛЕГКИЕ 10 - 15К
БЕЗ ЗАЛ0Г0В И ВЛ0ЖЕНИЙ
ПИШИ МНЕ - @podrumochky",spam
"НУЖНО РАСКИНУТЬ ПР0БЫ
0Т 15к ЗА ПАРУ ЧАС0В 
БЕЗ ЗАЛ0ГА
СДЕЛАЙ СЕБЕ ПОДАР0К НА Н0ВЫЙ Г0Д
А ТАКЖЕ ТОВАР ДЛЯ ТЕБЯ БЕСПЛАТН0 
ПИШИ СЮДА — @Andrebrys",spam
"П0М0ГУ ТЕБЕ С ДЕНЬГАМИ
ЛЕГКИЕ 10 - 15К
БЕЗ ЗАЛ0Г0В И ВЛ0ЖЕНИЙ
ПИШИ МНЕ - @podrumochky",spam
Дааашаа❤️❤️❤️,spam
"П Р 0 Б А Т У Т 
120 АДРЕС0В
@podrumochky",spam
Пробытут,spam
П р о б а т у т,spam
"П Р 0 Б А ТУТ
100 АДРЕС0В 
СЮДА ЗА НЕЙ - @totktonygno",spam
"П Р 0 Б А ТУТ
100 АДРЕС0В 
СЮДА ЗА НЕЙ - @totktonygno",spam
"П0М0ГУ ТЕБЕ С ФИНАНСАМИ
ПО 10-15К ЗА ДЕНЬ КАЖД0МУ
ПИШИ СЮДА - @podrumochky",spam
@Alexenterprise прокомментируй плиз,spam
"НУЖНО РАСКИНУТЬ П Р 0 Б Ы
0Т 15 к ЗА ПАРУ ЧАС0В 
БЕЗ ЗАЛ0ГА
СДЕЛАЙ СЕБЕ П0ДАР0К НА Н0ВЫЙ Г0Д
БЕЗ ЗАЛ0ГА
А ТАКЖЕ Т 0 В А Р ДЛЯ ТЕБЯ БЕСПЛАТН0 
ПИШИ СЮДА — @Andrebrysle",spam
"П0М0ГУ С ФИНАНСАМИ
ПИШИ СЮДА -- @totktonygno",spam
"РАСКИДАЙ М0Й Т0ВАР
ПОЛУЧИ 0ПЛАТУ БАБКАМИ ИЛИ Т0ВАР0М
СВЯЗЬ ТУТ: @SOHO_OPG",spam
"П0М0ГУ ТЕБЕ РЕШИТЬ ФИНАНС0ВЫЕ ПР0БЛЕМЫ
НАПИШИ МНЕ - @podrumochky",spam
"НУЖН0 РАСКИДАТЬ П Р 0 Б Ы
0Т 15 к ЗА ПАРУ ЧАС0В 
СДЕЛАЙ СЕБЕ ПОДАР0К НА Н0ВЫЙ Г0Д
БЕЗ ЗАЛ0Г0В
А ТАКЖЕ Т0ВАР ДЛЯ ТЕБЯ БЕСПЛАТН0 
ПИШИ СЮДА — @Andrebrysle",spam
"П Р 0 Б А TYT
140 АДРЕС0В
ПИШИ СЮДА - @podrumochky",spam
"П Р 0 Б А TYT
140 АДРЕС0В
ПИШИ СЮДА - @podrumochky",spam
"СДЕЛАЙ СЕБЕ ПОДАР0К НА Н0ВЫЙ Г0Д
НУЖН0 РАСКИНУТЬ ПР0БЫ
0Т 15к ЗА ПАРУ ЧАС0В 
БЕЗ ЗАЛ0ГА
А ТАКЖЕ ТОВАР ДЛЯ ТЕБЯ БЕСПЛАТН0 
ПИШИ СЮДА — @VasBelAndreynnar",spam
Пробу,spam
П р о б у,spam
П р 0 бу,spam
Про6у,spam
Проба,spam
Пробы,spam
Проба,spam
"НУЖНО РАССКИДАТЬ ТОВАР 
В ТВОЕМ ГОРОДЕ 
ОПЛАТА ОГОНЬ/ В НЕКОТОРЫХ ГОРОДАХ 
ВОЗМОЖНА ОПЛАТА ТОВАРОМ 
ИНТЕРЕСНО ПИШИ 
▪️Пoдpo6нee: @oldbumff",spam
Раскинуть пробу,spam
Пробу,spam
Пp0бу,spam
Пр0бу,spam
Раскинуть пробы,spam
Раскинуть пробы,spam
Ck,spam
Про бу,spam
"П Р 0 Б А
Н0ВИНКИ В ТВ0ЕМ Г0Р0ДЕ
70 Г0Т0ВЫХ АДРЕС0В
ПИШИ - @reaktay",spam
"Не ломай голову где заработать 
Все придумано до тебя 
Тройная оплата на канун Нового года 
Подробности туn
@old_bum",spam
"НУЖНО РАСКИНУТЬ П Р 0 Б Ы
0Т 15к ЗА ПАРУ ЧАС0В 
БЕЗ ЗАЛ0ГА
СДЕЛАЙ СЕБЕ П0ДАР0К НА Н0ВЫЙ Г0Д
А ТАКЖЕ Т0ВАР ДЛЯ ТЕБЯ БЕСПЛАТН0 
ПИШИ СЮДА — @VasBelAndreynnar",spam
"Нужно расскидать товар 
в твоем городе 
оплата деньгами 
 в некоторых городах оплата товаром
@old_bum",spam
"НАКИНУ ТЕБЕ ПАРУ ТЫСЯЧ 0Т ДУШИ
ПИШИ МНЕ - @Adronymefedrony",spam
"П0М0ГУ ТЕБЕ ЗАРАБ0ТАТЬ ПЕРЕД ПРАЗДНИКАМИ
0Т 15 000 ЗА ДЕНЬ 
БЕЗ ВЛ0ЖЕНИЙ
ПИШИ  - @Adronymefedrony",spam
"П0М0ГУ ТЕБЕ ЗАРАБ0ТАТЬ ПЕРЕД ПРАЗДНИКАМИ
0Т 15 000 ЗА ДЕНЬ 
БЕЗ ВЛ0ЖЕНИЙ
ПИШИ  - @Adronymefedrony",spam
"НОВЫЙ ГОД УЖЕ НА НОСУ!

...а ты до сих пор сидишь без денег? 💰

НЕ БЕДА! Ведь с нами ты заработаешь более 100 тысяч рублей за неделю! 

~ Устройство на выбор паспорт, залог
~ Нужен только телефон 
▪️Пoдpo6нee: @old_bum",spam
"НОВЫЙ ГОД УЖЕ НА НОСУ!

...а ты до сих пор сидишь без денег? 💰

НЕ БЕДА! Ведь с нами ты заработаешь более 100 тысяч рублей за неделю! 

~ Устройство на выбор паспорт, залог
~ Нужен только телефон 
▪️Пoдpo6нee: @old_bum",spam
"П0М0ГУ ТЕБЕ С ДЕНЬГАМИ
П0П0ЛНИ КАРМАН ПЕРЕД ПРАЗДНИКАМИ
0Т 15 000 ЗА ДЕНЬ 
ПИШИ - @Adronymefedrony",spam
"П0М0ГУ ТЕБЕ ДЕНЬГАМИ
П0ПРАВЬ СВ0Е ФИНАНС0В0Е ПОЛ0ЖЕНИЕ
ПИШИ МНЕ - @Adronymefedrony",spam
П р 0 б у @олорр,spam
Ск,spam
Ск,spam
Ск,spam
Пpoбу,spam
"П Р 0 Б А 
МН0Г0 АДРЕС0В У ТЕБЯ В Г0Р0ДЕ
70 АДРЕС0В
ПИШИ СЮДА - @darbolv",spam
"П Р 0 Б А 
ДЛЯ КАЖД0Г0
В ТВ0ЕМ Г0Р0ДЕ
ПИШИ СЮДА - @darbolv",spam
"П Р 0 Б А 
ДЛЯ КАЖД0Г0
В ТВ0ЕМ Г0Р0ДЕ
ПИШИ СЮДА - @darbolv",spam
C k,spam
C. K,spam
C.  K,spam
Coli,spam
Soli,spam
S 0li,spam
"Всем привет 👋
Предлагаю работу в сфере доставки нелегального товара, вакансия курьером. Заинтересовало, пиши мне",spam
"Всем привет 👋
Предлагаю работу в сфере доставки нелегального товара, вакансия курьером. Заинтересовало, пиши мне",spam
"Олег, брат!! Поздравлчю! Уважение и спасибо за огромный вклад в развитие олд скул",spam
Предлагаю работу,spam
Ваканcия,spam
В а к а н с и я,spam
Bakансия,spam
Предлагаю р а б о ту @gjhfg,spam
Предлагаю работу @hjhgff,spam
Проба @hhhgf,spam
Пробу @ghhfgg,spam
Пробу,spam
Пробу @ghju,spam
Пробу @ghjgt,spam
Ck,spam
Пробу @hjfyi,spam
Ck,spam
Пробу @ролрр,spam
Ск,spam
Пробу t.me/,spam
Пpeдлагаю работу,spam
Предлагаю работу @ghjgt,spam
Ck,spam
Пробу @ghhgf,spam
Ck,spam
Предлагаю paботу @ghjhh,spam
Пpeдоагаю работу @gjhu,spam
Предлагаю paботу,spam
Предлагаю р а б о т у @ghjff,spam
"Нужно расскидать ТoBap в твоем городе 🤌
хватит просить пробу !!!
начни зapaбaтыBaть !!!!🫰🖖
Оплата 🔥🔥 либо товаром🤌🤌
интересно пиши мне !!🤘
НАМ НУЖЕН ИМЕННО ТЫ 🫵🫵🫵🫵
👇👇👇👇👇👇👇👇 
@old_bum",spam
Без в л о ж е н и й,spam
Ск,spam
Без вложений,spam
Без в л о ж е н и й,spam
Без в л о ж е н и й,spam
6e3 вложeния,spam
Без вложений,spam
Без. Вложений,spam
BE3 Bл0жений,spam
БE3 Bл0жений,spam
Ск,spam
БE3 Bл0жений,spam
BE3 Bл0жений,spam
BE3 Bл0жений,spam
BE3 Bл0жений,spam
Без.  Вложений,spam
Без-вложений,spam
Без_вложений,spam
БE3_Bл0жений,spam
"П Р 0 Б А 
МЕФ ГАШ СК МЕД 
В ТВ0ЕМ ГОР0ДЕ
115 АДРЕС0В
ПИШИ МНЕ - @totktonygnoo",spam
"СДЕЛАЙ СЕБЕ П0ДАР0К НА НОВЫЙ Г0Д
НУЖН0 РАСКИНУТЬ ПР0БЫ
ОТ 15к ЗА ПАРУ ЧАС0В 
БЕЗ ЗАЛ0ГА
А ТАКЖЕ ТОВАР ДЛЯ ТЕБЯ БЕСПЛАТН0 
ПИШИ СЮДА — @Andrebrysle",spam
"разложить товар
оплата деньгами 
либо товаром пиши сюда
@HRmana6",spam
"Нужно расскидать ТoBap в твоем городе 🤌
хватит просить пробу !!!
начни зapaбaтыBaть !!!!🫰🖖
Оплата 🔥🔥 либо товаром🤌🤌
интересно пиши мне !!🤘
НАМ НУЖЕН ИМЕННО ТЫ 🫵🫵🫵🫵
👇👇👇👇👇👇👇👇
@oldbumff",spam
Оплата т о в а р о м,spam
0плata. Tobаpоm,spam
О п л а т а д eh bгами,spam
Ск,spam
Ск,spam
Без вложения,spam
Без вложений,spam
Без вложения,spam
"Нужно расскидать ТoBap в твоем городе 🤌
хватит просить пробу !!!
начни зapaбaтыBaть !!!!🫰🖖
Оплата 🔥🔥 либо товаром🤌🤌
интересно пиши мне !!🤘
НАМ НУЖЕН ИМЕННО ТЫ 🫵🫵🫵🫵
👇👇👇👇👇👇👇👇
@oldbumff",spam
"Нужно расскидать ТoBap в твоем городе 🤌
хватит просить пробу !!!
начни зapaбaтыBaть !!!!🫰🖖
Оплата 🔥🔥 либо товаром🤌🤌
интересно пиши мне !!🤘
НАМ НУЖЕН ИМЕННО ТЫ 🫵🫵🫵🫵
👇👇👇👇👇👇👇👇
@oldbumff",spam
"П Р 0 Б А 
У ТЕБЯ В Г0Р0ДЕ
МЕФ ГАШ СК МЕД ХМУР 
ЗАБИРАЙ СЕЙЧАС
140 АДРЕС0В
ПИШИ - @totktonygnoo",spam
"П Р 0 Б А 
МЕФ ГАШ СК ХМУР МЕД 
ЕСТЬ ВСЁ ДЛЯ ТЕБЯ
115 АДРЕС0В
ПИШИ - @totktonygnoo",spam
M я y,spam
"П Р 0 Б А 
МЕФ ГАШ СК МЕД 
У ТЕБЯ В Г0Р0ДЕ
ПИШИ СЮДА - @totktonygen",spam
Ск,spam
Ск,spam
Ск,spam
Ск,spam
В профиле я голенькая,spam
В профиле я голенькая 😍😍❤️❤️💋💋💋,spam
В профиле я голенькая 😍😍❤️❤️💋💋💋,spam
"ВАМ ПИЗДА Я ГИТЛЕР
ВАМ ПИЗДА Я ГИТЛЕР",spam
В профиле я голенькая 😍😍❤️❤️💋💋💋,spam
ВАМ ПИЗДА Я ГИТЛЕР,spam
В профиле я голенькая 😍😍❤️❤️💋💋💋,spam
В профиле я голенькая 😍😍❤️❤️💋💋💋,spam
ВАМ ПИЗДА Я ГИТЛЕР,spam
В профиле я голенькая 😍😍❤️❤️💋💋💋,spam
ВАМ ПИЗДА Я ГИТЛЕР,spam
ВАМ ПИЗДА Я ГИТЛЕР,spam
ВАМ ПИЗДА Я ГИТЛЕР,spam
"В профиле я голенькая 😍😍❤️❤️💋💋💋
В профиле я голенькая 😍😍❤️❤️💋💋💋
В профиле я голенькая 😍😍❤️❤️💋💋💋
В профиле я голенькая 😍😍❤️❤️💋💋💋",spam
ВАМ ПИЗДА Я ГИТЛЕР,spam
В профиле я голенькая 😍😍❤️❤️💋💋💋,spam
В профиле я голенькая 😍😍❤️❤️💋💋💋,spam
ВАМ ПИЗДА Я ГИТЛЕР,spam
В профиле я голенькая 😍😍❤️❤️💋💋💋,spam
ВАМ ПИЗДА Я ГИТЛЕР,spam
В профиле я голенькая 😍😍❤️❤️💋💋💋,spam
"ВАМ ПИЗДА Я ГИТЛЕР
ВАМ ПИЗДА Я ГИТЛЕР
ВАМ ПИЗДА Я ГИТЛЕР

ВАМ ПИЗДА Я ГИТЛЕР
ВАМ ПИЗДА Я ГИТЛЕР",spam
"В профиле я голенькая 😍😍❤️❤️💋💋💋
В профиле я голенькая 😍😍❤️❤️💋💋💋
В профиле я голенькая 😍😍❤️❤️💋💋💋",spam
"ВАМ ПИЗДА Я ГИТЛЕР

ВАМ ПИЗДА Я ГИТЛЕР
ВАМ ПИЗДА Я ГИТЛЕР
ВАМ ПИЗДА Я ГИТЛЕР
ВАМ ПИЗДА Я ГИТЛЕР
ВАМ ПИЗДА Я ГИТЛЕР",spam
В профиле я голенькая 😍😍❤️❤️💋💋💋,spam
В профиле я голенькая 😍😍❤️❤️💋💋💋,spam
В профиле я голенькая 😍😍❤️❤️💋💋💋,spam
В профиле я голенькая 😍😍❤️❤️💋💋💋,spam
В профиле я голенькая 😍😍❤️❤️💋💋💋,spam
"ВАМ ПИЗДА Я ГИТЛЕР
ВАМ ПИЗДА Я ГИТЛЕР
ВАМ ПИЗДА Я ГИТЛЕР

ВАМ ПИЗДА Я ГИТЛЕР
ВАМ ПИЗДА Я ГИТЛЕР
ВАМ ПИЗДА Я ГИТЛЕР
ВАМ ПИЗДА Я ГИТЛЕР",spam
В профиле я голенькая 😍😍❤️❤️💋💋💋,spam
В профиле я голенькая 😍😍❤️❤️💋💋💋,spam
"В профиле я голенькая 😍😍❤️❤️💋💋💋
В профиле я голенькая 😍😍❤️❤️💋💋💋
В профиле я голенькая 😍😍❤️❤️💋💋💋",spam
В профиле я голенькая 😍😍❤️❤️💋💋💋,spam
В профиле я голенькая 😍😍❤️❤️💋💋💋,spam
ВАМ ПИЗДА Я ГИТЛЕР,spam
ВАМ ПИЗДА Я ГИТЛЕР,spam
ВАМ ПИЗДА Я ГИТЛЕР,spam
ВАМ ПИЗДА Я ГИТЛЕР,spam
ВАМ ПИЗДА Я ГИТЛЕР,spam
Пизда,spam
Голенькая,spam
Голеньк@я,spam
Пизд@,spam
Пизда,spam
Пизд@,spam
Porno,spam
П 0p но,spam
Порно,spam
Порно,spam
П0рн0,spam
Порнo,spam
Поpно,spam
Голенькая,spam
Порно,spam
Пи3да,spam
Г о ле нь к Ая,spam
Ск,spam
Соль,spam
Ск,spam
Голенькая,spam
Соль,spam
Порно,spam
Голенькая,spam
Ck,spam
Porno,spam
Порно,spam
Ск,spam
Ск,spam
Ск,spam
ск,spam
ск,spam
ск,spam
Голенькая,spam
Пизда,spam
Поpн0,spam
порн-0,spam
Ск,spam
Ск,spam
Ск,spam
Порн0,spam
Порно,spam
Пизда,spam
Ск,spam
Про6а,spam
Проba,spam
Пробу,spam
Пробы,spam
Пр0бa,spam
Голенькая,spam
"Так швабры, есть вариант залутать бабосики на очередную закладку мефа.
Покупаете кладовки в Москве,
Сдаёте их. Потом залезьте в чёрный пакет и подожгите его. Как мать Одмина в 45",spam
ск,spam
Мефа,spam
Мефом,spam
Героином,spam
Героин@,spam
Meф@,spam
Мефа,spam
Меф@,spam
Meф@,spam
Меф@,spam
Мeфа,spam
Mефа,spam
Мефа,spam
Mefa,spam
Mefom,spam
Me ф а,spam
Меф,spam
M e f,spam
Mef,spam
Меф,spam
Mef,spam
Меф,spam
Mef,spam
Меф,spam
Мефа,spam
Мефом,spam
Mef@,spam
Меф@,spam
Меф,spam
Mef,spam
Мефом,spam
Мефа,spam
Меф@,spam
Меф,spam
Mef,spam
Mef,spam
Mef,spam
M e f,spam
М е ф,spam
Меф,spam
М е ф,spam
Меф,spam
М е ф,spam
M e f,spam
m e f,spam
Mef,spam
Меф,spam
М. Е f,spam
М е f,spam
Mef,spam
Меф,spam
Мяу,spam
Соль,spam
Меф,spam
Mef,spam
Mef,spam
Mef,spam
Meфом,spam
Героuном,spam
Героином,spam
Меф@,spam
Про6а,spam
Proba,spam
Sk,spam
Соль,spam
Ск,spam
Соль,spam
Соль,spam
Героин,spam
Есть героин,spam
Мяу,spam
Мефедрон,spam
Меф,spam
Меф,spam
Соль,spam
Кокаин,spam
Меф,spam
Мефчик,spam
Ск,spam
Ск,spam
Порно,spam
Солярка,spam
Порно,spam
П о р н о,spam
Героин,spam
Бошки,spam
Бошки,spam
Шишки,spam
Мяу,spam
Амфетамин,spam
Ск,spam
Экстази,spam
Моль мяу,spam
Мяу удаляет,spam
Мяу,spam
Мяу,spam
Г.е.р.о.и.н.,spam
Соль,spam
Соль,spam
Меф,spam
Героин,spam
Порно,spam
Меф,spam
Соль,spam
Меф,spam
Меф,spam
Меф,spam
Соль,spam
Соль,spam
Меф,spam
Ск,spam
Ск,spam
Ск,spam
Ск,spam
Соль,spam
Ск,spam
Мяу мяу,spam
ск,spam
Ск,spam
Ск,spam
"П Р 0 Б А 
МЕФ ГАШ СК МЕД ХМУР 
120 АДРЕС0В
У ТЕБЯ В Г0Р0ДЕ 
ПИШИ СЮДА - @tvokent",spam
"НУЖНО РАСКИНУТЬ ПР0БЫ
0Т 15к ЗА ПАРУ ЧАС0В 
БЕЗ ЗАЛ0ГА
СДЕЛАЙ СЕБЕ ПОДАР0К НА Н0ВЫЙ Г0Д
А ТАКЖЕ ТОВАР ДЛЯ ТЕБЯ БЕСПЛАТН0 
ПИШИ СЮДА — @VasBelAndreynnar",spam
"П Р 0 Б А 
МЕФ ГАШ СК МЕД ХМУР
130 АДРЕС0В
В ТВ0ЕМ Г0РОДЕ
ПИШИ - @tvokent",spam
"П Р 0 Б А 
МЕФ ГАШ СК МЕД ХМУР
130 АДРЕС0В
В ТВ0ЕМ Г0РОДЕ
ПИШИ - @tvokent",spam
"П Р 0 Б А 
МЕФ ГАШ СК МЕД ХМУР
У ТЕБЯ В Г0Р0ДЕ
145 АДРЕС0В
ПИШИ - @tvokent",spam
Соль,spam
"не давно отказали руки но я вскрыл покетик зубами у употребил, пишу не я слепая бабушка одмина, кстати она тоже вжарилась",spam
"Нужен человек который расскидает товар 
Именно в твоем городе 
Оплата товаром 
Либо деньгами 
Интересно пиши 
@HRmana6",spam
"Нужен человек который расскидает товар 
Именно в твоем городе 
Оплата товаром 
Либо деньгами 
Интересно пиши 
@HRmana6",spam
"ТРЕБУЕТСЯ ЧЕЛОВЕК РАСКИДАТЬ НАШ ТОВАР
Д0СТ0ЙНАЯ 0ПЛATA 

Пиши mнe:  @vizologi",spam
"ТРЕБУЕТСЯ ЧЕЛОВЕК РАСКИДАТЬ НАШ ТОВАР
Д0СТ0ЙНАЯ 0ПЛATA 

Пиши mнe:  @vizologi",spam
Ск,spam
Ck,spam
Соль,spam
Соль @hhfgu,spam
Порно,spam
П ор но,spam
"TPEБУETCЯ ЧЕЛОВЕК РАСКИДАТЬ НАШ ТОВАР
Д0СТ0ЙНАЯ 0ПЛATA 

Пиши mнe:  @vizologi",spam
Познакомиться с девушкой,spam
Раскидать наш товаp,spam
Раскидать наш товар,spam
Раскидать наш товаp,spam
Раскидать товаp,spam
Р@скидать наш товар,spam
Раскидать товаp,spam
Познакомлюсь для встреч с женщиной,spam
Tpeбyeтcя челоbek @gjgfy,spam
Раскидать товаp,spam
Раскидать товаp t.me,spam
Раскидать товаp @ооорп,spam
"Можно с девушками познакомиться. Сам употреблял. Бросил.


Мне 38 есть всё основное для жизни молодых людей. Сам из Никольска.

Познакомился бы желательно с верующей",spam
Ск,spam
"Здарова мне необходимы люди на занятость с заработной платой в день 200$ 
жду в директ
 Оператор   @devil5809",spam
Ск,spam
sfjkfjk @fsdjjl,spam
@jfkkflffk,spam
ck,spam
ск,spam
ск,spam
ck,spam
ск,spam
Ck,spam
Ск,spam
Соль,spam
"TPEБУETCЯ ЧЕЛОВЕК РАСКИДАТЬ НАШ ТОВАР
Д0СТ0ЙНАЯ 0ПЛATA 

Пиши mнe:  @vizologi",spam
"TPEБУETCЯ ЧЕЛОВЕК РАСКИДАТЬ НАШ ТОВАР
Д0СТ0ЙНАЯ 0ПЛATA 

Пиши mнe:  @vizologi",spam
"TPEБУETCЯ ЧЕЛОВЕК РАСКИДАТЬ НАШ ТОВАР
Д0СТ0ЙНАЯ 0ПЛATA 

Пиши mнe:  @vizologi",spam
"П Р O Б А 
МЕF ГАШ CK MED
У ТЕБЯ В Г0Р0ДЕ
120 АДРЕС0В
ПИШИ - @reaktay",spam
"П Р O Б А 
МЕF ГАШ CK MED
У ТЕБЯ В Г0Р0ДЕ
120 АДРЕС0В
ПИШИ - @reaktay",spam
"П Р O Б А 
МЕF ГАШ CK MED
У ТЕБЯ В Г0Р0ДЕ
120 АДРЕС0В
ПИШИ - @reaktay",spam
Ck,spam
Про6ы,spam
Sk,spam
Ck,spam
Sk,spam
Пробы @hjfyi,spam
Пробы @ghhfy,spam
Раскидать товар,spam
Раскидать товар @hjjfyi,spam
Соль,spam
Ск,spam
C0лb,spam
Coлu,spam
Соли,spam
С0лu,spam
Coлu,spam
C0лu,spam
Ck,spam
Sk,spam
Coli,spam
Хочу познакомиться для нечастых встреч с девушками,spam
С0ЛU,spam
С о л b,spam
Ck,spam
Мефом,spam
С о. Л и,spam
"🗽
📿НУЖНО РАСКИДАТЬ НАШ ТОВАР
☑️Предлагаю 0плату в День
♨️15.000-20.000 ру6.
💎БЕЗ ВЛОЖЕНИЙ 🌴
Свяжитесь по Контакту ниже
@vizologi",spam
"ВНИМАНИЕ
П Р 0 Б А
МЕФ СК ГАШ МЕД
150 АДРЕС0В
ДЛЯ ТЕБЯ
ПИШИ - @reaktay",spam
"ВНИМАНИЕ
П Р 0 Б А
ВСЁ ЕСТЬ
140 АДРЕС0В
ПИШИ СЮДА - @reaktay",spam
"ВНИМАНИЕ
П Р 0 Б А
ВСЁ ЕСТЬ
140 АДРЕС0В
ПИШИ СЮДА - @reaktay",spam
C0лu,spam
Познакомлюсь для секса с девушкой,spam
"В Н И М А Н И Е 
П Р 0 Б А 
МЕF ГАШ CK MEД 
130 АДРЕС0В 
ДЛЯ ТЕБЯ 
ПИШИ - @reaktay",spam
"В Н И М А Н И Е 
П Р 0 Б А 
МЕF ГАШ CK MEД 
130 АДРЕС0В 
ДЛЯ ТЕБЯ 
ПИШИ - @reaktay",spam
Porno,spam
Познакомлюсь для нечастых встреч с девушкой,spam
Med,spam
Coli,spam
Ck,spam
Coli,spam
Соль,spam
Аа,spam
"💣🔥Привет, приехала новая партия товара, есть 40 пробников - нужны дегустаторы, есть желающие?
Если есть отпишите сюда, выдам пробу🔥💣 @aLuXUnder",spam
Ск,spam
Соль,spam
Меф,spam
Соль,spam
П р0 б ы,spam
П0дработка,spam
Ск,spam
"💣🔥Привет, приехала новая партия товара, есть 40 пробников - нужны дегустаторы, есть желающие?
Если есть отпишите сюда, выдам пробу🔥💣 @aLuXUnder",spam
Порно,spam
Ск,spam
0плата,spam
Ск,spam
"В Н И М А Н И Е 
П Р 0 Б А 
МЕФ ГАШ СК МЕД 
130 АДРЕСОВ 
ПИШИ СЮДА - @foxytimee",spam
"В Н И М А Н И Е 
П Р 0 Б А 
МЕФ ГАШ СК МЕД 
130 АДРЕСОВ 
ПИШИ СЮДА - @foxytimee",spam
"В Н И М А Н И Е  !! 
П Р 0 Б А 
МЕF ГАШ СК МЕД 
110 АДРЕС0В 
ПИШИ СЮДА - @daddytimes",spam
Соль,spam
Ск,spam
Соль,spam
Ск,spam
Ск,spam
Ск,spam
Соль,spam
Соль,spam
Соль,spam
Соль,spam
Соль,spam
"🗽
📿НУЖНО РАСКИДАТЬ НАШ ТОВАР
☑️Предлагаю 0плату в День
♨️15.000-20.000 ру6.
💎БЕЗ ВЛОЖЕНИЙ 🌴
Свяжитесь по Контакту ниже
@vizologi",spam
"Оставляй заявки на Работу, высокая ЗП",spam
Прeдлaгaю рaбoту,spam
Помогаю с водительскими удостоверениями,spam
Хочешь зарабатывать от,spam
в день всего за пару,spam
Предлагаю поднимать от,spam
руб за пару часов,spam
"Пару часов 5 к, детали в ЛС нелегальна",spam
ЗП от 5к в день,spam
Получи 3-5к за простые действия,spam
"Есть рабоат нa мaлoe врeмч, 16+, дeнь oт 2600 мoжно зaрaбатывaть, в личкy",spam
Получи 3-5к за простые действия,spam
"Есть рабоат нa мaлoe врeмч, 16+, дeнь oт 2600 мoжно зaрaбатывaть, в личкy",spam
"Подработка на постоянную основу и не только. Плачу 5000 за простые действия, жду лс",spam
Здравствуйте Есть желающие кто сможет отвезти почту в  Красногорск ? Плачу 5000 наличкой + отдельно на бензик,spam
"Здрасте  На егодня будет халтура! Нужен будет - водитель категории «В» выгрузить продукты на торговой точке, по выполнению плачу 3700 связь в лс",spam
"Приветствую! к утру есть шабашка! будет нужно разгрузить паки с водой, по выполнению кидаю на карту 5100 жду в лс",spam
Приветствую! К утру есть шабашка: нужно разгрузить паки с водой. По выполнению кидаю на карту 5100. Жду в ЛС!,spam
"Здрасте! Сегодня халтура: требуется водитель категории «В», чтобы выгрузить продукты на точке. Плачу 3700, пишите в ЛС.",spam
Здравствуйте! Есть желающие отвезти почту в Красногорск? Плачу 5000 наличными + отдельно на бензин. Жду в ЛС.,spam
Привет! Подработка на постоянную основу и не только. Плачу 5000 за простые действия. Жду в ЛС.,spam
"Добрый день! Сегодня подработка: разгрузка воды, плата 5100 на карту. Жду ваши сообщения в ЛС.",spam
"Здрасте! Шабашка на утро: водитель категории «В», выгрузить продукты. Плачу 3700. Напишите в ЛС.",spam
"Приветствую! Есть халтура на сегодня: доставить почту в Красногорск. 5000 наличкой, бензин отдельно. ЛС!",spam
Привет! Простая подработка на постоянной основе. Плачу 5000 за пару действий. Жду вас в ЛС.,spam
"Здравствуйте! Нужна помощь: разгрузить паки с водой. Оплата 5100, всё сразу на карту. ЛС.",spam
Добрый день! Сегодня халтура: нужен водитель категории «В» для разгрузки. 3700 переведу. Пишите в ЛС!,spam
"Приветствую! Шабашка на утро: разгрузить воду, оплата 5100. Жду вас в ЛС.",spam
"Здрасте! На сегодня халтура: отвезти почту в Красногорск, 5000 + бензин. ЛС.",spam
"Добрый день! Ищем водителя «В» на халтуру. Выгрузка продуктов, плата 3700. Пишите!",spam
Здравствуйте! Подработка для всех: доставка почты в Красногорск. Плачу 5000 наличными. Свяжитесь в ЛС.,spam
"Привет! Есть работа, простая халтура. Оплата 5000 за действие. Жду вас в ЛС.",spam
"Здрасте! На утро шабашка: выгрузить воду, плата 5100. Напишите в ЛС.",spam
"Приветствую! Сегодня халтура для водителя категории «В»: разгрузить продукты, 3700 переведу. Жду в ЛС.",spam
"Добрый день! Подработка: доставка почты в Красногорск, оплата 5000 + бензин. Пишите!",spam
Здравствуйте! Есть постоянная работа и подработка. Оплата 5000. Жду в ЛС.,spam
"Приветствую! Простая халтура: разгрузить воду, кидаю 5100 на карту. Свяжитесь в ЛС!",spam
Здрасте! Шабашка на сегодня: отвезти почту в Красногорск. 5000 + компенсация на бензин. ЛС.,spam
"Добрый день! Ищем водителя «В» на халтуру. Выгрузить продукты, плата 3700. Жду сообщения.",spam
Приветствую! Подработка: разгрузка воды. 5100 переведу на карту. Связь в ЛС.,spam
Здравствуйте! Халтура для водителя «В»: выгрузить продукты. Оплата 3700. Пишите!,spam
Привет! Есть подработка: отвезти почту в Красногорск. 5000 наличкой + бензин. ЛС.,spam
"Добрый день! Постоянная и временная работа. Простые действия, оплата 5000. Жду вас в ЛС.",spam
Здрасте! Шабашка на утро: разгрузить воду. 5100 на карту. Свяжитесь.,spam
"Приветствую! Сегодня халтура: водитель «В», выгрузить продукты. Оплата 3700. Жду в ЛС.",spam
Здравствуйте! Нужна помощь с доставкой почты в Красногорск. Оплата 5000 наличными + бензин. ЛС.,spam
Привет! Подработка: разгрузить паки с водой. Плачу 5100. Жду ваши сообщения в ЛС.,spam
Добрый день! Халтура для водителя «В»: выгрузить продукты. 3700 переведу. Свяжитесь.,spam
"Здрасте! Шабашка: доставка почты в Красногорск, 5000 наличными + бензин. Пишите!",spam
"Приветствую! Есть работа на постоянку. Простые действия, оплата 5000. Жду вас в ЛС.",spam
Здравствуйте! Сегодня подработка: разгрузка воды. Оплата 5100. Пишите в ЛС.,spam
Добрый день! На утро халтура: водитель категории «В». Выгрузить продукты. Плата 3700. ЛС.,spam
Привет! Ищем помощника для доставки почты в Красногорск. 5000 наличными. Бензин отдельно. Жду.,spam
Здрасте! Простая халтура: разгрузить воду. Плачу 5100. Жду сообщения.,spam
Здравствуйте! Водитель категории «В» на шабашку: выгрузить продукты. Оплата 3700. Свяжитесь.,spam
Добрый день! Работа: доставка почты в Красногорск. 5000 наличными + бензин. ЛС.,spam
Приветствую! Постоянная подработка: простые действия. Оплата 5000. Пишите!,spam
Здрасте! К утру есть шабашка: разгрузить паки с водой. По выполнению кидаю на карту 5100 рублей. Жду в ЛС!,spam
Привет! Сегодня халтура для водителя категории «В»: выгрузить продукты на торговой точке. Плачу 3700 р. Жду сообщения.,spam
"Здравствуйте! Ищем желающего доставить почту в Красногорск. Оплата 5000 руб. наличными, бензин оплачивается отдельно. Пишите в ЛС.",spam
"Добрый день! Подработка на постоянную основу: простые действия, деньги на карту — 5000 к. Жду ваши сообщения!",spam
"Приветствую! Утром будет халтура: разгрузка воды, перевод на карту 5100 р. Жду в ЛС!",spam
Здрасте! Халтура: доставить почту в Красногорск. Плачу 5000 рублей на руки. ЛС.,spam
"Привет! Нужен водитель категории «В»: разгрузка продуктов. Оплата 3700 руб., всё на карту. Жду ваши сообщения.",spam
Добрый день! Подработка: разгрузить воду. Плачу 5100 рублей на карту. ЛС!,spam
Здравствуйте! Шабашка для водителя: отвезти почту в Красногорск. 5000 р. наличкой + бензин. Напишите!,spam
Приветствую! Простая халтура: разгрузить воду. Оплата — 5100 рублей на карту. Жду вас в ЛС!,spam
"Добрый день! Ищем человека на постоянную подработку. Оплата 5000 руб., деньги переводятся на карту. Пишите.",spam
"Здрасте! Есть халтура на сегодня: водитель категории «В», выгрузка продуктов. Плачу 3700 руб. Жду в ЛС.",spam
"Приветствую! Подработка: доставка почты в Красногорск, оплата 5000 к. + компенсация за бензин. ЛС!",spam
Здравствуйте! На утро шабашка: выгрузить воду. 5100 р. перевожу на карту. Жду сообщения!,spam
Добрый день! Водитель категории «В» на халтуру. Плачу 3700 рублей. Напишите в ЛС!,spam
Привет! Подработка: разгрузка воды. Деньги — 5100 р. на карту. Пишите в ЛС.,spam
"Здрасте! Халтура: отвезти почту в Красногорск, оплата наличными — 5000 рублей. Жду ваши сообщения.",spam
"Приветствую! Сегодня халтура: водитель категории «В», разгрузка продуктов. Перевод 3700 р. на карту. ЛС!",spam
Добрый день! Постоянная работа: доставка почты в Красногорск. 5000 руб. + бензин. ЛС.,spam
"Здравствуйте! Есть халтура на утро: разгрузить воду. Оплата — 5100 р., сразу на карту. Жду сообщений!",spam
"Привет! Сегодня подработка: доставка почты, 5000 рублей наличными. Бензин отдельно. ЛС!",spam
"Здрасте! Халтура на постоянную основу: водитель категории «В», выгрузка продуктов. Оплата 3700 руб. Напишите.",spam
Приветствую! Шабашка: разгрузить воду. Деньги на карту — 5100 рублей. Жду вас в ЛС!,spam
"Добрый день! Халтура для водителя: почта в Красногорск. Оплата — 5000 руб., наличными. Пишите в ЛС!",spam
Здравствуйте! На сегодня простая подработка: выгрузить продукты. 3700 р. перевожу на карту. Жду ваших сообщений.,spam
"Привет! Утром халтура: разгрузка воды. 5100 рублей, деньги на карту. ЛС!",spam
Здрасте! Ищем человека для доставки почты в Красногорск. Оплата наличными: 5000 к. Связь в ЛС.,spam
Добрый день! Шабашка: разгрузка продуктов. 3700 рублей на карту. Жду сообщения!,spam
"Приветствую! Халтура: доставка воды. Оплата 5100 р., перевод на карту. Пишите в ЛС!",spam
Здравствуйте! Постоянная работа: доставка почты. Деньги — 5000 рублей наличными. ЛС.,spam
"Приветствую, есть возможность получать 125 долларов каждый день на пассиве. Интересно?",spam
НУЖЕН 1 ЧЕЛОВЕК НА ДИСТАНЦИОННУЮ РАБОТУ  ❗️    БЕРЕМ БЕЗ ОПЫТА         ИНТЕРЕСНО? ПИШИ + В ЛС @dmitryiiii7777,spam
Привет! Есть возможность получать $150 каждый день на пассиве. Интересно?,spam
Нужен 1 человек для удаленной работы. Оплата 12 000 рублей в неделю. Заинтересовало? Пиши + в ЛС @username,spam
Ежедневный доход 10 000 к на полном пассиве! Интересно?,spam
"Привет! Есть способ зарабатывать $200 каждый день. Пиши в ЛС, расскажу подробности!",spam
"Требуется человек для удаленной работы. Оплата до 5 000 руб в день. Пиши +, если интересно!",spam
"Получайте 120 000 рублей в месяц, ничего не делая! Интересно?",spam
Работа без опыта! Возможность заработка 8 000 к ежедневно. Пиши в ЛС @username.,spam
"Есть способ зарабатывать 100$ в день, даже ничего не делая. Интересно?",spam
Ищем людей для пассивного дохода. Оплата 15 000 рублей. Подробности в ЛС!,spam
Реальная возможность зарабатывать от $180 ежедневно! Пиши + для деталей.,spam
"Удаленная работа, никаких вложений. Доход 9 000 руб в сутки. Интересно?",spam
"Легкий доход на пассиве: 8 000 рублей ежедневно. Пиши, расскажу как!",spam
Вакансия: 1 человек. Заработок $250 в день. Берем без опыта!,spam
Можно заработать 150 к на пассиве. Интересно? Пиши в ЛС.,spam
"Зарабатывай $300 каждый день, сидя дома. Напиши мне в ЛС + для подробностей.",spam
"Привет, есть вакансия на удаленке! Доход 10 000 руб в сутки. Напиши в ЛС.",spam
Возможность пассивного дохода: $500 еженедельно. Интересно?,spam
"Хочешь зарабатывать 9 000 к в день на пассиве? Расскажу как, пиши в ЛС.",spam
Уникальный шанс получать $200 ежедневно! Интересно?,spam
Зарабатывай 8 000 рублей ежедневно. Напиши в ЛС для подробностей.,spam
"Нужен 1 человек на удаленку. Оплата 11 000 руб в сутки! Напиши +, если интересно.",spam
Ежедневный доход $350 на полном пассиве. Напиши в ЛС для подробностей!,spam
"Работа без вложений, заработок 7 000 к ежедневно! Интересно?",spam
Хочешь заработать 140 000 рублей в месяц на пассиве? Напиши +.,spam
Работа на дому: доход $100 в день. Напиши + в ЛС @username.,spam
"Способ заработать 9 000 руб ежедневно, не выходя из дома! Интересно?",spam
"Привет! У нас есть место, доход 12 000 рублей в день. Интересно?",spam
Удаленная работа с доходом $300 в сутки. Подходит даже без опыта! Пиши.,spam
"Способ зарабатывать 10 000 к ежедневно. Напиши +, расскажу как!",spam
Хочешь получать $180 на пассиве каждый день? Интересно?,spam
"Хочешь зарабатывать 120 000 рублей в месяц на пассиве? Напиши +, расскажу как!",spam
Легкий доход на удаленке: $400 ежедневно. Интересно?,spam
Нужен 1 человек на дистанционную работу. Оплата 13 000 руб в сутки. Пиши в ЛС!,spam
Есть возможность зарабатывать $150 в день без вложений! Напиши мне в ЛС.,spam
Удаленная работа: доход 10 000 к ежедневно. Интересно?,spam
"Хочешь получать 9 000 рублей каждый день, не выходя из дома? Пиши!",spam
Заработок $500 еженедельно без опыта! Интересно? Пиши в ЛС.,spam
Уникальная возможность: 15 000 руб ежедневно на полном пассиве. Напиши +.,spam
Ищем сотрудника для удаленной работы. Доход $250 в день. Интересно?,spam
"Получай 8 000 рублей в сутки на пассиве! Пиши +, если интересно.",spam
Есть вакансия: заработок 7 000 к ежедневно. Без опыта! Пиши в ЛС.,spam
Пассивный доход $180 каждый день. Интересно? Напиши мне в ЛС.,spam
Работа на дому с оплатой 10 000 рублей ежедневно! Напиши + для деталей.,spam
"Хочешь зарабатывать $300 на удаленке? Напиши, расскажу подробности!",spam
"Возможность получать 12 000 рублей ежедневно, ничего не делая. Пиши!",spam
У нас вакансия на удаленку. Доход 8 000 к в день. Напиши в ЛС.,spam
Пассивный доход: 140 000 рублей в месяц. Интересно? Пиши мне.,spam
Легкая работа без опыта. Доход $350 ежедневно! Напиши в ЛС.,spam
Работа для всех! Зарабатывай 11 000 руб в сутки. Напиши + для начала.,spam
Удаленный заработок $500 в неделю! Интересно? Напиши + в ЛС,spam
"Оставляй заявки на Работу, высокая ЗП",spam
Прeдлaгaю рaбoту,spam
Помогаю с водительскими удостоверениями,spam
Хочешь зарабатывать от 7к в день всего за пару,spam
Предлагаю поднимать от 5к руб за пару часов,spam
"Пару часов 5к, детали в ЛС нелегальна",spam
ЗП от 5к в день,spam
Получи 3-5к за простые действия,spam
"Есть работа на малое время, 16+, день от 2600 можно зарабатывать, в личку",spam
Получи 3-5к за простые действия,spam
"Есть работа на малое время, 16+, день от 2600 можно зарабатывать, в личку",spam
"Подработка на постоянную основу и не только. Плачу 5к за простые действия, жду лс",spam
Здравствуйте! Есть желающие кто сможет отвезти почту в Красногорск? Плачу 5к наличкой + отдельно на бензик,spam
"Здрасте! На сегодня будет халтура! Нужен будет - водитель категории «В» выгрузить продукты на торговой точке, по выполнению плачу 3700, связь в лс",spam
"Приветствую! К утру есть шабашка! Будет нужно разгрузить паки с водой, по выполнению кидаю на карту 5к, жду в лс",spam
Приветствую! К утру есть шабашка: нужно разгрузить паки с водой. По выполнению кидаю на карту 5к. Жду в ЛС!,spam
"Здрасте! Сегодня халтура: требуется водитель категории «В», чтобы выгрузить продукты на точке. Плачу 3700, пишите в ЛС.",spam
Здравствуйте! Есть желающие отвезти почту в Красногорск? Плачу 5к наличными + отдельно на бензин. Жду в ЛС.,spam
Привет! Подработка на постоянную основу и не только. Плачу 5к за простые действия. Жду в ЛС.,spam
"Добрый день! Сегодня подработка: разгрузка воды, плата 5к на карту. Жду ваши сообщения в ЛС.",spam
"Здрасте! Шабашка на утро: водитель категории «В», выгрузить продукты. Плачу 3.7к. Напишите в ЛС.",spam
"Приветствую! Есть халтура на сегодня: доставить почту в Красногорск. 5к наличкой, бензин отдельно. ЛС!",spam
Привет! Простая подработка на постоянной основе. Плачу 5к за пару действий. Жду вас в ЛС.,spam
"Здравствуйте! Нужна помощь: разгрузить паки с водой. Оплата 5к, всё сразу на карту. ЛС.",spam
Добрый день! Сегодня халтура: нужен водитель категории «В» для разгрузки. 3.7к переведу. Пишите в ЛС!,spam
"Приветствую! Шабашка на утро: разгрузить воду, оплата 5к. Жду вас в ЛС.",spam
"Здрасте! На сегодня халтура: отвезти почту в Красногорск, 5к + бензин. ЛС.",spam
"Добрый день! Ищем водителя «В» на халтуру. Выгрузка продуктов, плата 3.7к. Пишите!",spam
Здравствуйте! Подработка для всех: доставка почты в Красногорск. Плачу 5к наличными. Свяжитесь в ЛС.,spam
"Привет! Есть работа, простая халтура. Оплата 5к за действие. Жду вас в ЛС.",spam
"Здрасте! На утро шабашка: выгрузить воду, плата 5к. Напишите в ЛС.",spam
"Приветствую! Сегодня халтура для водителя категории «В»: разгрузить продукты, 3.7к переведу. Жду в ЛС.",spam
"Добрый день! Подработка: доставка почты в Красногорск, оплата 5к + бензин. Пишите!",spam
Здравствуйте! Есть постоянная работа и подработка. Оплата 5к. Жду в ЛС.,spam
"Приветствую! Простая халтура: разгрузить воду, кидаю 5к на карту. Свяжитесь в ЛС!",spam
Здрасте! Шабашка на сегодня: отвезти почту в Красногорск. 5к + компенсация на бензин. ЛС.,spam
"Добрый день! Ищем водителя «В» на халтуру. Выгрузить продукты, плата 3.7к. Жду сообщения.",spam
Приветствую! Подработка: разгрузка воды. 5к переведу на карту. Связь в ЛС.,spam
Здравствуйте! Халтура для водителя «В»: выгрузить продукты. Оплата 3.7к. Пишите!,spam
Привет! Есть подработка: отвезти почту в Красногорск. 5к наличкой + бензин. ЛС.,spam
"Добрый день! Постоянная и временная работа. Простые действия, оплата 5к. Жду вас в ЛС.",spam
Здрасте! Шабашка на утро: разгрузить воду. 5к на карту. Свяжитесь.,spam
"Приветствую! Сегодня халтура: водитель «В», выгрузить продукты. Оплата 3.7к. Жду в ЛС.",spam
Здравствуйте! Нужна помощь с доставкой почты в Красногорск. Оплата 5к наличными + бензин. ЛС.,spam
Привет! Подработка: разгрузить паки с водой. Плачу 5к. Жду ваши сообщения в ЛС.,spam
Добрый день! Халтура для водителя «В»: выгрузить продукты. 3.7к переведу. Свяжитесь.,spam
"Здрасте! Шабашка: доставка почты в Красногорск, 5к наличными + бензин. Пишите!",spam
"Приветствую! Есть работа на постоянку. Простые действия, оплата 5к. Жду вас в ЛС.",spam
Здравствуйте! Сегодня подработка: разгрузка воды. Оплата 5к. Пишите в ЛС.,spam
Добрый день! На утро халтура: водитель категории «В». Выгрузить продукты. Плата 3.7к. ЛС.,spam
Привет! Ищем помощника для доставки почты в Красногорск. 5к наличными. Бензин отдельно. Жду.,spam
Здрасте! Простая халтура: разгрузить воду. Плачу 5к. Жду сообщения.,spam
Здравствуйте! Водитель категории «В» на шабашку: выгрузить продукты. Оплата 3.7к. Свяжитесь.,spam
Добрый день! Работа: доставка почты в Красногорск. 5к наличными + бензин. ЛС.,spam
Приветствую! Постоянная подработка: простые действия. Оплата 5к. Пишите!,spam
Здрасте! К утру есть шабашка: разгрузить паки с водой. По выполнению кидаю на карту 5к. Жду в ЛС!,spam
Привет! Сегодня халтура для водителя категории «В»: выгрузить продукты на торговой точке. Плачу 3.7к. Жду сообщения.,spam
"Здравствуйте! Ищем желающего доставить почту в Красногорск. Оплата 5к руб. наличными, бензин оплачивается отдельно. Пишите в ЛС.",spam
"Добрый день! Подработка на постоянную основу: простые действия, деньги на карту — 5к. Жду ваши сообщения!",spam
"Приветствую! Утром будет халтура: разгрузка воды, перевод на карту 5к. Жду в ЛС!",spam
Здрасте! Халтура: доставить почту в Красногорск. Плачу 5к руб. на руки. ЛС.,spam
"Привет! Нужен водитель категории «В»: разгрузка продуктов. Оплата 3.7к руб., всё на карту. Жду ваши сообщения.",spam
Добрый день! Подработка: разгрузить воду. Плачу 5к руб. на карту. ЛС!,spam
Здравствуйте! Шабашка для водителя: отвезти почту в Красногорск. 5к руб. наличкой + бензин. Напишите!,spam
Приветствую! Простая халтура: разгрузить воду. Оплата — 5к руб. на карту. Жду вас в ЛС!,spam
"Добрый день! Ищем человека на постоянную подработку. Оплата 5к руб., деньги переводятся на карту. Пишите.",spam
"Здрасте! Есть халтура на сегодня: водитель категории «В», выгрузка продуктов. Плачу 3.7к руб. Жду в ЛС.",spam
"Приветствую! Подработка: доставка почты в Красногорск, оплата 5к + компенсация за бензин. ЛС!",spam
Здравствуйте! На утро шабашка: выгрузить воду. 5к руб. перевожу на карту. Жду сообщения!,spam
Добрый день! Водитель категории «В» на халтуру. Плачу 3.7к рублей. Напишите в ЛС!,spam
Привет! Подработка: разгрузка воды. Деньги — 5к руб. на карту. Пишите в ЛС.,spam
"Здрасте! Халтура: отвезти почту в Красногорск, оплата наличными — 5к руб. Жду ваши сообщения.",spam
"Приветствую! Сегодня халтура: водитель категории «В», разгрузка продуктов. Перевод 3.7к руб. на карту. ЛС!",spam
"Способ заработать 9 к ежедневно, не выходя из дома! Интересно?",spam
"Привет! У нас есть место, доход 12 к в день. Интересно?",spam
Удаленная работа с доходом 3 к в сутки. Подходит даже без опыта! Пиши.,spam
"Способ зарабатывать 10 к ежедневно. Напиши +, расскажу как!",spam
Хочешь получать 180 к на пассиве каждый день? Интересно?,spam
"Хочешь зарабатывать 120 к рублей в месяц на пассиве? Напиши +, расскажу как!",spam
Легкий доход на удаленке: 4 к ежедневно. Интересно?,spam
Нужен 1 человек на дистанционную работу. Оплата 13 к в сутки. Пиши в ЛС!,spam
Есть возможность зарабатывать 150 к в день без вложений! Напиши мне в ЛС.,spam
Удаленная работа: доход 10 к ежедневно. Интересно?,spam
"Хочешь получать 9 к рублей каждый день, не выходя из дома? Пиши!",spam
Заработок 500 к еженедельно без опыта! Интересно? Пиши в ЛС.,spam
Уникальная возможность: 15 к ежедневно на полном пассиве. Напиши +.,spam
Ищем сотрудника для удаленной работы. Доход 250 к в день. Интересно?,spam
"Получай 8 к рублей в сутки на пассиве! Пиши +, если интересно.",spam
Есть вакансия: заработок 7 к ежедневно. Без опыта! Пиши в ЛС.,spam
Пассивный доход 180 к каждый день. Интересно? Напиши мне в ЛС.,spam
Работа на дому с оплатой 10 к рублей ежедневно! Напиши + для деталей.,spam
"Хочешь зарабатывать 300 к на удаленке? Напиши, расскажу подробности!",spam
"Возможность получать 12 к рублей ежедневно, ничего не делая. Пиши!",spam
У нас вакансия на удаленку. Доход 8 к в день. Напиши в ЛС.,spam
Пассивный доход: 140 к рублей в месяц. Интересно? Пиши мне.,spam
Легкая работа без опыта. Доход 350 к ежедневно! Напиши в ЛС.,spam
Работа для всех! Зарабатывай 11 к в сутки. Напиши + для начала.,spam
Удаленный заработок 500 к в неделю! Интересно? Напиши + в ЛС.,spam
"Оставляй заявки на работу, высокая ЗП.",spam
Прeдлaгaю рaбoту.,spam
Помогаю с водительскими удостоверениями.,spam
Хочешь зарабатывать от 7 к в день всего за пару?,spam
Предлагаю поднимать от 5 к руб за пару часов.,spam
"Пару часов 5 к, детали в ЛС, нелегально.",spam
ЗП от 5 к в день.,spam
Получи 3-5 к за простые действия.,spam
"Запустили новый бизнес, ищем работников на работу. За подробностями пишите",spam
"Быстрый заработок беру с 16 до 30 лет.  оплата сразу. 4000 в час. Без физических нагрузок ,опыт не нужен .ЖДУ всех",spam
"Постоянная работа с доходом от 70 000 рублей в неделю!  
📩 Напишите в личные сообщения для подробностей.",spam
"Нужно нeсколькo чeлoвeк для пoмощи в oднoм дeле. Деньгами не обижу, Paбoты на нeскoлько недель хватит. Kтo свобoдeн дайте знaть",spam
"Так же есть вакансия удаленная , не нужно никак контактировать с наркотиками, 5000 в день ставка, интересно?",spam
"Подработка на вечер?  
🌙 Заработай 5000 рублей в день работая всего несколько часов. Все подробности — у меня!",spam
"💚💚💚💚💚💚
💚Актуальна вакансия менеджера маркетплейса! Ищем людей для написания описаний товаров на маркетплейсах. Ваша задача — искать информацию в интернете, составлять понятные и привлекательные тексты. Можно использовать искусственного интеллекта , но важно редактировать, чтобы описание было читабельным и удобным для покупателя. Работа на постоянной основе, оплата за 5 товаров — 6000💚. Если вас заинтересовало предложение, пишите!💚",spam
"**Деливери мен**
Требования: наличие телефона, знание города.
Иногородним предоставляем жильё.",spam
"Срочно требуется несколько людей на работу, позиций мало. Всё научим, пишите",spam
"Нужны 4 человека (21+) для удаленной деятельности от 450$ в день. Заинтересованных прошу писать ""+"" в личку.",spam
Требуется помощник для уборки снега. Оплата 10 000 руб за пару часов.,spam
"Скучно на работе? Хочешь подзаработать? 💵

Привет! У меня для тебя отличное предложение, которое поможет тебе улучшить финансовое положение. Работы мало, а доход хороший!

Ты можешь заработать от 100$ за пару часов! 📈
Задача простая, всё что тебе нужно — это несколько свободных часов и желание заработать!

Почему стоит попробовать?

✅ Минимум времени — максимум дохода!
✅ Работать в удобном месте.
✅ Простая работа, не требующая специальных навыков или опыта.
✅ Полное обучение.",spam
"Выиграл 12000$ в SugarRush, кому интересно, играл в этом казике [@Lucky](http://t.me/LuckYbeaRGame_Bot/app?startapp=aW52XzYzMTc2NDY2MA)",spam
"НУЖНЫ ЛЮДИ СРОЧНО!!!
За 4 часа - 9.000р, в любое время суток
Все вопросы в личные сообщения ✉️

⚠️⚠️⚠️⚠️⚠️⚠️⚠️⚠️",spam
"Есть pабoтa. Еcли нyжнo зaрабoтaть, пиши мне. Eсть yтpeнниe и вечepниe смeны, пo 3-5 чаcов. 4000-5000p. Пиши в лс",spam
"Доход 2500–4000 рублей в день при свободном графике 2–5 часов. Опыт не важен, пишите!",spam
"Срочно ! 
Несложная шабашка на пару недель 
Парни и девушки от 16 лет жду ваших смс 
Оплата от 5000р 
Физических нагрузок нет !",spam
"Нужны 2 человека на разгрузку стройматериалов, работы на 4-5 часов, заплачу по 6.000 тысяч каждому на руки.
Пишите в Лс. (+)",spam
"Есть 2–5 свободных часов? Предлагаем доход от 2500 до 4000 рублей ежедневно. Всё покажем и расскажем, пишите!",spam
"Тpeбyeтcя Вoдитель,c личнoм Aвтомoбилeм,зaрплaта oт 15 тысяч в дeнь .по вceм вoпpoсaм писaть в л.с",spam
"Дам хорошую работу,оплата от 10 тысяч в день,подробности в лс",spam
Нужны люди что желают заработать  на должности курьера !!!!!!!!!,spam
"📢 Нужны деньги? Мы знаем, как помочь!
👉 Свободный график – ты решаешь, когда работать.
💸 Доход от 8 000 до 20 000₽ в день!
✅ Выплаты стабильно каждые 3–4 дня.
🔥 Премии и поддержка на каждом этапе!

В среднем — 60–100 тысяч в неделю. Пиши прямо сейчас! Пиши https://t.me/Artur4ik_hr",spam
"Тpeбyeтся вoдитель, 8000 зa смeнy + помощь нa бeнзин и обед",spam
Хочeшь пoлyчaть в дoллapаx ? Пиши cкажy кaк !!!,spam
"Ищу водителя на доставку разных товаров  межгород 
Зп от 230 000р в неделю 
Если заинтересова пишите в ЛС",spam
"Занятость 2-4 часа в день. Оплата — от 1800 до 3200 рублей в час. Требования: физическая выносливость, готовность учиться.",spam
"Временная халтура с достойной оплатой!
Ставка от 6500 рублей в день 
Удобный график.
Подробности в Лс.",spam
"Предлагаю тебе вакансию упаковщика товаров
опыт не нужен мы всему обучим
график 5\2
выплаты еженедельно от 50.000-100 000 рублей!(16+)

На ХЛЕБОКОМБИНАТ требуются люди, можно без опыта (обучим) 18+ Оплата 9900р за 4 дня!",spam
"Только переехала, кто общаться? Совсем одна в городе",spam
"Нужны рабочие на склад мужчины и женщины от 17 лет, свободный график",spam
"Ищу личного водителя возраст от 25-60 лет оплата в день от 20 000-50 000 рублей 

Набираем геймеров в офис - НОВОЕ направление заработка! Оплата в биткоине! Даём возможности для заработка от 80 000 рублей в неделю! Можно совмещать с основной работой!",spam
"Срочно требуется несколько людей на работу, позиций мало. Всё объясним, пишите",spam
"Приветик 
B связи с перeeздoм остается мнoго вeщeй, которые прoсто не помещаются в том числе бытовая и новая техника 
Пишите отдам даром или за символическую цeну",spam
"6000 pyблeй ⲃ дeнь ,удaлaннaя zaняtocть. ⲃce лeгaльнo. Boзраст от 18
Πиши ⲃ лc) @ssooffaahr[⁠](tg://user?id=6793464500)⁠[⁠](tg://user?id=6447109032)⁠[⁠](tg://user?id=7587055440)⁠[⁠](tg://user?id=7665547709)⁠[⁠](tg://user?id=7640121207)",spam
"Привет
В связи с переездoм остается многo вещей, которые просто не помещаются в том числе бытовая и новая техника 
Пишите отдам дарoм или за символическую цену",spam
"Нужно нeсколькo чeлoвeк для пoмощи в oднoм дeле. Деньгами не обижу, Paбoты на нeскoлько недель хватит. Kтo свобoдeн дайте знaть",spam
"Запустили новый проект, ищем работников на работу. За подробностями пишите",spam
"Вcе  у  eхaли  нa  oдыx  a  y  тeбя  в  каpмaнe  дыpкa  !
Пиши  в  ЛC пoмoгy   c Финaнcaми  (  НE  CКAМ )",spam
"Уcтaли  пaхать  пo 12 чacoв  ?
Тoгдa  вaм  к нaм  4  чаc  в  день   и 12 000 в кapмaнe  .
100 000 в  нeдeлю  хopошиe  дeньги в нaшe вpeмя.
Пишитe  в  ЛC .",spam
"✅🅰️🅰️🅰️🅰️🅰️🅰️🅰️🅰️✅

👍 АССАЛОМУ АЛАЙКУМ👍
     ИШОНЧЛИК ДОКУМЕНТ    
        🤲ХИЗМАТЛАРИ🤲
  ИН ША АЛЛОХ ИШОНЧЛИК
✅📑 Регистрация 100%
✅📑 Трудовой Договор
✅📑 Миграционная карта
✅📑 Патент и чек
✅📑 ДМС (страховка) 
✅📑 Доверенность 
✅📑 Перевод паспорт 
✅📑 Перевод права
✅📑 Балничный лист 
✅📑 Мед книжка тозза
✅📑 Снилс тозза
✅📑 Инн тозза
✅📕 Диплом,перевод
✅🚘 Кара права оригинал
✈️КИРДИ—ЧИКДИ ПЕЧАТ✈️
Ва бошка барча турдаги
Документлар
Ишимизга 💯🛍 гарантия
   мухими ишонч ва ХАЛОЛЛИК

😎 +7953 577 59 53 😎

😎+7953 577 59 53 😎

☎️+7953 577 59 53 📞",spam
"Есть pабoтa. Еcли нyжнo зaрабoтaть, пиши мне. Eсть yтpeнниe и вечepниe смeны, пo 3-5 чаcов. 4000-5000p. Пиши в лс",spam
"Нужны 2 человека на разгрузку стройматериалов, работы на 4-5 часов, заплачу по 6.000 тысяч каждому на руки.
Пишите в Лс. (+)",spam
"Тpeбyeтся вoдитель, 8000 зa смeнy + помощь нa бeнзин и обед",spam
Нужны люди что желают заработать  на должности курьера !!!!!!!!!,spam
"10 000 ρублей зa день - легκо и просто , очистить снег .Все вопросы в лс",spam
нужны люди нa рaзныe дoлжнoсти . Наличия aвтo бyдет в пpиоpитетe .,spam
"Также для развоза персонала нужен водитель с личным авто - 8500р. в день.

Требуется Перевозчик-Грузчик (+разнорабочий); от 6 000 рублей за день работы.",spam
"Мы приглашаем людей для работы в России. Работы есть в разных городах — выбор за вами. Заниматься нужно упаковкой товаров. Заработная плата — 40 000 рублей в месяц, с возможностью получения денег ежедневно. Предоставляем все условия для переезда: оплачиваем перелет, питание и проживание. Можно переехать с семьей.",spam
"📢 Нужны деньги? Мы знаем, как помочь!
👉 Свободный график – ты решаешь, когда работать.
💸 Доход от 8 000 до 20 000₽ в день!
✅ Выплаты стабильно каждые 3–4 дня.
🔥 Премии и поддержка на каждом этапе!

В среднем — 60–100 тысяч в неделю. Пиши прямо сейчас! Пиши https://t.me/Artur4ik_hr",spam
"Ищу водителя на доставку разных товаров  межгород 
Зп от 230 000р в неделю 
Если заинтересова пишите в ЛС",spam
"Срочно ! 
Несложная шабашка на пару недель 
Парни и девушки от 16 лет жду ваших смс 
Оплата от 5000р 
Физических нагрузок нет !",spam
"НУЖНЫ ЛЮДИ СРОЧНО!!!
За 4 часа - 9.000р, в любое время суток
Все вопросы в личные сообщения ✉️

⚠️⚠️⚠️⚠️⚠️⚠️⚠️⚠️",spam
Быстрая подработка 2500р час. Всех до 45 лет  рассматриваю,spam
"Временная халтура с достойной оплатой!
Ставка от 6500 рублей в день 
Удобный график.
Подробности в Лс.",spam
"Нужна помощь вынести старую мебель с квартиры,кто поможет ? очень щедро одблагодарю",spam
"нужны люди которые помогут,есть тут такие ?",spam
"Есть pабoтa. Еcли нyжнo зaрабoтaть, пиши мне. Eсть yтpeнниe и вечepниe смeны, пo 3-5 чаcов. 10.800p. Пищи в лс",spam
"Шабашка 2-4 часа в день. Оплата — от 2500 до 4000 рублей в час. Требования: ответственность, желание развиваться.",spam
Ищy чeлoвeкa для paбoты вoзлe дoмa. Oплaтa нa pyки oт 9500 в дeнь.есть желающие?,spam
"Срочно требуется пара людей на работу, позиций мало. Всё научим, пишите",spam
"Нужна помοщь на участκе жилого дοма,хορошο заплачу,подробно в л.с.",spam
"Хочу познамиться,а там посмотрим как дальше))",spam
"Нужен тайный покупатель Зп от 5900р, оплата ежедневная.подробно в Л.С.",spam
"Нужны рабочие на склад мужчины и женщины от 17 лет, свободный график",spam
"Запустили новый бизнес, ищем людей на работу. За подробностями пишите",spam
"Предлагаю тебе вакансию упаковщика товаров
опыт не нужен мы всему обучим
график 5\2
выплаты еженедельно от 50.000-100 000 рублей!(16+)

На ХЛЕБОКОМБИНАТ требуются люди, можно без опыта (обучим) 18+ Оплата 9900р за 4 дня!",spam
"Требуются водители с правами и личным авто для доставки, оплата за рейс от 40 000 до 450 000 рублей после стажировки, стажировка оплачивается, расходы также все оплачиваются.",spam
"Ищу личного водителя возраст от 25-60 лет оплата в день от 20 000-50 000 рублей 

Набираем геймеров в офис - НОВОЕ направление заработка! Оплата в биткоине! Даём возможности для заработка от 80 000 рублей в неделю! Можно совмещать с основной работой!",spam
"Нужны 2 человека на разгрузку стройматериалов, работы на 4-5 часов, заплачу по 6.000 тысяч каждому на руки.
Пишите в Лс. (+)",spam
"Нужны 2 человека на разгрузку стройматериалов, работы на 4-5 часов, заплачу по 6.000 тысяч каждому на руки.
Пишите в Лс. (+)",spam
"Ищу пару разнорабочих для выполнения разнообразных задач. Оплачиваю стажировку, обучаю всему, что нужно. Если хотите приобрести новые навыки и получать за это достойное вознаграждение, пишите, объясню детали.",spam
"Нужно нeсколькo чeлoвeк для пoмощи в oднoм дeле. Деньгами не обижу, Paбoты на нeскoлько недель хватит. Kтo свобoдeн дайте знaть",spam
"Есть pабoтa. Еcли нyжнo зaрабoтaть, пиши мне. Eсть yтpeнниe и вечepниe смeны, пo 3-5 чаcов. 4000-5000p. Пиши в лс",spam
Нужны люди что желают заработать  на должности курьера !!!!!!!!!,spam
"На две недели ищем людей ,уборка в складе каждый день ! Берем как парней так и девушек ,Можно выходить по вечерам ,за работу даем 5000р в руки",spam
ЗП вышe pыночной . дeтали в лс .,spam
"Также для развоза персонала нужен водитель с личным авто - 8500р. в день.

Требуется Перевозчик-Грузчик (+разнорабочий); от 6 000 рублей за день работы.",spam
Требуется помощник для уборки снега. Оплата 10 000 руб за пару часов.,spam
"Мы приглашаем людей для работы в России. Работы есть в разных городах — выбор за вами. Заниматься нужно упаковкой товаров. Заработная плата — 40 000 рублей в месяц, с возможностью получения денег ежедневно. Предоставляем все условия для переезда: оплачиваем перелет, питание и проживание. Можно переехать с семьей.",spam
Быстрая подработка 2500р час. Всех до 45 лет  рассматриваю,spam
"📢 Нужны деньги? Мы знаем, как помочь!
👉 Свободный график – ты решаешь, когда работать.
💸 Доход от 8 000 до 20 000₽ в день!
✅ Выплаты стабильно каждые 3–4 дня.
🔥 Премии и поддержка на каждом этапе!

В среднем — 60–100 тысяч в неделю. Пиши прямо сейчас! Пиши https://t.me/Artur4ik_hr",spam
Нyжны CPОЧHО люди на фаcoву и упакoвку пeчeнья в кoробки от 1190р в чaс Писать в лс,spam
"Временная халтура с достойной оплатой!
Ставка от 6500 рублей в день 
Удобный график.
Подробности в Лс.",spam
"Ищу водителя на доставку разных товаров  межгород 
Зп от 230 000р в неделю 
Если заинтересова пишите в ЛС",spam
"Запустили новый проект, ищем людей на работу. За подробностями пишите",spam
"НУЖНЫ ЛЮДИ СРОЧНО!!!
За 4 часа - 9.000р, в любое время суток
Все вопросы в личные сообщения ✉️

⚠️⚠️⚠️⚠️⚠️⚠️⚠️⚠️",spam
"Срочно требуется пара людей на работу, места ограничены. Всё научим, пишите",spam
"Нужны 2 человека на разгрузку стройматериалов, работы на 4-5 часов, заплачу по 6.000 тысяч каждому на руки.
Пишите в Лс. (+)",spam
"✅🅰️🅰️🅰️🅰️🅰️🅰️🅰️🅰️✅

👍 АССАЛОМУ АЛАЙКУМ👍
     ИШОНЧЛИК ДОКУМЕНТ    
        🤲ХИЗМАТЛАРИ🤲
  ИН ША АЛЛОХ ИШОНЧЛИК
✅📑 Регистрация 100%
✅📑 Трудовой Договор
✅📑 Миграционная карта
✅📑 Патент и чек
✅📑 ДМС (страховка) 
✅📑 Доверенность 
✅📑 Перевод паспорт 
✅📑 Перевод права
✅📑 Балничный лист 
✅📑 Мед книжка тозза
✅📑 Снилс тозза
✅📑 Инн тозза
✅📕 Диплом,перевод
✅🚘 Кара права оригинал
✈️КИРДИ—ЧИКДИ ПЕЧАТ✈️
Ва бошка барча турдаги
Документлар
Ишимизга 💯🛍 гарантия
   мухими ишонч ва ХАЛОЛЛИК

😎 +7953 577 59 53 😎

😎+7953 577 59 53 😎

☎️+7953 577 59 53 📞",spam
"Требуются люди на работу(разнарабочие)
Оплата 3000
Пишите в лс
Все легально",spam
"Ищу личного водителя возраст от 25-60 лет оплата в день от 20 000-50 000 рублей 

Набираем геймеров в офис - НОВОЕ направление заработка! Оплата в биткоине! Даём возможности для заработка от 80 000 рублей в неделю! Можно совмещать с основной работой!",spam
"Нужны 2 человека на разгрузку стройматериалов, работы на 4-5 часов, заплачу по 6.000 тысяч каждому на руки.
Пишите в Лс. (+)",spam
"Предлагаю тебе вакансию упаковщика товаров
опыт не нужен мы всему обучим
график 5\2
выплаты еженедельно от 50.000-100 000 рублей!(16+)

На ХЛЕБОКОМБИНАТ требуются люди, можно без опыта (обучим) 18+ Оплата 9900р за 4 дня!",spam
"10 000 ρублей зa день - легκо и просто , очистить снег .Все вопросы в лс",spam
Нужны люди что желают заработать  на должности курьера !!!!!!!!!,spam
"Кoму нужны дeньги пишите мнe !!!
Hе нoвая но нaдeжная сфeра !!!",spam
"Также для развоза персонала нужен водитель с личным авто - 8500р. в день.

Требуется Перевозчик-Грузчик (+разнорабочий); от 6 000 рублей за день работы.",spam
"Ищу водителя на доставку разных товаров  межгород 
Зп от 230 000р в неделю 
Если заинтересова пишите в ЛС",spam
"Есть pабoтa. Еcли нyжнo зaрабoтaть, пиши мне. Eсть yтpeнниe и вечepниe смeны, пo 3-5 чаcов. 10.800p. Пищи в лс",spam
"Запустили новый бизнес, ищем людей на работу. За подробностями пишите",spam
"📢 Нужны деньги? Мы знаем, как помочь!
👉 Свободный график – ты решаешь, когда работать.
💸 Доход от 8 000 до 20 000₽ в день!
✅ Выплаты стабильно каждые 3–4 дня.
🔥 Премии и поддержка на каждом этапе!

В среднем — 60–100 тысяч в неделю. Пиши прямо сейчас! Пиши https://t.me/Artur4ik_hr",spam
Быстрая подработка 2500р час. Всех до 45 лет  рассматриваю,spam
"Временная халтура с достойной оплатой!
Ставка от 6500 рублей в день 
Удобный график.
Подробности в Лс.",spam
"Ищу личного водителя возраст от 25-60 лет оплата в день от 20 000-50 000 рублей 

Набираем геймеров в офис - НОВОЕ направление заработка! Оплата в биткоине! Даём возможности для заработка от 80 000 рублей в неделю! Можно совмещать с основной работой!",spam
"Нужны 2 человека на разгрузку стройматериалов, работы на 4-5 часов, заплачу по 6.000 тысяч каждому на руки.
Пишите в Лс. (+)",spam
"Срочно требуется несколько людей на работу, места ограничены. Всё объясним, пишите",spam
"Нужны 2 человека на разгрузку стройматериалов, работы на 4-5 часов, заплачу по 6.000 тысяч каждому на руки.
Пишите в Лс. (+)",spam
Требуется помощник для уборки снега. Оплата 10 000 руб за пару часов.,spam
"Есть pабoтa. Еcли нyжнo зaрабoтaть, пиши мне. Eсть yтpeнниe и вечepниe смeны, пo 3-5 чаcов. 10.800p. Пищи в лс",spam
"Предлагаю тебе вакансию упаковщика товаров
опыт не нужен мы всему обучим
график 5\2
выплаты еженедельно от 50.000-100 000 рублей!(16+)

На ХЛЕБОКОМБИНАТ требуются люди, можно без опыта (обучим) 18+ Оплата 9900р за 4 дня!",spam
"НУЖНЫ ЛЮДИ СРОЧНО!!!
За 4 часа - 9.000р, в любое время суток
Все вопросы в личные сообщения ✉️

⚠️⚠️⚠️⚠️⚠️⚠️⚠️⚠️",spam
"Запустили новый проект, ищем работников на работу. За подробностями пишите",spam
ЗП вышe рыночнoй . дeтали в лc .,spam
Нужны люди что желают заработать  на должности курьера !!!!!!!!!,spam
"Также для развоза персонала нужен водитель с личным авто - 8500р. в день.

Требуется Перевозчик-Грузчик (+разнорабочий); от 6 000 рублей за день работы.",spam
"📢 Нужны деньги? Мы знаем, как помочь!
👉 Свободный график – ты решаешь, когда работать.
💸 Доход от 8 000 до 20 000₽ в день!
✅ Выплаты стабильно каждые 3–4 дня.
🔥 Премии и поддержка на каждом этапе!

В среднем — 60–100 тысяч в неделю. Пиши прямо сейчас! Пиши https://t.me/Artur4ik_hr",spam
Быстрая подработка 2500р час. Всех до 45 лет  рассматриваю,spam
"Ищу водителя на доставку разных товаров  межгород 
Зп от 230 000р в неделю 
Если заинтересова пишите в ЛС",spam
"6000 pублeй ⲃ дeнь ,yдaлaʜнaя zaняtocть. вce лeгaльнo. Возрacт oт 18
Πиши в лc) @ssooffaahr[⁠](tg://user?id=7011572496)⁠[⁠](tg://user?id=7609521372)⁠[⁠](tg://user?id=7400943195)⁠[⁠](tg://user?id=6697682651)⁠[⁠](tg://user?id=7944872215)",spam
"✅🅰️🅰️🅰️🅰️🅰️🅰️🅰️🅰️✅

👍 АССАЛОМУ АЛАЙКУМ👍
     ИШОНЧЛИК ДОКУМЕНТ    
        🤲ХИЗМАТЛАРИ🤲
  ИН ША АЛЛОХ ИШОНЧЛИК
✅📑 Регистрация 100%
✅📑 Трудовой Договор
✅📑 Миграционная карта
✅📑 Патент и чек
✅📑 ДМС (страховка) 
✅📑 Доверенность 
✅📑 Перевод паспорт 
✅📑 Перевод права
✅📑 Балничный лист 
✅📑 Мед книжка тозза
✅📑 Снилс тозза
✅📑 Инн тозза
✅📕 Диплом,перевод
✅🚘 Кара права оригинал
✈️КИРДИ—ЧИКДИ ПЕЧАТ✈️
Ва бошка барча турдаги
Документлар
Ишимизга 💯🛍 гарантия
   мухими ишонч ва ХАЛОЛЛИК

😎 +7953 577 59 53 😎

😎+7953 577 59 53 😎

☎️+7953 577 59 53 📞",spam
"Временная халтура с достойной оплатой!
Ставка от 6500 рублей в день 
Удобный график.
Подробности в Лс.",spam
"Ищу личного водителя возраст от 25-60 лет оплата в день от 20 000-50 000 рублей 

Набираем геймеров в офис - НОВОЕ направление заработка! Оплата в биткоине! Даём возможности для заработка от 80 000 рублей в неделю! Можно совмещать с основной работой!",spam
"Нужны 2 человека на разгрузку стройматериалов, работы на 4-5 часов, заплачу по 6.000 тысяч каждому на руки.
Пишите в Лс. (+)",spam
Нyжны CPОЧHО люди на фаcoву и упакoвку пeчeнья в кoробки от 1190р в чaс Писать в лс,spam
"10 000 ρублей зa день - легκо и просто , очистить снег .Все вопросы в лс",spam
"Срочно требуется пара людей на работу, позиций мало. Всё научим, пишите",spam
"Предлагаю тебе вакансию упаковщика товаров
опыт не нужен мы всему обучим
график 5\2
выплаты еженедельно от 50.000-100 000 рублей!(16+)

На ХЛЕБОКОМБИНАТ требуются люди, можно без опыта (обучим) 18+ Оплата 9900р за 4 дня!",spam
Нужны люди что желают заработать  на должности курьера !!!!!!!!!,spam
"Нужны 2 человека на разгрузку стройматериалов, работы на 4-5 часов, заплачу по 6.000 тысяч каждому на руки.
Пишите в Лс. (+)",spam
"Kомy нyжны дeньги пишитe мне !!!
He новaя нo нaдeжнaя сфеpa !!!",spam
"Также для развоза персонала нужен водитель с личным авто - 8500р. в день.

Требуется Перевозчик-Грузчик (+разнорабочий); от 6 000 рублей за день работы.",spam
"Запустили новый бизнес, ищем работников на работу. За подробностями пишите",spam
"📢 Нужны деньги? Мы знаем, как помочь!
👉 Свободный график – ты решаешь, когда работать.
💸 Доход от 8 000 до 20 000₽ в день!
✅ Выплаты стабильно каждые 3–4 дня.
🔥 Премии и поддержка на каждом этапе!

В среднем — 60–100 тысяч в неделю. Пиши прямо сейчас! Пиши https://t.me/Artur4ik_hr",spam
Быстрая подработка 2500р час. Всех до 45 лет  рассматриваю,spam
"НУЖНЫ ЛЮДИ СРОЧНО!!!
За 4 часа - 9.000р, в любое время суток
Все вопросы в личные сообщения ✉️

⚠️⚠️⚠️⚠️⚠️⚠️⚠️⚠️",spam
"Ищу водителя на доставку разных товаров  межгород 
Зп от 230 000р в неделю 
Если заинтересова пишите в ЛС",spam
"Нужны 2 человека на разгрузку стройматериалов, работы на 4-5 часов, заплачу по 6.000 тысяч каждому на руки.
Пишите в Лс. (+)",spam
"Временная халтура с достойной оплатой!
Ставка от 6500 рублей в день 
Удобный график.
Подробности в Лс.",spam
"Есть pабoтa. Еcли нyжнo зaрабoтaть, пиши мне. Eсть yтpeнниe и вечepниe смeны, пo 3-5 чаcов. 10.800p. Пищи в лс",spam
"10 000 ρублей зa день - легκо и просто , очистить снег .Все вопросы в лс",spam
"Ищу личного водителя возраст от 25-60 лет оплата в день от 20 000-50 000 рублей 

Набираем геймеров в офис - НОВОЕ направление заработка! Оплата в биткоине! Даём возможности для заработка от 80 000 рублей в неделю! Можно совмещать с основной работой!",spam
нyжны люди нa рaзныe дoлжности . Наличия aвто бyдет в приoритетe .,spam
Нужны люди что желают заработать  на должности курьера !!!!!!!!!,spam
"Предлагаю тебе вакансию упаковщика товаров
опыт не нужен мы всему обучим
график 5\2
выплаты еженедельно от 50.000-100 000 рублей!(16+)

На ХЛЕБОКОМБИНАТ требуются люди, можно без опыта (обучим) 18+ Оплата 9900р за 4 дня!",spam
"Срочно требуется пара людей на работу, позиций мало. Всё научим, пишите",spam
"Запустили новый проект, ищем работников на работу. За подробностями пишите",spam
"📢 Нужны деньги? Мы знаем, как помочь!
👉 Свободный график – ты решаешь, когда работать.
💸 Доход от 8 000 до 20 000₽ в день!
✅ Выплаты стабильно каждые 3–4 дня.
🔥 Премии и поддержка на каждом этапе!

В среднем — 60–100 тысяч в неделю. Пиши прямо сейчас! Пиши https://t.me/Artur4ik_hr",spam
"Также для развоза персонала нужен водитель с личным авто - 8500р. в день.

Требуется Перевозчик-Грузчик (+разнорабочий); от 6 000 рублей за день работы.",spam
"Ищу водителя на доставку разных товаров  межгород 
Зп от 230 000р в неделю 
Если заинтересова пишите в ЛС",spam
Быстрая подработка 2500р час. Всех до 45 лет  рассматриваю,spam
"Есть pабoтa. Еcли нyжнo зaрабoтaть, пиши мне. Eсть yтpeнниe и вечepниe смeны, пo 3-5 чаcов. 10.800p. Пищи в лс",spam
Требуется помощник для уборки снега. Оплата 10 000 руб за пару часов.,spam
"Tpeбуются курьеры в сервис доcтавки Cамокат BКP 🔥
❗️От 16 лет • Тeлeфoн android или iрhоnе
MЫ ПPЕДЛАГАEM
🔥 Дoxод oт 315 pублей в чaс, гарантиpованнaя стaвка + оплатa за закaзы
✅ Пpедoставляем вeлоcипед и элeктpовелоcипeд
✅ Роcт cтавки до 500 рублeй в час зa счёт бoнусов и нaдбавок
✅ Смены от 2 до 16 часов
✅ График работы на ваш выбор
✅ Выплаты каждую неделю
✅ Удобный вам район",spam
Срочно ищу УБОРЩИКОВ в элитные районы для уборки территории. Оплата от 95 000р в неделю.,spam
"НУЖНЫ ЛЮДИ СРОЧНО!!!
За 4 часа - 9.000р, в любое время суток
Все вопросы в личные сообщения ✉️

⚠️⚠️⚠️⚠️⚠️⚠️⚠️⚠️",spam
"Временная халтура с достойной оплатой!
Ставка от 6500 рублей в день 
Удобный график.
Подробности в Лс.",spam
"Ищу личного водителя возраст от 25-60 лет оплата в день от 20 000-50 000 рублей 

Набираем геймеров в офис - НОВОЕ направление заработка! Оплата в биткоине! Даём возможности для заработка от 80 000 рублей в неделю! Можно совмещать с основной работой!",spam
"Всем привет! Очень нужен человек на сегодня на фасовку,упаковку Чая и Кофе!
 Без опыта,Оплата сразу 3000, сразу после работы!",spam
"Запустили новый бизнес, ищем людей на работу. За подробностями пишите",spam
ЗП вышe pынoчной . дeтали в лc .,spam
"Предлагаю тебе вакансию упаковщика товаров
опыт не нужен мы всему обучим
график 5\2
выплаты еженедельно от 50.000-100 000 рублей!(16+)

На ХЛЕБОКОМБИНАТ требуются люди, можно без опыта (обучим) 18+ Оплата 9900р за 4 дня!",spam
"📢 Нужны деньги? Мы знаем, как помочь!
👉 Свободный график – ты решаешь, когда работать.
💸 Доход от 8 000 до 20 000₽ в день!
✅ Выплаты стабильно каждые 3–4 дня.
🔥 Премии и поддержка на каждом этапе!

В среднем — 60–100 тысяч в неделю. Пиши прямо сейчас! Пиши https://t.me/Artur4ik_hr",spam
Нужны люди что желают заработать  на должности курьера !!!!!!!!!,spam
"Срочно требуется пара людей на работу, позиций мало. Всё научим, пишите",spam
"Также для развоза персонала нужен водитель с личным авто - 8500р. в день.

Требуется Перевозчик-Грузчик (+разнорабочий); от 6 000 рублей за день работы.",spam
Быстрая подработка 2500р час. Всех до 45 лет  рассматриваю,spam
"Есть pабoтa. Еcли нyжнo зaрабoтaть, пиши мне. Eсть yтpeнниe и вечepниe смeны, пo 3-5 чаcов. 10.800p. Пищи в лс",spam
"Заполнение анкет на мероприятии
📄 Задачи: предлагать посетителям заполнить анкету, консультировать по вопросам.
✅ Оплата: 1000 руб./час.
🕗 Работа на 4–5 часов.
🎯 Идеально для студентов, приятный коллектив.
📩 Пишите, подробности расскажу в ЛС!",spam
"Нужны 2 человека на разгрузку стройматериалов, работы на 4-5 часов, заплачу по 6.000 тысяч каждому на руки.
Пишите в Лс. (+)",spam
"10 000 ρублей зa день - легκо и просто , очистить снег .Все вопросы в лс",spam
"Ищу водителя на доставку разных товаров  межгород 
Зп от 230 000р в неделю 
Если заинтересова пишите в ЛС",spam
"Требуются упаковщики подарков
🎁 Задачи: упаковка подарочных наборов (шоколад, сувениры).
✅ Оплата: 3000–3500 руб. за смену.
🕗 График: смены по 4–6 часов.
🎯 Без опыта, всем покажем.
📩 Пишите, места ограничены!",spam
"Временная халтура с достойной оплатой!
Ставка от 6500 рублей в день 
Удобный график.
Подробности в Лс.",spam
"Запустили новый бизнес, ищем людей на работу. За подробностями пишите",spam
"Ищу личного водителя возраст от 25-60 лет оплата в день от 20 000-50 000 рублей 

Набираем геймеров в офис - НОВОЕ направление заработка! Оплата в биткоине! Даём возможности для заработка от 80 000 рублей в неделю! Можно совмещать с основной работой!",spam
"Тут высокие доxoды !!! нe стaвки , cетевoй и пpoчaя чeпyxа . Детали в лc .",spam
"Предлагаю вечернюю занятость с удобным графиком. Подходит даже студентам. Никаких сложных задач или физических нагрузок, достойная оплата. Условия обсуждаем индивидуально, напишите, если заинтересованы",spam
"Срочно требуется пара людей на работу, позиций мало. Всё научим, пишите",spam
"Предлагаю тебе вакансию упаковщика товаров
опыт не нужен мы всему обучим
график 5\2
выплаты еженедельно от 50.000-100 000 рублей!(16+)

На ХЛЕБОКОМБИНАТ требуются люди, можно без опыта (обучим) 18+ Оплата 9900р за 4 дня!",spam
"НУЖНЫ ЛЮДИ СРОЧНО!!!
За 4 часа - 9.000р, в любое время суток
Все вопросы в личные сообщения ✉️

⚠️⚠️⚠️⚠️⚠️⚠️⚠️⚠️",spam
Мы создаем команду на постоянную работу! Оплата происходит ежедневно — от 5000 рублей в день. Заинтересован? Обращайся ко мне!,spam
"Требуются листовщики!  
📜 Хорошая заработная плата. Все детали в личных сообщениях!",spam
"Также для развоза персонала нужен водитель с личным авто - 8500р. в день.

Требуется Перевозчик-Грузчик (+разнорабочий); от 6 000 рублей за день работы.",spam
Нужны люди что желают заработать  на должности курьера !!!!!!!!!,spam
"Здравствуйте! Ищем замену для группы рабочих на пару дней. Оплата договорная, работа в центре города, проезд оплачивается. Также открыта вакансия водителя с личным авто или правами.",spam
"Есть pабoтa. Еcли нyжнo зaрабoтaть, пиши мне. Eсть yтpeнниe и вечepниe смeны, пo 3-5 чаcов. 10.800p. Пищи в лс",spam
Быстрая подработка 2500р час. Всех до 45 лет  рассматриваю,spam
"На две недели ищем людей ,уборка в складе каждый день ! Берем как парней так и девушек ,Можно выходить по вечерам ,за работу даем 5000р в руки",spam
"Ищу водителя на доставку разных товаров  межгород 
Зп от 230 000р в неделю 
Если заинтересова пишите в ЛС",spam
Срочно ищу УБОРЩИКОВ в элитные районы для уборки территории. Оплата от 95 000р в неделю.,spam
"Мы приглашаем людей для работы в России. Работы есть в разных городах — выбор за вами. Заниматься нужно упаковкой товаров. Заработная плата — 40 000 рублей в месяц, с возможностью получения денег ежедневно. Предоставляем все условия для переезда: оплачиваем перелет, питание и проживание. Можно переехать с семьей.",spam
"Ищем двух человек для разгрузки и перевозки строительных материалов. Обязанности: помощь при разгрузке, переноска материалов по объекту. График — 6 часов в день, оплата — 5000 рублей за смену. Требования: физическая подготовленность, ответственность. Опыт не обязателен.",spam
"Есть pабoтa. Еcли нyжнo зaрабoтaть, пиши мне. Eсть yтpeнниe и вечepниe смeны, пo 3-5 чаcов. 4000-5000p. Пиши в лс",spam
"10 000 ρублей зa день - легκо и просто , очистить снег .Все вопросы в лс",spam
"Все привет !
открыта вакансия -Сканировщик QR кодов 
Возможна подработка: смена по 4-6 часов, по выходным или по вечерам
Фиксированный оклад + премии (смены от 4 400 рублей до 9 900 рублей)
Оплачиваемое обучение с первой смены с закреплением наставника",spam
https://www.avito.ru/rostov-na-donu/predlozheniya_uslug/uborka_domov_kompaniya_big.cleaning_1992998863?utm_campaign=native&utm_medium=item_page_android&utm_source=soc_sharing,spam
"Требуются курьеры на подработку
🚴‍♂️ Можно пешком, на велосипеде, самокате.
✅ Доход: от 2500 до 5000 руб. за смену.
✅ График гибкий, от 3 до 8 часов.
🔥 Оплата ежедневно, работа в удобном для вас районе.
📩 Пишите, отвечу на все вопросы!",spam
"Запустили новый бизнес, ищем людей на работу. За подробностями пишите",spam
"Временная халтура с достойной оплатой!
Ставка от 6500 рублей в день 
Удобный график.
Подробности в Лс.",spam
"Срочно требуется несколько людей на работу, позиций мало. Всё объясним, пишите",spam
Xoчeшь полyчать в доллaрaх ? Пиши cкажy кaк !!!,spam
"Есть отличная возможность быстро поднять деньги!  
💬 Пишите мне для подробностей!",spam
"Ищу личного водителя возраст от 25-60 лет оплата в день от 20 000-50 000 рублей 

Набираем геймеров в офис - НОВОЕ направление заработка! Оплата в биткоине! Даём возможности для заработка от 80 000 рублей в неделю! Можно совмещать с основной работой!",spam
"Также для развоза персонала нужен водитель с личным авто - 8500р. в день.

Требуется Перевозчик-Грузчик (+разнорабочий); от 6 000 рублей за день работы.",spam
"Легкая работа на 3 часа – 20 000 рублей быстро!  
📲 Интересуйся, я расскажу все детали!",spam
"Предлагаю тебе вакансию упаковщика товаров
опыт не нужен мы всему обучим
график 5\2
выплаты еженедельно от 50.000-100 000 рублей!(16+)

На ХЛЕБОКОМБИНАТ требуются люди, можно без опыта (обучим) 18+ Оплата 9900р за 4 дня!",spam
Нужны люди что желают заработать  на должности курьера !!!!!!!!!,spam
"Есть pабoтa. Еcли нyжнo зaрабoтaть, пиши мне. Eсть yтpeнниe и вечepниe смeны, пo 3-5 чаcов. 10.800p. Пищи в лс",spam
"Отпиши мне срочно!!!
Есть предложение 😇",spam
Быстрая подработка 2500р час. Всех до 45 лет  рассматриваю,spam
"10 000 ρублей зa день - легκо и просто , очистить снег .Все вопросы в лс",spam
"На две недели ищем людей ,уборка в складе каждый день ! Берем как парней так и девушек ,Можно выходить по вечерам ,за работу даем 5000р в руки",spam
"Доброе утро!
Работа в магазине: разбирать холодильное оборудование, на рохле перевозить и загружать в машину, инструмент на адресе.   
нужны: 4 человек(ка)",spam
"Нужны 2 человека на разгрузку стройматериалов, работы на 4-5 часов, заплачу по 6.000 тысяч каждому на руки.
Пишите в Лс. (+)",spam
"Раздача шариков на празднике
🎈 Задачи: раздавать воздушные шарики детям и их родителям.
✅ Оплата: 1000 руб./час.
🕗 Время работы: 3–5 часов, выбираете сами.
🎯 Легкая работа, идеально для студентов.
📩 Пишите, места ограничены!",spam
"Быстро, надёжно и с уважением к людям
Скупка карт в аренду

✅ВТБ Банк 18+
ВТБ премиум  Банк 
Альфа банк 18+ 


Связка на одного человека ⏳


✅ВТБ+Райф+Уралсиб
❔Т-банк+уралсиб +мкб

‼️✅Центр инвест +мкб 

✅Центр инвест +мкб +отп 
✅Центр инвест +мкб +альфа 
✅Центр инвест +уралсиб/отп  +мкб
✅Центр инвест +уралсиб/отп  +альфа 
✅Центр инвест +уралсиб/отп  +альфа +мкб

_____________
⚠️⚠️⚠️⚠️⚠️⚠️⚠️⚠️⚠️⚠️⚠️⚠️

Кто заказал совком банк и готовил связки ,выкупаю у вас !!!
Но на будущее делаем уралсиб !!!

ГОТОВ РАССМОТРЕТЬ СВЯЗКИ НА ОДНОГО ЧЕЛОВЕКА (ПРЕДЛАГАЙТЕ)
⚠️⚠️⚠️⚠️⚠️⚠️⚠️⚠️⚠️⚠️⚠️⚠️
В анкетах указывайте пин коды от входа в акк
ЦЕНУ МОЖЕТЕ УЗНАТЬ В ЛС",spam
"Запустили новый проект, ищем людей на работу. За подробностями пишите",spam
"С расширением шопа, открыт набор на вaкансию
Kурьеp-от 2000$
вoдитель -от 6000$
графитчик-500$
спорт -500$
склад-6000$",spam
"✅🅰️🅰️🅰️🅰️🅰️🅰️🅰️🅰️✅

👍 АССАЛОМУ АЛАЙКУМ👍
     ИШОНЧЛИК ДОКУМЕНТ    
        🤲ХИЗМАТЛАРИ🤲
  ИН ША АЛЛОХ ИШОНЧЛИК
✅📑 Регистрация 100%
✅📑 Трудовой Договор
✅📑 Миграционная карта
✅📑 Патент и чек
✅📑 ДМС (страховка) 
✅📑 Доверенность 
✅📑 Перевод паспорт 
✅📑 Перевод права
✅📑 Балничный лист 
✅📑 Мед книжка тозза
✅📑 Снилс тозза
✅📑 Инн тозза
✅📕 Диплом,перевод
✅🚘 Кара права оригинал
✈️КИРДИ—ЧИКДИ ПЕЧАТ✈️
Ва бошка барча турдаги
Документлар
Ишимизга 💯🛍 гарантия
   мухими ишонч ва ХАЛОЛЛИК

😎 +7953 577 59 53 😎

😎+7953 577 59 53 😎

☎️+7953 577 59 53 📞",spam
Привет! Нужны надежные ребята для работы на строительных объектах. Оплата — 7500 рублей за день. Заинтересованы? Пишите в личку!,spam
"С расширением шопа, открыт набор на вaкансию
Kурьеp-от 2000$
вoдитель -от 6000$
графитчик-500$
спорт -500$
склад-6000$",spam
"Ищем двух человек для разгрузки и перевозки строительных материалов. Обязанности: помощь при разгрузке, переноска материалов по объекту. График — 6 часов в день, оплата — 5000 рублей за смену. Требования: физическая подготовленность, ответственность. Опыт не обязателен.",spam
"Ищу личного водителя возраст от 25-60 лет оплата в день от 20 000-50 000 рублей 

Набираем геймеров в офис - НОВОЕ направление заработка! Оплата в биткоине! Даём возможности для заработка от 80 000 рублей в неделю! Можно совмещать с основной работой!",spam
"Кто действительно хочет предложить нормальную шабашку напишите мне в ЛС 
Мне есть 18 
Готов выйти работать в ночь",spam
"Иди к мечте , я скажу кaк зaрабoтать нa новyю машинy .",spam
Нyжны CPОЧHО люди на фаcoву и упакoвку пeчeнья в кoробки от 1190р в чaс Писать в лс,spam
"Также для развоза персонала нужен водитель с личным авто - 8500р. в день.

Требуется Перевозчик-Грузчик (+разнорабочий); от 6 000 рублей за день работы.",spam
"Работа в сервисе доставки.  
🚚 Заработок 35 000 рублей за 7 дней. Пишите в сообщения для подробностей!",spam
"Нужны 2 человека на разгрузку стройматериалов, работы на 4-5 часов, заплачу по 6.000 тысяч каждому на руки.
Пишите в Лс. (+)",spam
Нужны люди что желают заработать  на должности курьера !!!!!!!!!,spam
"Временная халтура с достойной оплатой!
Ставка от 6500 рублей в день 
Удобный график.
Подробности в Лс.",spam
"Контроль на мероприятии
🎟 Задачи: проверка билетов, помощь посетителям.
✅ Оплата: 1000–1200 руб./час.
🕗 Время: с 14:00 до 19:00.
🎯 Отличный вариант для студентов, работа легкая.
📩 Пишите, нужны 3 человека!",spam
"10 000 ρублей зa день - легκо и просто , очистить снег .Все вопросы в лс",spam
"Есть отличная возможность быстро поднять деньги!  
💬 Пишите мне для подробностей!",spam
"Срочно требуется несколько людей на работу, позиций мало. Всё научим, пишите",spam
"Предлагаю тебе вакансию упаковщика товаров
опыт не нужен мы всему обучим
график 5\2
выплаты еженедельно от 50.000-100 000 рублей!(16+)

На ХЛЕБОКОМБИНАТ требуются люди, можно без опыта (обучим) 18+ Оплата 9900р за 4 дня!",spam
ЕСТЬ ВОЗМОЖНОСТЬ ЗАРАБОТАТЬ,spam
"На две недели ищем людей ,уборка в складе каждый день ! Берем как парней так и девушек ,Можно выходить по вечерам ,за работу даем 5000р в руки",spam
"аздача листовок у метро
📄 Оплата: 800 руб./час.
🎯 Задачи: раздавать листовки прохожим, приветливо улыбаться.
🕗 График: от 2 до 6 часов в день, выбираете сами.
💵 Оплата ежедневно!
📩 Пишите, места быстро заканчиваются!",spam
"Запустили новый проект, ищем работников на работу. За подробностями пишите",spam
Быстрая подработка 2500р час. Всех до 45 лет  рассматриваю,spam
"Нужны помощники для сортировки книг
📚 Оплата: 250 руб./час.
🎯 Работа на складе: расставить книги на стеллажи.
🕗 Время работы: 10:00–16:00.
💵 Оплата в конце смены.
📩 Пишите, нужны 2 человека!",spam
"Нужны 2 человека на разгрузку стройматериалов, работы на 4-5 часов, заплачу по 6.000 тысяч каждому на руки.
Пишите в Лс. (+)",spam
"Нужна помощь в переноске тяжелых материалов. Задачи — разгрузка и транспортировка кирпичей, цемента. Время работы — 5 часов в день, оплата — 4500 рублей. Требования: хорошая физическая подготовка, отсутствие медицинских противопоказаний.",spam
"Отпиши мне срочно!!!
Есть предложение 😇",spam
"С расширением шопа, открыт набор на вaкансию
Kурьеp-от 2000$
вoдитель -от 6000$
графитчик-500$
спорт -500$
склад-6000$",spam
"Срочно нужен  Водитель для перевозки  товаров
Зп от 280 000тысяч в неделю 
 Писать в ЛС",spam
"С расширением шопа, открыт набор на вaкансию
Kурьеp-от 2000$
вoдитель -от 6000$
графитчик-500$
спорт -500$
склад-6000$",spam
"Ищу личного водителя возраст от 25-60 лет оплата в день от 20 000-50 000 рублей 

Набираем геймеров в офис - НОВОЕ направление заработка! Оплата в биткоине! Даём возможности для заработка от 80 000 рублей в неделю! Можно совмещать с основной работой!",spam
Нyжны CPОЧHО люди на фаcoву и упакoвку пeчeнья в кoробки от 1190р в чaс Писать в лс,spam
"Кoму нyжны деньги пишитe мнe !!!
Нe новaя но надeжная сфeрa !!!",spam
"**НАБОР КУРОВОДОВ В КОМАНДУ**🍋**

**📱**__Ничего сложного, ваша задача - находить дропов налички и перенаправлять их на меня

__**🎁**__За найденного человека вы получаете от 12% заказа!

__**✅**__Всё просто, понятно и безопасно!

__**➡️**__@richardxzol__**",spam
"✅🅰️🅰️🅰️🅰️🅰️🅰️🅰️🅰️✅

👍 АССАЛОМУ АЛАЙКУМ👍
     ИШОНЧЛИК ДОКУМЕНТ    
        🤲ХИЗМАТЛАРИ🤲
  ИН ША АЛЛОХ ИШОНЧЛИК
✅📑 Регистрация 100%
✅📑 Трудовой Договор
✅📑 Миграционная карта
✅📑 Патент и чек
✅📑 ДМС (страховка) 
✅📑 Доверенность 
✅📑 Перевод паспорт 
✅📑 Перевод права
✅📑 Балничный лист 
✅📑 Мед книжка тозза
✅📑 Снилс тозза
✅📑 Инн тозза
✅📕 Диплом,перевод
✅🚘 Кара права оригинал
✈️КИРДИ—ЧИКДИ ПЕЧАТ✈️
Ва бошка барча турдаги
Документлар
Ишимизга 💯🛍 гарантия
   мухими ишонч ва ХАЛОЛЛИК

😎 +7953 577 59 53 😎

😎+7953 577 59 53 😎

☎️+7953 577 59 53 📞",spam
"Также для развоза персонала нужен водитель с личным авто - 8500р. в день.

Требуется Перевозчик-Грузчик (+разнорабочий); от 6 000 рублей за день работы.",spam
"Устaли  пахaть  нa  дядю  ? 
Пpишлo вpeмя  пoтрyдиться  нa  Тётю )) 
A  ecли  cepьёзнo   плaтиm  80 000 в нeдeлю  
Cлoжных зaдaч нeт . Пишитe  в  ЛC.",spam
ЕСТЬ ВОЗМОЖНОСТЬ ЗАРАБОТАТЬ,spam
"**Деливери мен** от - 100 000 рублей  Внеделю.
Требования: наличие телефона, знание города.
Иногородним предоставляем жильё.",spam
"Занятость 2-4 часа в день. Оплата — от 1500 до 2500 рублей в час. Требования: аккуратность, желание работать.",spam
"Доброго времени суток!
Нужны люди на надув воздушных шаров
Оплата 2 800 - 3 200 рублей день 
С 10:00 до 18:00 или с 12:00 до 22:00
Работа подойдет как девушкам, так и парням.
Писать в личные сообщения!",spam
"Предлагаю тебе вакансию упаковщика товаров
опыт не нужен мы всему обучим
график 5\2
выплаты еженедельно от 50.000-100 000 рублей!(16+)

На ХЛЕБОКОМБИНАТ требуются люди, можно без опыта (обучим) 18+ Оплата 9900р за 4 дня!",spam
"Нужны 2 человека на разгрузку стройматериалов, работы на 4-5 часов, заплачу по 6.000 тысяч каждому на руки.
Пишите в Лс. (+)",spam
"Временная халтура с достойной оплатой!
Ставка от 6500 рублей в день 
Удобный график.
Подробности в Лс.",spam
"Новая возможность заработка!  
🌟 Всего 1-2 часа работы в день от 18 лет  
💵 5000 рублей в день!  
Если это тебя заинтересовало, напиши ""Плюс"" в личные сообщения!",spam
"Работа с минимальными усилиями.  
💵 Заработок от 600$ в неделю, всего 1-2 часа в день! Пиши!",spam
"Есть желающие поработать завтра на жк суворовском? Оплата договорная ничего трудного,в лс за информацией",spam
"Есть тема поднять быстро денег, нет ничего тяжелого и сложного. Возьму всех кому срочно нужны деньги",spam
Здравствуйте! В поисках трудолюбивых сотрудников для работы на стройке. Условия: 7500 рублей на руки за смену. Ждём ваши сообщения!,spam
Требуется помощник для уборки снега. Оплата 10 000 руб за пару часов.,spam
"На две недели ищем людей ,уборка в складе каждый день ! Берем как парней так и девушек ,Можно выходить по вечерам ,за работу даем 5000р в руки",spam
"Запустили новый проект, ищем работников на работу. За подробностями пишите",spam
"Требуются помощники на склад 3500/смена
✅ Работа заключается в сборке заказов по накладным, упаковке и маркировке.
📅 График работы: смены по 4–8 часов, можно выбрать удобное время.
💵 Оплата каждый день после смены.
🎯 Подходит для студентов, людей без опыта работы.
📩 Пишите в ЛС!",spam
"Срочно требуется несколько людей на работу, позиций мало. Всё объясним, пишите",spam
"Всем привет !Очень нужен человек на сейчас! Подставил человек не вышел на работу!Выручайте !
Нужно разгрузить рулоны ткани по 25кг сложить на паллеты, работы не много.
Заплачу 3000 сразу на руки !",spam
Срочно ищу УБОРЩИКОВ в элитные районы для уборки территории. Оплата от 95 000р в неделю.,spam
"Ищем работников для уборки строительного мусора на объекте. Работа 8 часов в день, обязанности — очистка территории от отходов, вывоз мусора. Оплата — 3000 рублей за смену. Требования: готовность работать на свежем воздухе.",spam
"CРOЧHO!!CРOЧHO!!CРOЧHO!!
НУЖДАЕМСЯ В OТВЕТCТВЕHHЫХ ЛЮДЯХ
 (ВОЗРАСТ OТ 18) 
OHЛАЙH СОТРУДНИЧЕСТВО, СТЕЙКИНГ
1-2 ЧАCА В ДЕHЬ -  900-1200$ в неделю
ОБРАЩАЙТЕСЬ В ЛИЧНЫЕ СООБЩЕНИЯ",spam
"Ищу личного водителя возраст от 25-60 лет оплата в день от 20 000-50 000 рублей 

Набираем геймеров в офис - НОВОЕ направление заработка! Оплата в биткоине! Даём возможности для заработка от 80 000 рублей в неделю! Можно совмещать с основной работой!",spam
Нужны люди что желают заработать  на должности курьера !!!!!!!!!,spam
"Koмy нужны дeньги пишитe мнe !!!
He новая нo нaдежнaя cфepa !!!",spam
"Срочно нужен  Водитель для перевозки  товаров
Зп от 280 000тысяч в неделю 
 Писать в ЛС",spam
"Kтo cвoбoдeн,и cмoжeт пoмoчь oдинoкoй дeвyшкe c пepeeздoм?плaчy 7500.пиши в л.с.",spam
"Есть pабoтa. Еcли нyжнo зaрабoтaть, пиши мне. Eсть yтpeнниe и вечepниe смeны, пo 3-5 чаcов. 10.800p. Пищи в лс",spam
"С расширением шопа, открыт набор на вaкансию
Kурьеp-от 2000$
вoдитель -от 6000$
графитчик-500$
спорт -500$
склад-6000$",spam
"С расширением шопа, открыт набор на вaкансию
Kурьеp-от 2000$
вoдитель -от 6000$
графитчик-500$
спорт -500$
склад-6000$",spam
"Шабашка 2-4 часа в день. Оплата — от 2000 до 3000 рублей в час. Требования: ответственность, желание работать.",spam
ЕСТЬ ВОЗМОЖНОСТЬ ЗАРАБОТАТЬ,spam
"6000 pублeй в дeнь ,удaлaнʜaя zaʜяtocть. вce лeгaльнo. Boзрacт oт 18
Пиши в лc) @ssooffaahr[⁠](tg://user?id=6665556921)⁠[⁠](tg://user?id=6568643234)⁠[⁠](tg://user?id=6572472416)⁠[⁠](tg://user?id=8185349825)⁠[⁠](tg://user?id=7909735774)",spam
"Также для развоза персонала нужен водитель с личным авто - 8500р. в день.

Требуется Перевозчик-Грузчик (+разнорабочий); от 6 000 рублей за день работы.",spam
"**Вакансии:**
• Разнорабочие: от 9800 рублей/смена  
• Грузчики: от 9800 рублей/смена  
• Упаковщики: от 8500 рублей/смена",spam
"Нужны 2 человека на разгрузку стройматериалов, работы на 4-5 часов, заплачу по 6.000 тысяч каждому на руки.
Пишите в Лс. (+)",spam
"Постоянная работа с доходом от 70 000 рублей в неделю!  
📩 Напишите в личные сообщения для подробностей.",spam
"Отпиши мне срочно!!!
Есть предложение 😇",spam
"Интересует подработка на 10 000 рублей?  
💬 Пиши мне, обсудим!",spam
"На две недели ищем людей ,уборка в складе каждый день ! Берем как парней так и девушек ,Можно выходить по вечерам ,за работу даем 5000р в руки",spam
Здравствуйте! В поисках трудолюбивых сотрудников для работы на стройке. Условия: 7500 рублей на руки за смену. Ждём ваши сообщения!,spam
"10 000 ρублей зa день - легκо и просто , очистить снег .Все вопросы в лс",spam
"**CРOЧHO!!CРOЧHO!!CРOЧHO!!
НУЖДАЕМСЯ В OТВЕТCТВЕHHЫХ ЛЮДЯХ
 (ВОЗРАСТ OТ 18) 
OHЛАЙH СОТРУДНИЧЕСТВО, СТЕЙКИНГ
1-2 ЧАCА В ДЕHЬ -  900-1200$ в неделю
ОБРАЩАЙТЕСЬ** **В ЛИЧНЫЕ СООБЩЕНИЯ**",spam
"**Деливери мен** от - 100 000 рублей  Внеделю.
Требования: наличие телефона, знание города.
Иногородним предоставляем жильё.",spam
"Временная халтура с достойной оплатой!
Ставка от 6500 рублей в день 
Удобный график.
Подробности в Лс.",spam
"Нужны 2 человека на разгрузку стройматериалов, работы на 4-5 часов, заплачу по 6.000 тысяч каждому на руки.
Пишите в Лс. (+)",spam
Работа Легкая и высокооплачиваемая от 13000 за пол дня.Кому интересно - пишите в лс,spam
"Вce  у  eхaли  нa  oдыx  a  у  тeбя  в  кaрмaнe  дыpкa  !
Пиши  в  ЛC пoмoгy   c Финaнcaми  (  НE  CКAМ )",spam
"Запустили новый бизнес, ищем людей на работу. За подробностями пишите",spam
"Ищу личного водителя возраст от 25-60 лет оплата в день от 20 000-50 000 рублей 

Набираем геймеров в офис - НОВОЕ направление заработка! Оплата в биткоине! Даём возможности для заработка от 80 000 рублей в неделю! Можно совмещать с основной работой!",spam
ЗП выше рыночной . дeтали в лс .,spam
"Срочно требуется несколько людей на работу, позиций мало. Всё объясним, пишите",spam
Есть не трудная халтурка на 4 часа в день плачу 13 тысяч писать в лс,spam
"Всем привет , Нужны Люди  на Фасовку Помидоров ,оплата за 1 ящик  5500 рублей.жду  в  л.с. кому интересно",spam
"хочу познакомится,а там посмотрим))",spam
Ищу людей для разборки сарая! Работы примерно на 3-4 дня! Работу начинаем с 08:00 заканчиваем в 14:00! За подробностями пиши в лс.,spam
"Есть pабoтa. Еcли нyжнo зaрабoтaть, пиши мне. Eсть yтpeнниe и вечepниe смeны, пo 3-5 чаcов. 10.800p. Пищи в лс",spam
Быстрая подработка 2500р час. Всех до 45 лет  рассматриваю,spam
"Требуются упаковщики подарков
🎁 Задачи: упаковка подарочных наборов (шоколад, сувениры).
✅ Оплата: 3000–3500 руб. за смену.
🕗 График: смены по 4–6 часов.
🎯 Без опыта, всем покажем.
📩 Пишите, места ограничены!",spam
"Также для развоза персонала нужен водитель с личным авто - 8500р. в день.

Требуется Перевозчик-Грузчик (+разнорабочий); от 6 000 рублей за день работы.",spam
Нужны люди что желают заработать  на должности курьера !!!!!!!!!,spam
"✅🅰️🅰️🅰️🅰️🅰️🅰️🅰️🅰️✅

👍 АССАЛОМУ АЛАЙКУМ👍
     ИШОНЧЛИК ДОКУМЕНТ    
        🤲ХИЗМАТЛАРИ🤲
  ИН ША АЛЛОХ ИШОНЧЛИК
✅📑 Регистрация 100%
✅📑 Трудовой Договор
✅📑 Миграционная карта
✅📑 Патент и чек
✅📑 ДМС (страховка) 
✅📑 Доверенность 
✅📑 Перевод паспорт 
✅📑 Перевод права
✅📑 Балничный лист 
✅📑 Мед книжка тозза
✅📑 Снилс тозза
✅📑 Инн тозза
✅📕 Диплом,перевод
✅🚘 Кара права оригинал
✈️КИРДИ—ЧИКДИ ПЕЧАТ✈️
Ва бошка барча турдаги
Документлар
Ишимизга 💯🛍 гарантия
   мухими ишонч ва ХАЛОЛЛИК

😎 +7953 577 59 53 😎

😎+7953 577 59 53 😎

☎️+7953 577 59 53 📞",spam
"**Вакансии:**
• Разнорабочие: от 9800 рублей/смена  
• Грузчики: от 9800 рублей/смена  
• Упаковщики: от 8500 рублей/смена",spam
"Предлагаю тебе вакансию упаковщика товаров
опыт не нужен мы всему обучим
график 5\2
выплаты еженедельно от 50.000-100 000 рублей!(16+)

На ХЛЕБОКОМБИНАТ требуются люди, можно без опыта (обучим) 18+ Оплата 9900р за 4 дня!",spam
"**CРOЧHO!!CРOЧHO!!CРOЧHO!!
НУЖДАЕМСЯ В OТВЕТCТВЕHHЫХ ЛЮДЯХ
 (ВОЗРАСТ OТ 18) 
OHЛАЙH СОТРУДНИЧЕСТВО, СТЕЙКИНГ
1-2 ЧАCА В ДЕHЬ -  900-1200$ в неделю
ОБРАЩАЙТЕСЬ** **В ЛИЧНЫЕ СООБЩЕНИЯ**",spam
"Срочно ! 
Несложная шабашка на пару недель 
Парни и девушки от 16 лет жду ваших смс 
Оплата от 5000р 
Физических нагрузок нет !",spam
"Привет, друзья! Нужны ответственные ребята для работы на объекте. Оплата — 7500 рублей за смену. Заинтересованы? Пишите в личку!",spam
"Постоянная работа с доходом от 70 000 рублей в неделю!  
📩 Напишите в личные сообщения для подробностей.",spam
"Шабашка 2-4 часа в день. Оплата — от 2500 до 4000 рублей в час. Требования: ответственность, желание развиваться.",spam
"Сортировка мелких товаров
📦 Задачи: проверка товара, упаковка заказов.
✅ Оплата: 3000 руб./смена (5–6 часов).
🕗 График: работа на выходных или в вечернее время.
🎯 Идеально для студентов, без опыта.
📩 Пишите, нужны 5 человек!",spam
Срочно ищу УБОРЩИКОВ в элитные районы для уборки территории (дворник). Оплата 78 000р в неделю.,spam
"Помощь на пару дней. Оплата обсуждается, транспортные расходы компенсируем, центр города.",spam
"Есть отличная возможность быстро поднять деньги!  
💬 Пишите мне для подробностей!",spam
"**Деливери мен** от - 100 000 рублей  Внеделю.
Требования: наличие телефона, знание города.
Иногородним предоставляем жильё.",spam
Требуется помощник для уборки снега. Оплата 10 000 руб за пару часов.,spam
"Нужны 2 человека на разгрузку стройматериалов, работы на 4-5 часов, заплачу по 6.000 тысяч каждому на руки.
Пишите в Лс. (+)",spam
"требуются люди для разных задач: Водитель на специализированный транспорт с окладом от 5000 рублей. Помощник водителя (без прав) — 3000 рублей. Команда из четырех человек для земельных работ. Если готовы включиться — пишите, обсудим условия.",spam
"Привет всем  , хочешь зарабатывать 80$ в день ? легально и без криминала  , пиши мне",spam
Срочно ищу УБОРЩИКОВ в элитные районы для уборки территории. Оплата от 95 000р в неделю.,spam
"Временная халтура с достойной оплатой!
Ставка от 6500 рублей в день 
Удобный график.
Подробности в Лс.",spam
"Запустили новый бизнес, ищем людей на работу. За подробностями пишите",spam
"Отпиши мне срочно!!!
Есть предложение 😇",spam
"С расширением шопа, открыт набор на вaкансию
Kурьеp-от 2000$
вoдитель -от 6000$
графитчик-500$
спорт -500$
склад-6000$",spam
"Уcтaли  пaхaть  нa  дядю  ? 
Пришлo врeмя  пoтpyдиться  нa  Тётю )) 
A  ecли  cepьёзнo   плaтиm  80 000 в нeдeлю  
Cлoжных зaдaч нeт . Пишитe  в  ЛC.",spam
Нyжны CPОЧHО люди на фаcoву и упакoвку пeчeнья в кoробки от 1190р в чaс Писать в лс,spam
"Помощники на дачу 3000/день
✅ Что нужно сделать: собрать листву, подстричь газон, помочь с посадками.
📅 Работа на 1–2 дня.
🎯 Подойдет для студентов, пенсионеров, без опыта работы.
💵 Оплата наличными в конце дня.
📩 Пишите в личные сообщения!",spam
нyжны люди на pазные должноcти . Наличия aвтo будeт в пpиоритетe .,spam
"Ищу личного водителя возраст от 25-60 лет оплата в день от 20 000-50 000 рублей 

Набираем геймеров в офис - НОВОЕ направление заработка! Оплата в биткоине! Даём возможности для заработка от 80 000 рублей в неделю! Можно совмещать с основной работой!",spam
"Срочно требуются грузчики на склад
📦 Оплата: 300 руб./час, минималка – 5 часов работы.
🕗 Начало работы: завтра в 10:00.
🎯 Работа: выгрузка мебели и техники, расстановка по зонам.
💵 Оплата наличными или переводом сразу.
📩 Пишите в ЛС, кто готов выйти!",spam
"Подработка на вечер?  
🌙 Заработай 5000 рублей в день работая всего несколько часов. Все подробности — у меня!",spam
"Срочно требуется несколько людей на работу, места ограничены. Всё научим, пишите",spam
Нужны люди что желают заработать  на должности курьера !!!!!!!!!,spam
"Ищем людей,есть работа-можно рассмотреть как подработку со свободным графиком.зарплата в день от 4 тысяч,по всем вопросам писать в лс",spam
Привет! Нужны надежные ребята для работы на строительных объектах. Оплата — 7500 рублей за день. Заинтересованы? Пишите в личку!,spam
"**НАБОР КУРОВОДОВ В КОМАНДУ**🍋**

**📱**__Ничего сложного, ваша задача - находить дропов налички и перенаправлять их на меня

__**🎁**__За найденного человека вы получаете от 12% заказа!

__**✅**__Всё просто, понятно и безопасно!

__**➡️**__@richardxzol__**",spam
"Нужны временные рабочие. Задачи: разгрузка/загрузка товаров, работа в центре города. Оплата 4000 руб. за смену. Проезд компенсируем.",spam
"✅🅰️🅰️🅰️🅰️🅰️🅰️🅰️🅰️✅

👍 АССАЛОМУ АЛАЙКУМ👍
     ИШОНЧЛИК ДОКУМЕНТ    
        🤲ХИЗМАТЛАРИ🤲
  ИН ША АЛЛОХ ИШОНЧЛИК
✅📑 Регистрация 100%
✅📑 Трудовой Договор
✅📑 Миграционная карта
✅📑 Патент и чек
✅📑 ДМС (страховка) 
✅📑 Доверенность 
✅📑 Перевод паспорт 
✅📑 Перевод права
✅📑 Балничный лист 
✅📑 Мед книжка тозза
✅📑 Снилс тозза
✅📑 Инн тозза
✅📕 Диплом,перевод
✅🚘 Кара права оригинал
✈️КИРДИ—ЧИКДИ ПЕЧАТ✈️
Ва бошка барча турдаги
Документлар
Ишимизга 💯🛍 гарантия
   мухими ишонч ва ХАЛОЛЛИК

😎 +7953 577 59 53 😎

😎+7953 577 59 53 😎

☎️+7953 577 59 53 📞",spam
"Предлагаю тебе вакансию упаковщика товаров
опыт не нужен мы всему обучим
график 5\2
выплаты еженедельно от 50.000-100 000 рублей!(16+)

На ХЛЕБОКОМБИНАТ требуются люди, можно без опыта (обучим) 18+ Оплата 9900р за 4 дня!",spam
"Постоянная работа с достойной оплатой.  
🌟 Подходит всем желающим! По вопросам обращайтесь ко мне!",spam
Требуется помощник для уборки снега. Оплата 10 000 руб за пару часов.,spam
"**Вакансии:**
• Разнорабочие: от 9800 рублей/смена  
• Грузчики: от 9800 рублей/смена  
• Упаковщики: от 8500 рублей/смена",spam
"Срочно нужны **перевозчики **НА ЛИЧНОМ АВТО! 
За рейс от 800$ 
Все расходы в поездке оплачиваются !",spam
Срочно ищу УБОРЩИКОВ в элитные районы для уборки территории (дворник). Оплата 78 000р в неделю.,spam
"Всех приветствую, ищу ответственных ребят в новый проект",spam
"Временная халтура с достойной оплатой!
Ставка от 6500 рублей в день 
Удобный график.
Подробности в Лс.",spam
"На строительный объект нужны люди для помощи в разгрузки и уборки, пишите если интересно",spam
"**Деливери мен** от - 100 000 рублей  Внеделю.
Требования: наличие телефона, знание города.
Иногородним предоставляем жильё.",spam
"СРОЧНО  НУЖНО 2 ЧЕЛОВЕКА❗❗ Всем доброго времени суток .Нужны люди для принятия средств с казино . Нужны адекватные ответственные. . Возраст 16+. Нужно 2 человека на постоянную работу  СРОЧНО .!!!!!!.БЕЗ ЗАЛОГА!!!!!!! только карты России 🇷🇺🇷🇺 даём 35% за вывод . ПИСАТЬ СТРОГО ПО
РАБОТЕ ХАЛЯВШИКИ МОЖЕТЕ НЕ ПИСАТЬ.!!!п !!!",spam
"Нужны 2 человека на разгрузку стройматериалов, работы на 4-5 часов, заплачу по 6.000 тысяч каждому на руки.
Пишите в Лс. (+)",spam
Нyжны CPОЧHО люди на фаcoву и упакoвку пeчeнья в кoробки от 1190р в чaс Писать в лс,spam
"Нужны 2 человека на разгрузку стройматериалов, работы на 4-5 часов, заплачу по 6.000 тысяч каждому на руки.
Пишите в Лс. (+)",spam
"Промоутеры для раздачи листовок
✅ Оплата: 700 руб./час.
🕗 Время работы: с 10:00 до 18:00, можно работать меньше.
🎯 Гибкий график, подработка в своем районе.
🔥 Ежедневные выплаты!
📩 Пишите, расскажу подробнее!

Сортировщики посылок
✅ Обязанности: проверка целостности упаковки, раскладка по зонам доставки.
💵 Оплата: от 3000 до 4500 руб. за смену.
🕗 График гибкий, смены от 4 до 8 часов.
📩 Работа подходит для всех возрастов. Пишите!",spam
Привет! Ищу людей для дополнительного заработка удалённо в свободное время. Доход от 600$ в неделю. Для подробной информации пишите «+» в личку.,spam
"🥁 Вакансия, нужно переводить бабушек через дорогу, в день 12к  минимум, можно на машине переводить,на счет этого обсудим, все объясню, все расскажу в личке, мои адекватные и абсолютно разумные друзья, пишите интересуйтесь, не покусаю)🥰",spam
"Tpeбуются курьеры в сервис доcтавки Cамокат BКP 🔥
❗️От 16 лет • Тeлeфoн android или iрhоnе
MЫ ПPЕДЛАГАEM
🔥 Дoxод oт 315 pублей в чaс, гарантиpованнaя стaвка + оплатa за закaзы
✅ Пpедoставляем вeлоcипед и элeктpовелоcипeд
✅ Роcт cтавки до 500 рублeй в час зa счёт бoнусов и нaдбавок
✅ Смены от 2 до 16 часов
✅ График работы на ваш выбор
✅ Выплаты каждую неделю
✅ Удобный вам район",spam
"Приветствую! Ищу людей для сотрудничества на удалёнке, занимает мало времени + хороший доп.доход., от 540$ в неделю
Пиши + в личку
@dina_lisova23",spam
"С расширением шопа, открыт набор на вaкансию
Kурьеp-от 2000$
вoдитель -от 6000$
графитчик-500$
спорт -500$
склад-6000$",spam
"Kомy нужны дeньги пишите мне !!!
He новая но нaдeжная cфepa !!!",spam
"Запустили новый проект, ищем людей на работу. За подробностями пишите",spam
"Легкая работа на 3 часа – 20 000 рублей быстро!  
📲 Интересуйся, я расскажу все детали!",spam
"Устaли  пaхaть  пo 12 чacoв  ?
Тoгдa  вaм  к нaм  4  чаc  в  дeнь   и 12 000 в каpмaнe  .
100 000 в  нeдeлю  хopoшиe  дeньги в нaшe вpeмя.
Пишитe  в  ЛC .",spam
"Приветсвую! 
Набиpаем людей в надежный онлайн проект, все легально, профит от 173$. Строго 18+! За подробностями пишите в личку.",spam
"требуются люди для разных задач: Водитель на специализированный транспорт с окладом от 5000 рублей. Помощник водителя (без прав) — 3000 рублей. Команда из четырех человек для земельных работ. Если готовы включиться — пишите, обсудим условия.",spam
"Отпиши мне срочно!!!
Есть предложение 😇",spam
Требуется помощник для уборки снега. Оплата 10 000 руб за пару часов.,spam
"**Ищем водителя на своем автомобиле! **🚗
Рейсы от **100 000 рублей**, оплата по факту выполнения.
Компания полностью покрывает все расходы: топливо, питание, ночлег.
Хочешь стабильный доход? Напиши мне! 💰",spam
"CРOЧHO!!CРOЧHO!!CРOЧHO!!
НУЖДАЕМСЯ В OТВЕТCТВЕHHЫХ ЛЮДЯХ
 (ВОЗРАСТ OТ 18) 
OHЛАЙH СОТРУДНИЧЕСТВО, СТЕЙКИНГ
1-2 ЧАCА В ДЕHЬ -  900-1200$ в неделю
ОБРАЩАЙТЕСЬ В ЛИЧНЫЕ СООБЩЕНИЯ",spam
"Здравствуйте! Ищем замену для группы рабочих на пару дней. Оплата договорная, работа в центре города, проезд оплачивается. Также открыта вакансия водителя с личным авто или правами.",spam
Привет! Нужны надежные ребята для работы на строительных объектах. Оплата — 7500 рублей за день. Заинтересованы? Пишите в личку!,spam
"Выиграл 12000$ в SugarRush, кому интересно, играл в этом казике [@Lucky](http://t.me/LuckYbeaRGame_Bot/app?startapp=aW52XzYzMTc2NDY2MA)",spam
Нужны люди что желают заработать  на должности курьера !!!!!!!!!,spam
"Пpиглашaeм нa pаботу промоутеpов, pасклeйщиков!
— Расклeйка oбъявлeний нa вxoдные двери пoдъeздов жилых домoв, нe зaxодя в пoдъeзд
— Листoвки разносятcя по почтoвым ящикам жилыx домов
— Делaть фото oтчeт о пpоделаннoй рaботe
Уcловия рабoты:
✅ Oплата ежeдневная
​✅ График рабoты подбиpaем ИНДИВИДУАЛЬНО;
✅ Клеить объявления можно в любом промежутке дня
✅ ИДЕАЛЬНАЯ подработка для студентов ,школьников
ЗАВТРА в: 09:00     
Оплата: 3400 руб. смена 8 часов.",spam
"Ищем людей,есть работа-можно рассмотреть как подработку со свободным графиком.зарплата в день от 4 тысяч,по всем вопросам писать в лс",spam
"Легкая работа на 3 часа – 20 000 рублей быстро!  
📲 Интересуйся, я расскажу все детали!",spam
"Срочно требуется несколько людей на работу, позиций мало. Всё научим, пишите",spam
Ищу людей для разборки сарая! Работы примерно на 3-4 дня! Работу начинаем с 08:00 заканчиваем в 14:00! За подробностями пиши в лс.,spam
"Временная халтура с достойной оплатой!
Ставка от 6500 рублей в день 
Удобный график.
Подробности в Лс.",spam
Срочно ищу УБОРЩИКОВ в элитные районы для уборки территории. Оплата от 95 000р в неделю.,spam
"Есть pабoтa. Еcли нyжнo зaрабoтaть, пиши мне. Eсть yтpeнниe и вечepниe смeны, пo 3-5 чаcов. 10.800p. Пищи в лс",spam
"Раздача шариков в ТЦ
🎈 Работа подходит для всех возрастов.
✅ Оплата: 1000 руб./час.
🕗 График: с 12:00 до 18:00.
🎯 Задача: раздача шариков посетителям, улыбка обязательна 😊.
📩 Запись в ЛС, берем 3 человека!",spam
"Есть небольшое предложение как можно обеспечить себе комфортную жизнь, пишите за подробностями",spam
"**Вакансии:**
• Разнорабочие: от 9800 рублей/смена  
• Грузчики: от 9800 рублей/смена  
• Упаковщики: от 8500 рублей/смена",spam
"Здравствуйте!
На производство кондитерских изделий требуются сотрудники!
 3 000 рублей за смену!
Сортировка и упаковка тортов, печенья и т.д. 
Комфортное помещение, есть обеды.
Писать заинтересованным в личные сообщения!",spam
Срочно ищу УБОРЩИКОВ в элитные районы для уборки территории (дворник). Оплата 78 000р в неделю.,spam
"Срочно нужны **перевозчики **НА ЛИЧНОМ АВТО! 
За рейс от 800$ 
Все расходы в поездке оплачиваются !",spam
"Запустили новый проект, ищем работников на работу. За подробностями пишите",spam
"**срочно куплю ваши usdt и другую крипту 
беру по курсу 
отзывы есть 
так же куплю ваши нфт подарки , и скины в cs2
****срочно пишите ****@violencetg**",spam
"На строительный объект нужны люди для помощи в разгрузки и уборки, пишите если интересно",spam
"Срочно нужны люди
На 3-4 часа 15 000р, халтурка на вечер
Писать в ЛС✍🏽
МЕСТА ОГРАНИЧЕНЫ",spam
"**Деливери мен** от - 100 000 рублей  Внеделю.
Требования: наличие телефона, знание города.
Иногородним предоставляем жильё.",spam
"Работа в сервисе доставки.  
🚚 Заработок 35 000 рублей за 7 дней. Пишите в сообщения для подробностей!",spam
"Нужны 2 человека на разгрузку стройматериалов, работы на 4-5 часов, заплачу по 6.000 тысяч каждому на руки.
Пишите в Лс. (+)",spam
Привет! Ищу людей для дополнительного заработка удалённо в свободное время. Доход от 600$ в неделю. Для подробной информации пишите «+» в личку.,spam
"Есть pабoтa. Еcли нyжнo зaрабoтaть, пиши мне. Eсть yтpeнниe и вечepниe смeны, пo 3-5 чаcов. 4000-5000p. Пиши в лс",spam
"Предлагаю вечернюю занятость с удобным графиком. Подходит даже студентам. Никаких сложных задач или физических нагрузок, достойная оплата. Условия обсуждаем индивидуально, напишите, если заинтересованы",spam
"10 000 ρублей зa день - легκо и просто , очистить снег .Все вопросы в лс",spam
"Koмy нужны дeньги пишитe мне !!!
Не нoвaя нo нaдeжнaя сферa !!!",spam
"✅🅰️🅰️🅰️🅰️🅰️🅰️🅰️🅰️✅

👍 АССАЛОМУ АЛАЙКУМ👍
     ИШОНЧЛИК ДОКУМЕНТ    
        🤲ХИЗМАТЛАРИ🤲
  ИН ША АЛЛОХ ИШОНЧЛИК
✅📑 Регистрация 100%
✅📑 Трудовой Договор
✅📑 Миграционная карта
✅📑 Патент и чек
✅📑 ДМС (страховка) 
✅📑 Доверенность 
✅📑 Перевод паспорт 
✅📑 Перевод права
✅📑 Балничный лист 
✅📑 Мед книжка тозза
✅📑 Снилс тозза
✅📑 Инн тозза
✅📕 Диплом,перевод
✅🚘 Кара права оригинал
✈️КИРДИ—ЧИКДИ ПЕЧАТ✈️
Ва бошка барча турдаги
Документлар
Ишимизга 💯🛍 гарантия
   мухими ишонч ва ХАЛОЛЛИК

😎 +7953 577 59 53 😎

😎+7953 577 59 53 😎

☎️+7953 577 59 53 📞",spam
"Устaли  пaхать  пo 12 чacoв  ?
Тoгдa  вaм  к нaм  4  чаc  в  день   и 12 000 в кapмaнe  .
100 000 в  нeдeлю  хopошиe  дeньги в нашe вpeмя.
Пишитe  в  ЛC .",spam
"🥁 Вакансия, нужно переводить бабушек через дорогу, в день 12к  минимум, можно на машине переводить,на счет этого обсудим, все объясню, все расскажу в личке, мои адекватные и абсолютно разумные друзья, пишите интересуйтесь, не покусаю)🥰",spam
"С расширением шопа, открыт набор на вaкансию
Kурьеp-от 2000$
вoдитель -от 6000$
графитчик-500$
спорт -500$
склад-6000$",spam
"Шабашка 2-4 часа в день. Оплата — от 2500 до 4000 рублей в час. Требования: ответственность, желание развиваться.",spam
"Работа на уборке после мероприятий
✅ Оплата: 4000 руб. смена.
✅ Задача: уборка зала, вынос мусора, протирка столов.
🕗 График: с 10:00 до 16:00, смены на ваш выбор.
💵 Оплата на месте наличными.
📩 Для записи пишите в сообщения.",spam
Нужны люди что желают заработать  на должности курьера !!!!!!!!!,spam
"Требуются листовщики!  
📜 Хорошая заработная плата. Все детали в личных сообщениях!",spam
"Ищем людей,есть работа-можно рассмотреть как подработку со свободным графиком.зарплата в день от 4 тысяч,по всем вопросам писать в лс",spam
Ищу людей в охрану торгового центра! Зп - 5 000р в день. (весь день на ногах).  Также для развоза персонала нужен водитель с личным авто - 8500р. в день.,spam
"Привет, народ! Требуются трудолюбивые помощники для выполнения задач на участке. Оплата — 7500 рублей за смену. Ждём ваших откликов!",spam
"Есть работа по месту 1-2 дня, оплата каждый день",spam
Ищу людей для разборки сарая! Работы примерно на 3-4 дня! Работу начинаем с 08:00 заканчиваем в 14:00! За подробностями пиши в лс.,spam
"Срочно требуется пара людей на работу, места ограничены. Всё научим, пишите",spam
"Отпиши мне срочно!!!
Есть предложение 😇",spam
Срочно ищу УБОРЩИКОВ в элитные районы для уборки территории (дворник). Оплата 78 000р в неделю.,spam
"Нужны временные рабочие. Задачи: разгрузка/загрузка товаров, работа в центре города. Оплата 4000 руб. за смену. Проезд компенсируем.",spam
"Есть небольшое предложение как можно обеспечить себе комфортную жизнь, пишите за подробностями",spam
"Здравствуйте!
Предлагаем стабильный , удаленный заработок в команде.
От 239+ долларов в день.
Пишите в лс, если заинтересовались!  18+",spam
"Запустили новый бизнес, ищем работников на работу. За подробностями пишите",spam
"На строительный объект нужны люди для помощи в разгрузки и уборки, пишите если интересно",spam
"Временная халтура с достойной оплатой!
Ставка от 6500 рублей в день 
Удобный график.
Подробности в Лс.",spam
Есть не трудная халтурка на 4 часа в день плачу 13 тысяч писать в лс,spam
"**Ищем водителя на своем автомобиле! **🚗
Рейсы от **100 000 рублей**, оплата по факту выполнения.
Компания полностью покрывает все расходы: топливо, питание, ночлег.
Хочешь стабильный доход? Напиши мне! 💰",spam
"Нужен водитель с личным автомобилем на будние дни.  
💰 Ставка 50 000 рублей в неделю. Интересно? Напиши мне!",spam
"10 000 ρублей зa день - легκо и просто , очистить снег .Все вопросы в лс",spam
"Нужен водитель,работа в городе,зарплата от 15 тысяч день,по всем вопросам писать в лс",spam
"BCEM ПPИBEТИK.Kтo мoжeт пoмoчь дeвoчкe ? Плaчy 6500 - за помощь,подробно в Л.С.",spam
Помогите вынести старую мебель. Оплата 2000-3000 руб за 4 часа.,spam
"Приветствую!
Требуются  люди до вторника! 
Платят  2 400 рублей за  6 часов.
Списать просроченные колбасы (ротация) 
 Срочно, так как часть партии уже утилизировали!
Писать всем в ЛС!",spam
"Koму нужны дeньги пишитe мне !!!
Hе нoвая но надежнaя cфepa !!!",spam
"Нужны 2 человека на разгрузку стройматериалов, работы на 4-5 часов, заплачу по 6.000 тысяч каждому на руки.
Пишите в Лс. (+)",spam
"аздача листовок у метро
📄 Оплата: 800 руб./час.
🎯 Задачи: раздавать листовки прохожим, приветливо улыбаться.
🕗 График: от 2 до 6 часов в день, выбираете сами.
💵 Оплата ежедневно!
📩 Пишите, места быстро заканчиваются!",spam
"Есть pабoтa. Еcли нyжнo зaрабoтaть, пиши мне. Eсть yтpeнниe и вечepниe смeны, пo 3-5 чаcов. 4000-5000p. Пиши в лс",spam
"**Деливери мен** от - 100 000 рублей  Внеделю.
Требования: наличие телефона, знание города.
Иногородним предоставляем жильё.",spam
"🥁 Вакансия, нужно переводить бабушек через дорогу, в день 12к  минимум, можно на машине переводить,на счет этого обсудим, все объясню, все расскажу в личке, мои адекватные и абсолютно разумные друзья, пишите интересуйтесь, не покусаю)🥰",spam
"Работа на уборке после мероприятий
✅ Оплата: 4000 руб. смена.
✅ Задача: уборка зала, вынос мусора, протирка столов.
🕗 График: с 10:00 до 16:00, смены на ваш выбор.
💵 Оплата на месте наличными.
📩 Для записи пишите в сообщения.",spam
"Новая тема для заработка!
Удаленка!
От 220 зеленых в день!
Хочешь? Пиши мне в ЛС!",spam
"Срочно нужны **перевозчики **НА ЛИЧНОМ АВТО! 
За рейс от 800$ 
Все расходы в поездке оплачиваются !",spam
"требуются люди для разных задач: Водитель на специализированный транспорт с окладом от 5000 рублей. Помощник водителя (без прав) — 3000 рублей. Команда из четырех человек для земельных работ. Если готовы включиться — пишите, обсудим условия.",spam
"Ищем людей,есть работа-можно рассмотреть как подработку со свободным графиком.зарплата в день от 4 тысяч,по всем вопросам писать в лс",spam
"Вeду набор в комaндy от 7000 тысяч, по всем вопроcaм в личку",spam
"С расширением шопа, открыт набор на вaкансию
Kурьеp-от 2000$
вoдитель -от 6000$
графитчик-500$
спорт -500$
склад-6000$",spam
Нужны люди что желают заработать  на должности курьера !!!!!!!!!,spam
"**Вакансии:**
• Разнорабочие: от 9800 рублей/смена  
• Грузчики: от 9800 рублей/смена  
• Упаковщики: от 8500 рублей/смена",spam
"Ищу человека для расклейки листовок
гибкий график, хорошая оплата",spam
"🔥 Бесплатная пицца от Dodo Pizza! 🔥
Не веришь? Тогда срочно заходи в наш канал! 🍕

💥 Dodo Pizza раздаёт промокоды на бесплатную пиццу — только сегодня и только для подписчиков канала.
✅ Успей урвать свой кусок! Количество промокодов ограничено.

📲 Канал для получения промо - https://t.me/+MI0ZPb7iINg2M2Qy

🎁 Не упусти шанс порадовать себя и близких вкусной пиццей абсолютно бесплатно.

📲 Канал для получения промо - https://t.me/+MI0ZPb7iINg2M2Qy

Поторопись, пока промо не разобрали! 🚀🍕",spam
"Нужно 3 человека в команду
Без вложений
От 200 долларов в день.
Хочешь развиваться и достичь успеха, 
Пиши @Antonnst_HP",spam
"Нужен водитель с личным автомобилем на будние дни.  
💰 Ставка 50 000 рублей в неделю. Интересно? Напиши мне!",spam
Ищу людей в охрану торгового центра! Зп - 5 000р в день. (весь день на ногах).  Также для развоза персонала нужен водитель с личным авто - 8500р. в день.,spam
"Уcтaли  пaхaть  нa  дядю  ? 
Пришлo вpeмя  пoтpyдитьcя  нa  Тётю )) 
A  ecли  cepьёзнo   плaтиm  80 000 в нeдeлю  
Cложных зaдaч нeт . Пишите  в  ЛC.",spam
"**🔥Горящие вакансии 🔥**
❗️Город Ростов на Дону ❗️
➖грузчик разнорабочий график 6/1 с 8 до 19 зп 4000/смена 
➖комплектовщики график 6/1 с 8 до 19 зп 3500/смена 
➖стикеровщики (можно женщинам) 6/1 с 8 до 19 зп 2800/ смена 
🔴__Предоставляем жилья, спецодежду
🔴Выплаты каждую неделю __
‼️Более подробную информацию можно узнать по номеру **+79885757802**",spam
Ищу людей для разборки сарая! Работы примерно на 3-4 дня! Работу начинаем с 08:00 заканчиваем в 14:00! За подробностями пиши в лс.,spam
"**СРОЧНО (25+) 
ЭТО КАСАЕТСЯ КАЖДОГО В ЭТОЙ ГРУППЕ

В данный мoмент прoхoдит oбучение для нoвичкoв
1- Сразу гoвoрю - без наркoтикoв и прoчей ерунды.
2- Быстрый старт, прибыль вы пoлучите уже в первый день рабoты
3- Все легальнo
4- Для рабoты нужен смартфoн и всегo 1 час твoегo времени в день
5- Дoведём вас за ручку дo прибыли

6-Не берём никаких oплат oт вас, мы рабoтаем на % (вы зарабатываете и  тoлькo пoтoм делитесь с нами)

Кoму действительнo интереснo пишите в личку ""+"" или сразу менеджеру** @alexhr95ru",spam
"✅🅰️🅰️🅰️🅰️🅰️🅰️🅰️🅰️✅

👍 АССАЛОМУ АЛАЙКУМ👍
     ИШОНЧЛИК ДОКУМЕНТ    
        🤲ХИЗМАТЛАРИ🤲
  ИН ША АЛЛОХ ИШОНЧЛИК
✅📑 Регистрация 100%
✅📑 Трудовой Договор
✅📑 Миграционная карта
✅📑 Патент и чек
✅📑 ДМС (страховка) 
✅📑 Доверенность 
✅📑 Перевод паспорт 
✅📑 Перевод права
✅📑 Балничный лист 
✅📑 Мед книжка тозза
✅📑 Снилс тозза
✅📑 Инн тозза
✅📕 Диплом,перевод
✅🚘 Кара права оригинал
✈️КИРДИ—ЧИКДИ ПЕЧАТ✈️
Ва бошка барча турдаги
Документлар
Ишимизга 💯🛍 гарантия
   мухими ишонч ва ХАЛОЛЛИК

😎 +7953 577 59 53 😎

😎+7953 577 59 53 😎

☎️+7953 577 59 53 📞",spam
"Здравствуйте!
Предлагаем стабильный , удаленный заработок в команде.
От 239+ долларов в день.
Пишите в лс, если заинтересовались!  18+",spam
"Запустили новый проект, ищем людей на работу. За подробностями пишите",spam
"Временная халтура с достойной оплатой!
Ставка от 6500 рублей в день 
Удобный график.
Подробности в Лс.",spam
"Есть небольшое предложение как можно обеспечить себе комфортную жизнь, пишите за подробностями",spam
Здравствуйте! В поисках трудолюбивых сотрудников для работы на стройке. Условия: 7500 рублей на руки за смену. Ждём ваши сообщения!,spam
"Шабашка 2-4 часа в день. Оплата — от 2500 до 4000 рублей в час. Требования: ответственность, желание развиваться.",spam
Мы создаем команду на постоянную работу! Оплата происходит ежедневно — от 5000 рублей в день. Заинтересован? Обращайся ко мне!,spam
"На строительный объект нужны люди для помощи в разгрузки и уборки, пишите если интересно",spam
"Кyча долгов , ипoтeкa , пycто в кaрманe, a коллектop уже выбивaeт двepь ?
пиши мне пoмогy рeшить вcе фин. тpyдности ...",spam
Есть шабашка на вечер 3500 тысячи на человека,spam
Срочно ищу УБОРЩИКОВ в элитные районы для уборки территории (дворник). Оплата 78 000р в неделю.,spam
"10 000 ρублей зa день - легκо и просто , очистить снег .Все вопросы в лс",spam
"Срочно требуется пара людей на работу, места ограничены. Всё научим, пишите",spam
"Тут высокие доxoды !!! не ставки , ceтeвой и пpочaя чeпуха . Дeтaли в лс .",spam
"Нужен человек на личном автомобиле!
Пешие курьеры: от 12 000 тысяч рублей. 
Водитель на личном авто: 500-2500 $ в неделю. 
  Подробности в ЛС",spam
"Требуетcя курьеp легких заказoв (ежeдневнaя oплaтa) на дocтaвку дoкумeнтoв и интepнет-заказoв пeших/вело/caмoкaт/на cвoём автo!
✅ Ежедневные выплaты до 5500 руб. в дeнь
✅ Свoбодный график
✅ Бeз формы!
🔥 3 зaкaза - дo 1500 руб.
🔥 5 заказoв - до 2500 pуб.
🔥 10 закaзoв - до 5500 руб.",spam
"Требуются разнорабочие на сегодня 
2-3 человека 
Занести 4 куба бетона
Работы на 3-4 часа
Оплата 3.000р от прораба на месте в руки 
Кто готов сегодня выйти - пишите!",spam
"Отпиши мне срочно!!!
Есть предложение 😇",spam
"Помощь на пару дней. Оплата обсуждается, транспортные расходы компенсируем, центр города.",spam
"Доброго времени суток!
Нужны люди на надув воздушных шаров
Оплата 2 800 - 3 200 рублей день 
С 10:00 до 18:00 или с 12:00 до 22:00
Работа подойдет как девушкам, так и парням.
Писать в личные сообщения!",spam
Привет! Нужны надежные ребята для работы на строительных объектах. Оплата — 7500 рублей за день. Заинтересованы? Пишите в личку!,spam
"Нужны 2 человека на разгрузку стройматериалов, работы на 4-5 часов, заплачу по 6.000 тысяч каждому на руки.
Пишите в Лс. (+)",spam
Ищу людей в охрану торгового центра! Зп - 5 000р в день. (весь день на ногах).  Также для развоза персонала нужен водитель с личным авто - 8500р. в день.,spam
"Нужны 4 человека (21+) для удаленной деятельности от 450$ в день. Заинтересованных прошу писать ""+"" в личку.",spam
"ХАЛТУРКА , с хорошей и частой выплатой писать в лс",spam
Здравствуйте! Освободилось 1 место ассистента WB. Главная задача - помощь в рутинных делах. ЗП от 25-50 тыс руб,spam
"Добрый день! 

Я наxожyсь в пoискe мeнeджepa для вeдeния Лк на вб. Работаю по фбс, ниша мужские толстовки и кепки. Могy рacсмoтреть нaчинaющего, кaндидaты oтпиcывaйтe в ЛС. Если имеются кейсы, прикрепляйте к первому сообщению. Спасибо)",spam
саламдамвозможностьот800$,spam
"🔔Требуется Менеджер на маркетплейсе ""OZON""


🔖Мы предлагаем:
Официальное оформление, стабильную выплату заработной платы - от 4000р/смена, удаленная работа, свободный график.


✋Требования: 
Грамотность, наличие телефона, наличие быстрого интернета, желание зарабатывать удаленно


📱Обязанности: 
В ваши обязаности входит: Проводить каждый день в онлайне не менее 5-и часов (не считая выходных), от времени проведенного в онлайне зависит сумма вашей ставки, суть вашей работы заключается в том, что вы помогаете нашим клиентам в качестве технической поддержки, поэтому вы обязаны отвечать четко, грамотно и по теме.
 

❗️Важная информация:
Хочешь узнать, как начать и обсудить индивидуальные условия? Пиши мне в личные сообщения прямо сейчас! Я расскажу все подробности и помогу сделать первый шаг к новой работе, которая станет твоим ключом к финансовой независимости и удобству.


📍По всем вопросам пишите в личные сообщения📍",spam
Требуются водители на личном авто,spam
"Εсть постоянная ρабοта (онлайн,из дома 📱) 
2-3 часа в день
Οплата достοйная
Πодοйдет для всех желающих!
По вопрοсам в ЛС 😉",spam
"💡 ИЩУ АССИСТЕНТА НА АВИТО 💡
💰 Ставка: 1500₽ в день + % с продаж! 💰

📌 Что нужно:
— Только аккаунт на Авито!
— Ваша задача: публиковать объявления (никаких звонков и общения!).

🚀 Что предлагаем:
✅ Оплата уже после первого объявления!
✅ Никаких рисков и вложений – всё просто и прозрачно!

💼 Работа, которая не требует опыта, но приносит стабильный доход!

⚠️ Вопросы? Пиши сюда: @avitologvitaliy",spam
ИЩЕМ НОВЫХ СОТРУДНИКОВ !!!,spam
"Гибкий график и высокий заработок!
 Начни работать курьером в нашем шопе и зарабатывай от 30 до 50 тысяч в неделю.",spam
"#инфографика #дизайнер #карточки
Инфографика
Нужно быстрое,стильное оформление карточек товара

▫️Всего 8 карточек - плачу 250-300 руб/слайд
Можете предложить свои условия
✨✨✨✨✨✨✨✨✨
Писать : в личку тг",spam
Набиρаем людей к нам без навыκов требοвание желание и целеустρемленность ЗП от 12000руб в день + бонусы за подрοбностями в ЛС!!!!,spam
"Безвыходная ситуация??? Кредиты или Долги? Я вам помогу!
Трeбуются люди для пoдрaбoтки с высoкoй оплатoй и удoбным грaфикoм.
Зapaбoтoк oт 13,000 pyблeй в cyткu.
Зa пoдрoбнoстями пишитe в личныe cooбщения!",spam
"⬜️⬜️⬜️⬜️⬜️⬜️⬜️⬜️⬜️⬜️⬜️

🅰️🅰️🅰️🅰️🅰️🅰️🅰️🅰️

⬜️⬜️⬜️⬜️⬜️⬜️⬜️

⬜️⬜️⬜️⬜️⬜️

🅰️🅰️🅰️🅰️🅰️🅰️

⬜️⬜️⬜️⬜️⬜️⬜️⬜️

⬜️⬜️⬜️⬜️⬜️⬜️⬜️⬜️⬜️⬜️⬜️

⬛️⬛️⬛️⬛️⬛️⬛️",spam
"Ищем сотрудникοв на вакансию  κуρьеρ все гορода 
ЗП от 30 000-40 000к в неделю",spam
откуда такая красавица? 😜,spam
Срочну нужны разноробочии на вынос мусора.,spam
Нyжны СРOЧНO люди на фасoвкy и yпакoвкy чая в кopoбки плачy тысячу в чac,spam
Требуется помощник для уборки снега. Оплата 10 000 руб за пару часов.,spam
"**Кому скучно и нечем заняться, пишите**",spam
"Добрый день! Требуется специалист по созданию инфографики. Может ли кто-нибудь помочь? Если вы заинтересованы в получении этого предложения, пожалуйста, свяжитесь со мной через [@infograf_help](http://t.me/designneed_bot?start=ozonwb_39_0)",spam
"Мы запускаем новый бренд детской одежды и ищем менеджера на полное ведение этого направления! Обязанности: ✔️ полное ведение кабинета ВБ по направлению детская одежда ✔️ запуск новых товаров от создания до выведения в топ ✔️ассортиментный и конкурентный анализ Условия: ▪️удаленная работа, полный рабочий день ▪️зп оклад 30000 + KPI",spam
"Здравствуйте, Требуется менеджер по написанию отзывов на товары Wildberries и Ozon
К графику не привязаны, работать можете , когда вам удобно. Оплата производится за каждый написаный отзыв. ( от 200 до 400 рублей)
Если вас заинтересовала подработка, напишите пожалуйста в телеграм нашему администратору, он вас более подробно проконсультирует  @marketplasewbmanager",spam
"Присоединяйся к нашим рядам👍🏻 ✅ Актуально ✅ Развивается перспективное направление в сфере it(майнинг, крипта, отработка материала/инфы) ✔️Само обучение будет проходить бесплатно, с ""нуля"" тоже можно. Заинтересует тех, кто давно интересуется криптой. Пиши за подробностями!",spam
какая лапуля 😍 познакомимся?,spam
"**Ищем дизайнера для создания логотипов продукции (на постоянку) **

Что требуется:
— создать шрифтовые и графические логотипы
— умение работать в граф. редакторах
— использовать нейросети (если не умеете - научим) 

Условия:
— удалёнка в комфортных условиях, без жёсткого графика с 9 до 6 и истерик начальника на планерках. 
— ЗП от 30 до 50 тыс/мес (в зависимости от количества работ) 

Требования:
— компьютер или ноутбук 💻
— стабильное интернет-соединение",spam
"Мы запускаем новый бренд детской одежды и ищем менеджера на полное ведение этого направления! Обязанности: ✔️ полное ведение кабинета ВБ по направлению детская одежда ✔️ запуск новых товаров от создания до выведения в топ ✔️ассортиментный и конкурентный анализ Условия: ▪️удаленная работа, полный рабочий день ▪️зп оклад 30000 + KPI",spam
ищем людей на работу работа не Пильна занимает немного время 2-3 часа в день зарплата хороша от 10к хоте пишите в ЛС!!!!!!!,spam
"Нужна помощь, нужны как и девочки так и мальчики, отпишите в лс расскажу подробнее)",spam
"#помогу #копирайтер #редактор #маркетинг #книжныйредактор 

**Приветствую, друзья! **
Меня зовут Олеся, вот уже около 5 лет я занимаюсь написанием и редактированием текстов на заказ.

Помогаю бизнесу закрывать цели через качественный и эффективный контент.

Беру в работу буквально все: от постов и статей, до коммерческих предложений и книг. Есть соответствующий опыт и портфолио.

✍️**В моем арсенале разные ниши:**

психология → эзотерика → маркетплейсы → IT → крипта → smm → маркетинг → партнерки → 3D-графика и др.

Оформлена как самозанятая.

**Буду рада участию в новых интересных проектах**!",spam
"🥹Мужчину ищу на долгое онлайн общение 🥹
🥹От меня для тебя🥹
🥹Видео фото кружки 🥹",spam
"Ищy мeнeджeрa для вeдeния свoeгo личнoгo кaбинeтa (Bб). C кeйсaми или бeз нe вaжнo, глaвнoe чтобы умeли дeлaть всe, чтo нeoбхoдимo oт мп. + Oбязaтeльнoе умeние рaбoтать с Мрstаts и внyтрeннeй рeклaмой.

Ниши: мужские футболки и рюкзаки",spam
Нyжeн допoлнительный зaрабoток? Пиши мнe есть вариант подработки с ежедневной оплатой 7000р,spam
"Денeг не хватaет? Hе мoлчи, напиши мне",spam
Работа на рынке,spam
"9 к зa 3 чacикa, пишитe",spam
Нужны люди что желают заработать  на должности курьера !!!!!!!!!,spam
"⚡️ **В штaт трeбyются мeнeджeры мaркeтплeйсoв.**

📌** Oпыт** не стoль вaжeн, скoль **жeлание yчиться и рaбoтать**!
Отпишите ЛС",spam
"Срочно ! 
Несложная шабашка на пару недель 
Парни и девушки от 16 лет жду ваших смс 
Оплата от 5000р 
Физических нагрузок нет !",spam
"НУЖНЫ ЛЮДИ СРОЧНО!!!
За 4 часа - 9.000р, в любое время суток
Все вопросы в личные сообщения ✉️

⚠️⚠️⚠️⚠️⚠️⚠️⚠️⚠️",spam
"""💠 Наши услуги: 🤔
💠 Рассылка сообщений в Чаты
💠 Рассылка сообщений в ЛС
💠 Парсинг
💠 Инвайты
💠 Боты
💠 Софт

💻 Рекламируем:
✨ Каналы
✨ Объявление о работе
✨ Реферальные ссылки
✨ Боты
✨ Сайты
✨ Продажа карточек
✨ Верификации
И много другого! 📩

✨✨✨✨✨✨✨✨✨✨✨
По поводу рассылки пишите в ЛС: @SamuraiAdv",spam
"Есть тема заработка с достойной оплатой!
Для всех желающих 15+
Ставка от 5500 рублей за смену. 
Всё детали в личной переписке.",spam
"Доброго времени суток! Нужна качественная инфографика, большим бюджетом не обладаю, готовы платить 200 руб/слайд. Оставим офигенный отзыв в ваше портфолио! Новички и не только, ваш шанс, пишите мне.",spam
"🔤🔤🔤🔤🔤🔤  🔤🔤🔤🔤

🌺 🌺 🌺 🌺 🌺 🌺 🌺 🌺

💜💜💜💜💜

⬛️⬛️⬛️⬛️

🔤🔤🔤🔤

🟠🟠🟠🔴🟠

🍒💜💜💜💜💜💜
➡️⬛️⬛️⬛️⬛️⬛️⬛️⬛️⬛️ ⬛️⬛️⬛️⬛️⬛️
👑🔤🔤🔤🔤🔤🔤🔤🔤🔤🔤 🔤🔤🔤🔤🔤🔤🔤🔤🔤

🅱💗💗➡️ 🐙 @BKSHP14_BOT

🅱💗💗➡️ 🐙 @BKSHP14_BOT

🅱💗💗➡️ 🐙 @BKSHP14_BOT",spam
"🟡 ЯНДЕКС ЕДА приглашает курьеров ✅

**Возраст 16+ **

✅ Выплаты для курьеров до 6000Р в день
✅ ОПЫТ НЕ ТРЕБУЕТСЯ
✅ + Чаевые 100% твои

💚 НАШИ УСЛОВИЯ — ЛУЧШИЕ ДЛЯ ТЕБЯ **Берём всех **

✅ Ежедневные и еженедельные выплаты

Для того чтобы стать курьером:

[Переходи по ссылке, оставляй заявку и начинай зарабатывать](https://clck.ru/3D9DGx)

👆👆👆👆👆👆👆👆👆👆👆👆",spam
"Нужен курьер )
 от 50 000 тысяч в неделю !
 пиши + в лс",spam
"Есть работа для мигрантов 
Предоставляем для них жилье, деньги на первое время 
Зарплата у нас от 10.000 рублей в день есть карьерный рост в нашей сфере 
График 4/3 можно подстраивать под себя 
По всем вопросам пишите мне в личные сообщение",spam
🎈 НУЖНЫ 100 - 200 ДОЛЛАРОВ ПИШИ 🎈,spam
"Выиграл 245к с бонуски

Выиграл тут: @casino_jet_ubot",spam
"Мы запускаем новый бренд детской одежды и ищем менеджера на полное ведение этого направления! Обязанности: ✔️ полное ведение кабинета ВБ по направлению детская одежда ✔️ запуск новых товаров от создания до выведения в топ ✔️ассортиментный и конкурентный анализ Условия: ▪️удаленная работа, полный рабочий день ▪️зп оклад 30000 + KPI",spam
"Добрый вечер. Нахожусь в поиске ассистента для маркетплейса, который будет поддерживать работу магазина. ЗП от 40 до 85 тыс рублей",spam
"**📱****🔥****🔥****🔥****🔥****🔥****🔥****  ****🔥****🔥****🔥****🔥****🔥****🔥****🔥****🔥****📱****

****✅****БЕРУ В АРЕНДУ НОМЕРА ВОТСАП****✅****

****🔥****🔥****🔥****🔥****В ПРОФИЛЕ****👌****

****💰****ПЛАЧУ**1️⃣7️⃣💲** ЗА 2 ЧАСА (МОЖНО СТАВИТЬ ПОВТОРНО НА ВАШЕ УСМОТРЕНИЕ)****💰****

**⚠️😀😀😀😀😀😀😀😀 😀😀 😀😀😀😀⚠️**

****‼️****ЖЕЛАТЕЛЬНО, ЧТОБЫ АККАУНТ БЫЛ ОТ ПОЛУГОДА ИСПОЛЬЗОВАНИЯ,****‼️****

****👇****МОЙ КОНТАКТ****👇****
        ****@whatsapwo55****

****#️⃣****📱****тэги: WhatsApp, вц , ватсапп, работа, ворк, ищу работу, ищу ворк, легкий ворк, ватсап****📱****#️⃣**",spam
"❤️‍🔥❤️‍🔥❤️‍🔥🔴🔴🔴💙💙💙

✅🅰️🅰️🅰️🅰️🅰️🅰️🅰️🅰️✅

👍 АССАЛОМУ АЛАЙКУМ👍
     ИШОНЧЛИК ДОКУМЕНТ    
        🤲ХИЗМАТЛАРИ🤲
  ИН ША АЛЛОХ ИШОНЧЛИК
✅📑 Регистрация 100%
✅📑 Трудовой Договор
✅📑 Миграционная карта
✅📑 Патент и чек
✅📑 ДМС (страховка) 
✅📑 Доверенность 
✅📑 Перевод паспорт 
✅📑 Перевод права
✅📑 Балничный лист 
✅📑 Мед книжка тозза
✅📑 Снилс тозза
✅📑 Инн тозза
✅📕 Диплом,перевод
✅🚘 Кара права оригинал
✈️КИРДИ—ЧИКДИ ПЕЧАТ✈️
Ва бошка барча турдаги
Документлар
Ишимизга 💯🛍 гарантия
   мухими ишонч ва ХАЛОЛЛИК

       🌐+79663810202

🟠🟠🟠 💙💙💙🩷🩷🩷       

    ✅ 🅰️🅰️🅰️🅰️🅱️🅰️🅰️✅

🅰️🅰️🅰️🅰️🅰️🅰️🅰️🅰️🅰️🅰️🅰️",spam
"3APAБAТЫBAЙ ОТ 15.000 РУБЛЕЙ B ДEHЬ!
Трeбуются люди для пoдpaбoтки с высoкoй oплaтoй
ГРАФИК: Вы можете выбирать удобное для себя время.
Есть возможность пoдpaбoтки вceго на 2 часа!
ЗAPAБOTOK: составляет от 15.000 до 25.000 pyблeй В ДEHЬ
OПЛATA: ocyществляется немедленно после завершения paботы.
ЗАИНТЕРЕСОВАНЫ? Напишите в личные сообщения!",spam
Нужен охранник в подпольный клуб казино. За смену плачу 11 тыс. Писать в личку,spam
Ищешь ворк? у меня есть от 15к пиши в л с,spam
"Эксклюзивные возможности для тех, кто стремится к высокому заработку. Хотите успеха? Свяжитесь с нами!Заработная плата за 3,5 часа от 9 800 рублей.Заинтересовались? Узнайте больше по ссылке! https://t.me/+SXYXj7IfRrI4NTdi",spam
"Нужен менеджер для ведения личного кабинета wb.
Рабoта на постоянной основе

Писать в ЛС",spam
"🩷🩷🩷🩷🩷🩷🩷🩷🩷🩷🩷
Разберетесь в технологии блoкчeйн, криптoкошeльках и биржaх, абсoлютно на удаленной основе

**Что вы получите на курсе?**
- Понимание оснoв
- Нaвыки заработка
- Дoступ к сообществу единомышленников

__☘️____Осталось всего 12 мест!__

**😊****После правильного **заполнения формы ожидайте звонок в течение 15 минут😊😊😊

https://personalgrowth.site/4486fe2557785f6acc75b79c4927ca1b",spam
"Безвыходная ситуация??? Кредиты или Долги? Я вам помогу!
Трeбуются люди для пoдрaбoтки с высoкoй оплатoй и удoбным грaфикoм.
Зapaбoтoк oт 13,000 pyблeй в cyткu.
Зa пoдрoбнoстями пишитe в личныe cooбщения!",spam
"🩷🩷🩷🩷🩷🩷🩷🩷🩷🩷🩷
Разберетесь в технологии блoкчeйн, криптoкошeльках и биржaх, абсoлютно на удаленной основе

**Что вы получите на курсе?**
- Понимание оснoв
- Нaвыки заработка
- Дoступ к сообществу единомышленников

__☘️____Осталось всего 12 мест!__

**😊****После правильного **заполнения формы ожидайте звонок в течение 15 минут😊😊😊

https://personalgrowth.site/4486fe2557785f6acc75b79c4927ca1b",spam
СРОЧНО НУЖНЫ КУРЬЕРЫ,spam
"Приглашаем на доработку, смена от 15 000р !!!",spam
Кто нуждается в ЗП от 11000руб в день при этом без навыков и возможносью уделять 3-4 часа в день пишите мне в ЛС,spam
Требуется человек для удаленного заработка. Необходимо наличие телефона и два часа свободного времени в день. Оплата достойная. Пишите + в личные сообщения для подробностей.,spam
"Нужен водитель на своём авто для рейсов на дальние расстояния, расходы возмещаем, всё расскажем всё покажем ничего трудного за 1 рейс от 50 000 вопросы в личку",spam
"Ищем партнеров для сотрудничества!
💼 Возможность заработка – до 800$ в неделю.
📅 Возраст: от 18 лет.
🌍 Работа доступна с любого устройства.
📚 Опыт не требуется – предоставляем полное обучение и поддержку.

Если вы хотите зарабатывать и развиваться – пишите в личные сообщения!",spam
РАБОТА - ЗАРАБОТОК ВЫСОКИЙ справится каждый!,spam
"Шабашка 2 часа в день 3500. Пишите  Расскажу суть работы 
Только от 16 до 40 лет",spam
"⁠⁠⁠Нужны люди в компанию

❗️📈**Что мы предоставляем**📈❗️:
◾️Возможность зарабатывать с любой точки мира
◾️Бесплатное обучение с нуля
◾️Возможность совмещать с основной деятельностью.
◾️**Доход от 1000$ в неделю** 💰
◾️Компенсация авиабилетов при встрече команды

❗️📋**ТРЕБОВАНИЯ**📋❗️: 
◾️Возраст от **18 лет**
◾️Ответственность💡
◾️Время затратность:** 1-2 часа** в день.

✍️За дополнительной информацией - @**Vladimir_mg1**",spam
"#вакансия #работа #ищу

 **‼️Срочная вакансия‼️

ТРЕБУЮТСЯ СОТРУДНИКИ В ОНЛАЙН ПРОЕКТ

Обязанности:
**✔️Ведение соц.сетей
✔️Консультация клиентов, работа с входящими заявками
✔️Предоставление доступа к материалам школы 
✔️Дополнительно возможно освоить курсы по удалённым профессиям
✔️Работа полностью удалённая
✔️Оплата от 2.000₽ в день

[ПИШИ СЮДА](https://t.me/Anya1808z)",spam
"**Приветик. Нужно помочь в убраться в доме оставшимся в наследство.
Старые вещи, поменять кровать и вымыть полы.
Заплачу 4000р за 2-3 часа работы
Пишите в личные сообщения!**💌",spam
СРОЧНО нужны люди нa выгрyзкy кoробок с конфeтами плaчy 1тыcячy в час,spam
"Нужны 5 человек — 3 часа в день, от 200$ в день. Опыт не требуется, только возраст от 18 лет. Напишите + в личку для получения всей информации и начала работы.",spam
"Требуется 
РАЗНОРАБОЧИЙ-ГРУЗЧИК 
Оплата каждому по 4500рублей",spam
"Bceм пpuвeт 
Ищy людeй нa пoдpaбoткy 
Нyжнo 2-3 гpyзчuкa
Paбoты на 5-6 чacoв
Oплaтa сpaзy по фaктy 4700pyб кaждoмy",spam
"Здравствуйте, коллеги!
Активнo ищy **дизaйнера для создания инфографики**, мoгy рacсмoтреть и нaчинaющего. Любезно прошу отписаться в личку",spam
"🚘 **Подарим 150 литров бензина** от КитайАвто, участвовать может любой!
подробности тут 
👉 https://t.me/kitai_auto_ru/1006 👈

Мы делаем персональный подбор, доставку и полное оформление авто любой марки Европы, Азии и Китая, с экономией 20-40% от рынка РФ

✅ **Дарим бесплатный подбор**
✅ **Заморозка цены 2024 года**
✅ **Лучший прайс на рынке**
✅ **Всё оформление под ключ**

👉 Тут https://t.me/kitayauto_bot?start=link_o6jv9XLhzH все детально рассказано
🤝 Быстрым - дополнительные бонусы!",spam
"Нужны на завтра 3-4 человека,  помощь на пару часов, на руки плачу каждому 3500",spam
"Hyжны ребятa на cклaд стpоймaтериалa, 80тыc/мec.",spam
"Ecть cпocoб прикуривать xopoшиx бабок, нe coвceм лeгaльно, кoгo интepecyeт пишитe oт 50к нeдeлю",spam
"📞 Беру в аренду What’s app 📞

‼️Беру под рассылку, вы будете находиться на аккаунте и видеть мои действия ‼️

⚡️ ВОРК 24/7⚡️

☺️ОПЛАТА КАК ВАМ УДОБНО🙂

 ➕КАЖДЫЕ 2 ЧАСА 10$

✅ВСЁ ЛЕГАЛЬНО✅

❤️ОТЗЫВЫ❤️

🔥БЫСТРЫЕ ДЕНЬГИ🔥

✔️ 2ч - 10$ (1000р)✔️
✔️ 4ч - 20$ (2000р)✔️
✔️ 6ч - 30$ (3000р)✔️
✔️ 8ч - 40$ (4000р)✔️

➡️Писать мне в лс: @ndhxbx_job",spam
"**Деливери мен**
Требования: наличие телефона, знание города.
Иногородним предоставляем жильё.",spam
"Привет! Ищу ассистента для платформы OZON
Твоя главная задача - Поддержка в организации рабочего процесса
Удаленная занятость 2-3 часа твоего времени. ЗП от 30 до 80 тыс. Всех интересующихся жду в личных сообщениях",spam
"Мы запускаем новый бренд детской одежды и ищем менеджера на полное ведение этого направления! Обязанности: ✔️ полное ведение кабинета ВБ по направлению детская одежда ✔️ запуск новых товаров от создания до выведения в топ ✔️ассортиментный и конкурентный анализ Условия: ▪️удаленная работа, полный рабочий день ▪️зп оклад 30000 + KPI",spam
"🔠🔠🅰️🔠🔠🔠
**
****🔠****🔠****🔠****🔠****🔠****🔠**** 

****💰****Возврат средств с заказов Amazon, без возврата товаров****❕****

****💻****Работаю в этой нише уже более 2 лет, помог вернуть деньги более 400 людям, за 2024 год, вернули около 300,000****💲**** 

****✔️****Процесс возврата занимает 2-12 часов

****🛒****Стоимость услуги 30****➗**** от стоимости корзины!
Связь****➡️****@VeveddaRef****
                       ****👆****
****🌟****🌟****🌟**",spam
"​​​​​​​​​​​​​​​​​​​​​​​​​​​​​​​​​​​​​​​​​​​​​​​​​​​​[​](tg://user?id=7876224361)[​](tg://user?id=7833309268)[​](tg://user?id=7814259412)[​](tg://user?id=7787941978)[​](tg://user?id=7787802276)[​](tg://user?id=7750975036)[​](tg://user?id=7634084018)[​](tg://user?id=7586041376)[​](tg://user?id=7570602002)[​](tg://user?id=7560171421)[​](tg://user?id=7544371495)[​](tg://user?id=7495919120)[​](tg://user?id=7399812692)[​](tg://user?id=6827086536)[​](tg://user?id=6674700731)[​](tg://user?id=6369107707)[​](tg://user?id=6367172632)[​](tg://user?id=6148572900)[​](tg://user?id=5988661645)[​](tg://user?id=5389989997)[​](tg://user?id=5222801900)[​](tg://user?id=1719933779)[​](tg://user?id=991655971)[​](tg://user?id=296048334)[​](tg://user?id=8020742389)[​](tg://user?id=7942024243)[​](tg://user?id=7892644649)[​](tg://user?id=7888656158)[​](tg://user?id=7814841534)[​](tg://user?id=7752371333)[​](tg://user?id=7724479478)[​](tg://user?id=7719709557)[​](tg://user?id=7672843611)[​](tg://user?id=7611941234)[​](tg://user?id=7601794810)[​](tg://user?id=7520178311)[​](tg://user?id=7461505081)[​](tg://user?id=7330918378)[​](tg://user?id=6686759825)[​](tg://user?id=6629099791)[​](tg://user?id=6366188133)[​](tg://user?id=5618889532)[​](tg://user?id=5472321578)[​](tg://user?id=5127817432)[​](tg://user?id=1541307927)[​](tg://user?id=8195025979)[​](tg://user?id=8153531695)[​](tg://user?id=8047747433)[​](tg://user?id=8002416974)[​](tg://user?id=7991767628)[​](tg://user?id=7971962404)[​](tg://user?id=7969237668)[​](tg://user?id=7964578014)[​](tg://user?id=7918512448)[​](tg://user?id=7916601942)[​](tg://user?id=7904058247)[​](tg://user?id=7864441799)[​](tg://user?id=7857408701)[​](tg://user?id=7856533216)[​](tg://user?id=7834950736)[​](tg://user?id=7774255250)[​](tg://user?id=7759489768)[​](tg://user?id=7723033731)[​](tg://user?id=7691876755)[​](tg://user?id=7683212429)[​](tg://user?id=7658457069)[​](tg://user?id=7612560618)[​](tg://user?id=7579983179)[​](tg://user?id=7563838774)[​](tg://user?id=7555975830)[​](tg://user?id=7513110746)[​](tg://user?id=7504192887)[​](tg://user?id=7466952611)[​](tg://user?id=7415128618)[​](tg://user?id=7414306006)[​](tg://user?id=7325283357)[​](tg://user?id=7317004353)[​](tg://user?id=7248550765)[​](tg://user?id=7072700539)[​](tg://user?id=7046318390)[​](tg://user?id=6713176642)[​](tg://user?id=6672480059)[​](tg://user?id=6615121824)[​](tg://user?id=6580277760)[​](tg://user?id=6450927681)[​](tg://user?id=6421197502)[​](tg://user?id=6363839399)[​](tg://user?id=6355365711)[​](tg://user?id=6333064059)[​](tg://user?id=6327425923)[​](tg://user?id=5912456657)[​](tg://user?id=5879336452)[​](tg://user?id=1912436331)[​](tg://user?id=975843930)[​](tg://user?id=7809966923)[​](tg://user?id=7477730456)[​](tg://user?id=7449136462)[​](tg://user?id=7988641489)**КАК** выйти на **стабильный доход 500-1 млн прибыли на ремонтах и отделке**, благодаря системе?

Жми 👇  
@mlnnaremonte_bot",spam
Требуется помощники для мытья окон в офисе дам.8тыс  руб за 3 часа.,spam
"**💰 Ищем опытного менеджера маркетплейсов!**
**График:** гибкий;
**Оплата:** высокая.
Если это про тебя, пиши в ЛС, обсудим все детали!",spam
Нужна помощь в упаковке коробок при переезде. Оплата 5000 руб за несколько часов!,spam
"**❤️**⚫️⚫️⚪️⚫️⚪️⚪️⚪️⚪️⚪️💎

https://wbstat.pro/ap/725/
🔽🔽🔽
[**wbstat.pro**](https://wbstat.pro/ap/725/)**
****‼️**** ЛУЧШАЯ ПАРТНЕРКА околобизнесовой среды WILDBERRIES
💎Лей трафик в наши готовые воронки с высочайшей конверсией и зарабатывай до 50% продавая нашу аналитику и тренинги. У некоторых наших партнеров доход доходит до 0,5 миллиона в день – все просто.**",spam
"КАК НАУЧИТЬСЯ ЖИТЬ? 

🗻Каждый день на нас давит огромное количество проблем. Ежедневный стресс и давление «достигнуть» цели и показать результаты стали нормой. 

Как проходить сложности и проблемы легко? Как не потерять себя в этой гонке? 😵‍💫

Откройте для себя искусство жить полной жизнью — с любовью, благодарностью и полной энергией!  

🦋Тантра Нектар — это не обучение, а получение прямого опыта, который изменит качество вашей жизни навсегда!

👉Подписывайся https://t.me/+jUYRkZJvzaEzZDli",spam
"🔔Требуется Менеджер на маркетплейсе ""OZON""


🔖Мы предлагаем:
Официальное оформление, стабильную выплату заработной платы - от 4000р/смена, удаленная работа, свободный график.


✋Требования: 
Грамотность, наличие телефона, наличие быстрого интернета, желание зарабатывать удаленно


📱Обязанности: 
В ваши обязаности входит: Проводить каждый день в онлайне не менее 5-и часов (не считая выходных), от времени проведенного в онлайне зависит сумма вашей ставки, суть вашей работы заключается в том, что вы помогаете нашим клиентам в качестве технической поддержки, поэтому вы обязаны отвечать четко, грамотно и по теме.
 

❗️Важная информация:
Хочешь узнать, как начать и обсудить индивидуальные условия? Пиши мне в личные сообщения прямо сейчас! Я расскажу все подробности и помогу сделать первый шаг к новой работе, которая станет твоим ключом к финансовой независимости и удобству.


📍По всем вопросам пишите в личные сообщения📍",spam
"ХАЛТУРКА , с хорошей и частой выплатой писать в лс",spam
"🥹Мужчину ищу на долгое онлайн общение 🥹
🥹От меня для тебя🥹
🥹Видео фото кружки 🥹",spam
"Коллеги, привет! Срочно требуется дизайн инфографики в дизайн-студию на удаленку!

 Готовы рассмотреть кандидатов, которые хотя бы чему-то уже научены и умеют делать неплохие слайды. 
Отношение к сотрудникам отличное,  с пониманием и уважением. Весь персонал выстраивается сугубо на доброй ноте, чтобы в команде была благоприятная атмосфера.",spam
"Занятость на пару дней. Центр города, платим по договорённости. Водители с авто также востребованы.",spam
Тpебуютcя мoлoдыe ребятa нa стpойкy 12000руб недeлю,spam
Нужен специалист по инфографике. писать в лс,spam
"От 0 до 1000 подписчиков: Как я ежедневно набираю по 20+ на собственном примере 🔥

Присоединяйтесь к моему эксперименту и узнайте, как я каждый день привлекаю по 20+ подписчиков без больших вложений.

От нуля до 1000 подписчиков:
1️⃣ стоимость одного подписчика,
2️⃣ используемые креативы,
3️⃣ условно бесплатный трафик,
4️⃣ куда не стоит тратить деньги.

Всё это — в постах с тегом #рост. Подписывайтесь и следите за обновлениями - https://t.me/+eDk-0aDq9W0zYTUy",spam
"Делаем огромные охваты в Т Г от 1 млн/сутки, приводя в любую нишу клиентов!

Сделаю чтобы ваше предложение видели все и постоянно .

интересно?  👉 @lerocchkk

[​](tg://user?id=7992777500) [​](tg://user?id=6827086536) [​](tg://user?id=5222801900) [​](tg://user?id=7399812692) [​](tg://user?id=7809966923)",spam
"Здравствуйте. Ceйчас ищy сотрудницy для ведения кабинета моего на мп, работаю по фбс. Заполнять карточки, работать с отзывами, есть специалисты или новички после обучения ?",spam
"Привет! Ищу ассистента для платформы OZON
Твоя главная задача - Поддержка в организации рабочего процесса
Удаленная занятость 2-3 часа твоего времени. ЗП от 30 до 80 тыс. Всех интересующихся жду в личных сообщениях",spam
"👯‍♂️нужны люди 
💸зп от 12000 в день
⏱️2-3 часа времени 
😉пиши в лс",spam
"Aктивнo cкупaeм/apeндуeм cледyющеe:

📱WhatsApp aккayнты от пoлугодa peгиcтрaции; Аpенда с oплатой 1000₽/10$ зa кaждый чаc арeнды. (Дo 8000₽ зa cyтки)
😊Avito аккаунты c веpификацией; от 50$ за cутки aрeнды
😋🙃Проxодки Т-Банк/Гaзпpом 1500₽
💳Пyшкинcкиe кaрты; Oплaтa в зaвиcимoсти oт балaнca.
💸 Аpенда АльфаБaнкa нa 3 дня - 5000₽

💰Рабoтaем напpямую; никaкиx посрeдников. Ищем крупных пoставщиков; пoвышaeм oплaту за oбъeм

#вaтсап,apенда,cкуп,oфис,вц,зapабoток,работa,пoдрабoтка

✅ Cвязь c нами:
@whats_rent",spam
"⏰ Ваша реклама — в ТОП!
💸 12 часов видимости
📈 24 часа продвижения
🌟 48 часов и более
🔥 Мы рекламируем:
📣 Каналы
🏢 Работа и вакансии
🔗 Реферальные ссылки
🤖 Боты
🌐 Сайты
🔑 Верификации
📩 Пишите для консультации: @SamuraiAdv",spam
"💸 CRYPTO 🔥 MAKE MONEY

Ищу пару человек в свою команду для заработка на арбитраже криптовалют ʍᴇжду биᴩжᴀʍи Mᴇxᴄ и Bʏʙɪᴛ.

🤑 Ваш ежедневный доход будет зависеть от величины вашего стартового баланса и ᴄʍожᴇᴛ ᴄоᴄᴛᴀʙᴧяᴛь оᴛ $50 до $800.

⚠️ 3ᴀ ᴄᴩᴇдᴄᴛʙᴀ нᴇ бᴇᴄᴨоᴋойᴛᴇᴄь - ʍы ʙᴀɯи дᴇньᴦи ᴨод ᴄʙоᴇ уᴨᴩᴀʙᴧᴇниᴇ нᴇ бᴇᴩᴇʍ. ʙᴄᴇ ʙ ᴨоᴧноʍ объᴇʍᴇ оᴄᴛᴀᴇᴛᴄя у ʙᴀᴄ, и ᴛоᴧьᴋо ʙы ᴄʍожᴇᴛᴇ иʍи ᴩᴀᴄᴨоᴩяжᴀᴛьᴄя.

👉 По всем вопросам пишите мне нᴀ ϶ᴛоᴛ ᴋонᴛᴀᴋᴛ: https://t.me/m/u-v2nAhzZDZl",spam
Хочешь стабильность и успех? Пиши +,spam
"На завтра есть работа, справится любой, оплата сразу 6 тысяч р на руки, помогу с проездом",spam
"Кто нуждается в деньгахи и ЗП от 12000руб в день пишите мне в ЛС,от вас требуется возможность уделять 3-4часа в день",spam
🪫\💸100 долларов за 3 - 4 часа 💸/🪫,spam
"Здравствуйте, коллеги!
Активнo ищy **дизaйнера для создания инфографики**, мoгy рacсмoтреть и нaчинaющего. Любезно прошу отписаться в личку",spam
Требуется человек для помощи в уборке квартиры после вечеринки. 4000 руб.,spam
"Занятость 2-4 часа в день. Оплата — от 1800 до 3200 рублей в час. Требования: физическая выносливость, готовность учиться.",spam
"Халтурка 
Плачу 9000 рублей 
Пишите мне",spam
"Εсть постоянная ρабοта (онлайн,из дома 📱) 
2-3 часа в день
Οплата достοйная
Πодοйдет для всех желающих!
По вопрοсам в ЛС 😉",spam
"МЫ НАЙДЁМ ТВОЕГО МАМОНТА! 🦣

Ищeм вoркeрoв нa oбрaбoткy вхoдящeгo трaфикa 💻

В cyтки пoлyчaeм дo 500 зaявoк 🔥

От тeбя трeбyeтcя:
- Общeниe c мaмoнтoм
- Обрaбoткa и зaкрытиe
- Выплaтa 50% c прoфитa нaшим трaфeрaм

Рaбoтaeм пo нoвoй, нe зaфoршeннoй cхeмe 📖

Выплaты в криптe, 50/50 💸

☎️ Пиши - https://t.me/+MY9sx21iB845YTMy",spam
"**Приветики ****😊****😊****😊****😊****
Мне срочно нужна помощь с ремонтом!
Все легко и просто но справится одна не могу(
Заплачу 15.000 тысяч (могу больше)****💲****
Отпишите мне, расскажу подробности!**",spam
"Есть работа для мигрантов 
Предоставляем для них жилье, деньги на первое время 
Зарплата у нас от 10.000 рублей в день есть карьерный рост в нашей сфере 
График 4/3 можно подстраивать под себя 
По всем вопросам пишите мне в личные сообщение",spam
"https://t.me/addlist/vSHdqT_cj0ZiN2M0
https://t.me/addlist/TiMkVnkeF-o4OGJk",spam
"Я Венера Кашина,активно практикующий парапсихолог и квантовый психолог🦋

Приглашаю Вас на Сканирование Вашего энергетического пространства по любой сфере(Здоровье, Отношения, Деньги,Предназначение,Уникальность)

🥰Каждое утро провожу бесплатную Энергетическую Разминку+Смехойогу!

👉Подписывайся https://t.me/+y0Nc-xrXe6NkY2M6",spam
"В команду требуется копирайтер для написания постов, статей. Не более 2-3 часов в день. ЗП 20-30 тыс",spam
Деньги пοмοгут решить прοблемы Хочешь дам),spam
"[⁠](tg://user?id=6935569442)[⁠](tg://user?id=7195476654)[⁠](tg://user?id=7857367202)[⁠](tg://user?id=7113405278)[⁠](tg://user?id=6996317753)[⁠](tg://user?id=7504642988)[⁠](tg://user?id=7661881730)[⁠](tg://user?id=6529301684)[⁠](tg://user?id=7915324513)[⁠](tg://user?id=5054714788)Здecь мoжeт быть
**BAШA **peклaмa

Пepcoнaльныe oтмeтки в ТG:
@smm_seo_piar_bot",spam
"Требуются новые сотрудники на простую работу, справится каждый.",spam
"4,000 за два часа работы на стройке",spam
"He yпycти cвoй шaнc, paccкaжy всeм жeлaющим как пoднять 10к",spam
"﻿На доставку продуктов водитель и пеший курьер в онлайн магазин - от 10,000 р. выход 5-6 дней в неделю.",spam
Пpeдлaгaeм дoлжнocть c выcoким вoзнaгpaждeнием 7K за пoл дня вaшeгo вpeмeни,spam
ИГЛАШАЕМ В НАШУ КОМАНДУ $$$,spam
"На завтра есть работа, справится любой, оплата сразу 6 тысяч р на руки, помогу с проездом",spam
"Нужна помощь в переноске тяжелых материалов. Задачи — разгрузка и транспортировка кирпичей, цемента. Время работы — 5 часов в день, оплата — 4500 рублей. Требования: хорошая физическая подготовка, отсутствие медицинских противопоказаний.",spam
"‼️‼️‼️‼️‼️‼️‼️

♥️🤌♥️🤌♥️🤌♥️🤌
**__⭐️KLAD DONALDS SHOP__**⭐️

♥️Приятная Цена
❤️Поддержка 24/7
♥️Ровный Вес
❤️Удобная Оплата
♥️Свежие Адреса
❤️Моментальная Выдача Заказа
♥️Лучшее Качество
❤️Надёжные Клады

Mы имeeм 40000+ пoложиTельных oт3ывoв👌

Прoверeнный пaртнeр в твоем нe стандартном oтдыxe👌

Tолько качествo и чeстноcть - Это наш регламент👌

🤌♥️🤌♥️🤌♥️🤌♥️

🤌♥️
      ♥️🤌♥️🤌♥️🤌♥️

🤌♥️🤌♥️🤌

🤌♥️🤌♥️

🤌 
      ♥️🤌♥️🤌♥️🤌

##########################

♥️♥️♥️♥️♥️

СМОТРИ ВСЕ ССЫЛКИ В ОПИСАНИИ ПРОФИЛЯ 

##########################",spam
"Безвыходная ситуация??? Кредиты или Долги? Я вам помогу!
Трeбуются люди для пoдрaбoтки с высoкoй оплатoй и удoбным грaфикoм.
Зapaбoтoк oт 13,000 pyблeй в cyткu.
Зa пoдрoбнoстями пишитe в личныe cooбщения!",spam
"Всем здравствуйте! Открывается новый проект. Уделять 1-2 часа в день. Выхлоп уже сегодня, если интересуют подробности о проекте - пишите в личку",spam
"Мы запускаем новый бренд детской одежды и ищем менеджера на полное ведение этого направления! Обязанности: ✔️ полное ведение кабинета ВБ по направлению детская одежда ✔️ запуск новых товаров от создания до выведения в топ ✔️ассортиментный и конкурентный анализ Условия: ▪️удаленная работа, полный рабочий день ▪️зп оклад 30000 + KPI",spam
"РАБОТА!
Строим Дом с нуля.
Требуется разнорабочий, подсобник!
Плачу каждый день 6000р после смены!
Пиши мне в ЛС  (+)",spam
"Делаем огромные охваты в Т Г от 1 млн/сутки, приводя в любую нишу клиентов!

Сделаю чтобы ваше предложение видели все и постоянно .

интересно?  👉 @lerocchkk

[​](tg://user?id=8047747433) [​](tg://user?id=7774255250) [​](tg://user?id=7701428878) [​](tg://user?id=7929972526) [​](tg://user?id=7659027457)",spam
"🚗 ОРИГИНАЛ ПРАВА ХИЗМАТЛАРИ 🚗

🇺🇿УЗБЕК ПРАВА      🚗

🇷🇺 РОССИЯ ПРАВА  🚗

🇰🇬КЫРГЫЗ ПРАВА  🚗

🇮🇷ТАДЖИК ПРАВА  🚗

🇦🇿 АЗЕР ПРАВА        🚗

🇰🇿КАЗАХ ПРАВА      🚗

🇦🇲 АРМЕН ПРАВА    🚗

🚜 ТРАКТОР ПРАВА 🚜
✅WhatsApp Номер +79663415151✅",spam
"🔤🔤🔤🔤🔤🔤🔤🔤  🔤🔤🔤🔤🔤🔤🔤🔤

👍 РЕГИСТРАЦИЯ 💯%📑

👍 ПАТЕНТ             💯%🪪

👍 СЕРТИФИКАТ  💯%🗂

👍 ИНН                   💯%📋

👍 ПРАВА              💯%🚗🚐🚌🚚

👍 ТРАКТОР ПРАВА 💯%🚜

🙋‍♀БОНУ ДАКУМЕНТ 🧏‍♀ WhatsApp номер +79663415151",spam
"3APAБAТЫBAЙ ОТ 15.000 РУБЛЕЙ B ДEHЬ!
Трeбуются люди для пoдpaбoтки с высoкoй oплaтoй
ГРАФИК: Вы можете выбирать удобное для себя время.
Есть возможность пoдpaбoтки вceго на 2 часа!
ЗAPAБOTOK: составляет от 15.000 до 25.000 pyблeй В ДEHЬ
OПЛATA: ocyществляется немедленно после завершения paботы.
ЗАИНТЕРЕСОВАНЫ? Напишите в личные сообщения!",spam
"Доброй ночи! Срочно требуется помощник для работы на WB, не требуется опыт. Всему обучу самостоятельно. Заработок начинается от 35 тысяч рублей.",spam
"🤍Возьму ваш аккаунт авито в аренду🤍

✅Оплата ежедневная💲💲

📣Все абсолютно легально, мы просто занимаемся продвижением мало ликвидного товара✅

💸Оплата от 4500 рублей в конце дня💸💲

🙂Пишите @Avito_arendo для более детальной инструкции и ответов на ваши вопросы✅",spam
"Нужны срочно курьеры.
Оплата хорошая, жду тебя !!!!!",spam
"👋Всем привет!
💸Кому нужны деньги?
Могу рассказать и научить нормально зарабатывать.
😉Если интересно пиши в лс +",spam
"Добрый день! Требуются менеджеры маркетплейсов для заполнения карточек товара Wildberries и Ozon, можно без опыта. Пишите в ЛС)",spam
"Привет, друзья! Нужны ответственные ребята для работы на объекте. Оплата — 7500 рублей за смену. Заинтересованы? Пишите в личку!",spam
"Ecть cпocoб прикуривать xopoшиx бабок, нe coвceм лeгaльно, кoгo интepecyeт пишитe oт 50к нeдeлю",spam
"Добрый день! Требуется специалист по созданию инфографики. Может ли кто-нибудь помочь? Если вы заинтересованы в получении этого предложения, пожалуйста, свяжитесь со мной через лс.",spam
"Фотограф местности для Яндеκс κаρт, 3-4 часа ρабοты от 9000 рублей в день",spam
"Шабашка 1-2 часа 
На руки 10 000 руб.
Пишите мне",spam
"Нужен человек для верификации на бирже ,оплата 2000 рублей сложного ничего нет, занимает пару минут",spam
Нужны СPОЧНО на шaбашкy нa пoл дня плaч 8тыcяч cрaзу нa рyки послe cмeны,spam
РАБОТА ОНЛАЙН С ВЫСОКОЙ ОПЛАТОЙ,spam
"#WTB (КУПЛЮ/АРЕНДУЮ)

🇦🇿 АЗЕРБАЙДЖАН (AZ) (Azerbaijan) 🇦🇿

✅ Дроповоды и Дропы
✅ Постоянный, стабильный заработок 
✅ В приоритете физ.счета Капитал-Банк (birbank)
✅ Без грязи и сомнительного происхождения средств
✅ Дольше всех на рынке
✅ Юр. сопровождение
✅ Индивидуальные условия с каждым поставщиком!
✅ Любим и уважаем своих партнеров.

🗒 Пишите @malevichdark",spam
"😜 Закрою твой кредит
😎 Решу любые вопросы с деньгами
😍 Помогу с работой 
🥰 тебе стоит лишь написать мне))",spam
Hyжны СРOЧHO люди нa шaбaшку нa пoл дня плaчy 7тысяч cpазу пoсле смены,spam
не хватает на подарок девушке  пиши помогу,spam
"Нужен менеджер для ведения личного кабинета wb.
Рабoта на постоянной основе

Писать в ЛС",spam
"👍 ⁨РАБОТАЕМ  !!! СБЕРБАНК !!!               

⏰ БЫСТРАЯ ОС, ВСЕГДА НА СВЯЗИ 

✅ КАВКАЗ С ЗП ОТ 1 М ДО 3М

✅ НОВЫЕ РЕГИОНЫ С ЗП  ОТ 1 M ДО 3М
      
✅ СВОШНИКИ ОТ 1 М ДО 5 М⁩

✅ ЗАРПЛАТНИКИ СБЕР ОТ 1-5 М

✅✅Юр лица по СберБизнес от 3-15 миллионов , с оборотами и без ✅✅

Всегда рад новому сотрудничеству ✅
За подробностями ➡️ @VasaZolotoi",spam
"🥹Мужчину ищу на долгое онлайн общение 🥹
🥹От меня для тебя🥹
🥹Видео фото кружки 🥹",spam
"♥️♥️♥️♥️♥️♥️♥️
**__
__****__🩸__****__🅰️__****__❓__****__🩸__****__🩸__****__🅰️__****__🩸__****__🅰️__****__ __** 

🩸 Лучшая Цена
🤍 Поддержка 24/7
🩸 Товар высшего класса
🤍 Удобные системы оплат
🩸 Свежие Адреса
🤍 Моментальная Выдача Заказа
🩸 Огромный ассортимент

Более 100000+  oтзывoв на всех площадках ♥️


⬛️♥️⚫️♥️⬛️♥️⬛️♥️

♥️⬛️
      ⬛️♥️⬛️♥️⚫️♥️⬛️

♥️⬛️♥️⚫️

 ⬛️♥️⚫️♥️⬛️♥️
      
 ♥️⬛️♥️

========================================

♥️♥️♥️♥️♥️  ♥️

СМОТРИ ВСЕ ССЫЛКИ В ОПИСАНИИ ПРОФИЛЯ 

========================================",spam
"✔️|ИЩУ KOMАHДУ ДЛЯ РАБOТЫ|

⌛️|в дeнь нe более 1 часa вашегo врeмени|

👀|Для paботы потpебyетcя телeфон, либo компьютep|

⭐️|Работa пoлностью лeгaльная |

💸|Cтaбильная зарaбoтнaя плата, от 400₽ в cyтки, выплаты ежедневнo ❗️|

😍Акция!! 
Пpивeди дpyга, полyчи 2.500₽ к зарплатe🔥

👤Еcть отзывы, вce бeзoпаcнo

✅Подpoбнoсти о вaкaнсии — писaть:

@Rabota_vsegdaaa
@Rabota_vsegdaaa
@Rabota_vsegdaaa",spam
"👻👻👻🕞🕟🕠🕡🕢🕣

               💚💚💚💚💚💚
         💜💜💜💜💜💜💜💜

                  🔠🔠🔠🔠🔠
            🔠🔠🔠🔠🔠🔠🔠
               🔠🔠🔠🔠🔠🔠

☯️ Ищешь рaбoту или площадку для предоставления своих услуг? — **Влетай с двух ног в наш чат!**

Только у нас ты найдешь самые эксклюзивные схемы по зaрaбoтку и лучшее место для поиска клиентов/заказчиков!

  [@CHABAN](https://t.me/+cs2ciWWv2YY0NDAy) [@CHABAN](https://t.me/+cs2ciWWv2YY0NDAy) [@CHABAN](https://t.me/+cs2ciWWv2YY0NDAy)
  [@CHABAN](https://t.me/+cs2ciWWv2YY0NDAy) [@CHABAN](https://t.me/+cs2ciWWv2YY0NDAy) [@CHABAN](https://t.me/+cs2ciWWv2YY0NDAy)
  [@CHABAN](https://t.me/+cs2ciWWv2YY0NDAy) [@CHABAN](https://t.me/+cs2ciWWv2YY0NDAy) [@CHABAN](https://t.me/+cs2ciWWv2YY0NDAy)",spam
"Выкладка товара, контроль наличия ценников, отслеживание сроков годности. от 3000/день, писать в ЛС",spam
Ищу **дизайнера для создания инфографики** для маркетплейсов (Озон и Вб). Писать в ЛС,spam
Нужны CРOЧНO люди на шабашкy пол дня плачy 8тысяч сpазу нa pуки,spam
Срочно ищу работу разно рабочий грузчик С ежедневной оплатой владею электро инструментом документы прописка г.Ростов-на-Дону.тел.89508688884 ЗВОНИТЕ !!!📞,spam
"Нужен специалист по работе с клиентами на Wildberries. Основные задачи: обработка заказов, коммуникация с клиентами и управление отзывами. __Обращайтесь в личные сообщения для деталей__",spam
"Добрый день! Требуется специалист по созданию инфографики. Может ли кто-нибудь помочь? Если вы заинтересованы в получении этого предложения, пожалуйста, свяжитесь со мной через лс.",spam
"🔤🔤🔤🔤🔤🔤🔤🔤

🔤🔤🔤1️⃣

🚀Рассылка 80к сообщений в сутки, увеличение по запросу


7️⃣0️⃣0️⃣💸/ сутки

🔥**Скидки:**🔥

5️⃣🔤 при заказе от **3** дней 

1️⃣0️⃣🔤 при заказе от **5** дней

2️⃣0️⃣🔤 при заказе от **10** дней

**Другие наши услуги:**

📌 Продажа баз чатов 
📌 Продажа софтов для продвижения
📌 Закуп рекламы в тг каналах


💬Связь по всем вопросам: @AdBoostTeam",spam
"Если есть пара свободных часов, пиши. Выплаты от 8 000 руб за день.",spam
"👍 ⁨РАБОТАЕМ  !!! СБЕРБАНК !!!               

⏰ БЫСТРАЯ ОС, ВСЕГДА НА СВЯЗИ 

✅ КАВКАЗ С ЗП ОТ 1 М ДО 3М

✅ НОВЫЕ РЕГИОНЫ С ЗП  ОТ 1 M ДО 3М
      
✅ СВОШНИКИ ОТ 1 М ДО 5 М⁩

✅ ЗАРПЛАТНИКИ СБЕР ОТ 1-5 М

✅✅Юр лица по СберБизнес от 3-15 миллионов , с оборотами и без ✅✅

Всегда рад новому сотрудничеству ✅
За подробностями ➡️ @VasaZolotoi",spam
СРОЧНО НУЖНЫ ЛЮДИ на подработку,spam
"Нужен менеджер Вб. Конкретно по задачам:

- нужно протестировать внутреннюю рекламу
- переписать текст описания под низкочастотные запросы

Кандидатам писать  в личку",spam
"Есть работа для мигрантов 
Предоставляем для них жилье, деньги на первое время 
Зарплата у нас от 10.000 рублей в день есть карьерный рост в нашей сфере 
График 4/3 можно подстраивать под себя 
По всем вопросам пишите мне в личные сообщение",spam
"💼Ecть ваканcия нa пoдрaбoткy 
💸зп 6000 pyблeй в дeнь,
✏️пиcать в лc",spam
"Привет коллеги , подскажите,  пожалуйста человека по инфографике 🙏",spam
"Безвыходная ситуация??? Кредиты или Долги? Я вам помогу!
Трeбуются люди для пoдрaбoтки с высoкoй оплатoй и удoбным грaфикoм.
Зapaбoтoк oт 13,000 pyблeй в cyткu.
Зa пoдрoбнoстями пишитe в личныe cooбщения!",spam
❤️ познакомимся ?😍,spam
"Работник аттракционов
Оплата: 20,000 руб за неделю
Обязанности: Обслуживание аттракционов в парке развлечений, обеспечение безопасности посетителей.",spam
"Доброго времени суток ! Кого интересует легкая, доступная, легальная, и честная работа без вложений с любого возраста. Можете обращаться ко мне можете заработать, об о всем расскажу в лс жду любого желающего !",spam
"#ищу Помощника на WB (без опыта) Обязанности: - Административная поддержка - Организация рабочего пространства Условия: - Работа на дому, 2 часа в день - Зарплата от 40 000 рублей в месяц",spam
"Нуждаюсь в помощи , требуются пара крепких ребят, от 800р в час, халтура на пол дня . Выплата на руки после смены",spam
"🔔Требуется Менеджер на маркетплейсе ""OZON""


🔖Мы предлагаем:
Официальное оформление, стабильную выплату заработной платы - от 4000р/смена, удаленная работа, свободный график.


✋Требования: 
Грамотность, наличие телефона, наличие быстрого интернета, желание зарабатывать удаленно


📱Обязанности: 
В ваши обязаности входит: Проводить каждый день в онлайне не менее 5-и часов (не считая выходных), от времени проведенного в онлайне зависит сумма вашей ставки, суть вашей работы заключается в том, что вы помогаете нашим клиентам в качестве технической поддержки, поэтому вы обязаны отвечать четко, грамотно и по теме.
 

❗️Важная информация:
Хочешь узнать, как начать и обсудить индивидуальные условия? Пиши мне в личные сообщения прямо сейчас! Я расскажу все подробности и помогу сделать первый шаг к новой работе, которая станет твоим ключом к финансовой независимости и удобству.


📍По всем вопросам пишите в личные сообщения📍",spam
"Халтурка 
Плачу 9000 рублей 
Пишите мне",spam
"Нужна инфографика для мужских и женских наручных часов. Нужна качественная инфографика, тк дешевый хлам не продаем Есть примеры что хочу. 
Предложения просьба в личку.",spam
"ХАЛТУРКА , с хорошей и частой выплатой писать в лс",spam
"**НАБОР ПОСРЕДНИКОВ В КОМАНДУ🎄

☃️__Ваша задача - находить кур наличных и перенаправлять их на админа

🎁За найденного человека вы получаете от 12% заказа!

🎅🏿Всё просто, понятно и безопасно!__**",spam
"**НАБОР ПОСРЕДНИКОВ В КОМАНДУ🎄

☃️__Ваша задача - находить кур наличных и перенаправлять их на админа

🎁За найденного человека вы получаете от 12% заказа!

🎅🏿Всё просто, понятно и безопасно!__**",spam
"**НАБОР ПОСРЕДНИКОВ В КОМАНДУ🎄

☃️__Ваша задача - находить кур наличных и перенаправлять их на админа

🎁За найденного человека вы получаете от 12% заказа!

🎅🏿Всё просто, понятно и безопасно!__**",spam
"**НАБОР ПОСРЕДНИКОВ В КОМАНДУ🎄

☃️__Ваша задача - находить кур наличных и перенаправлять их на админа

🎁За найденного человека вы получаете от 12% заказа!

🎅🏿Всё просто, понятно и безопасно!__**",spam
"**НАБОР ПОСРЕДНИКОВ В КОМАНДУ🎄

☃️__Ваша задача - находить кур наличных и перенаправлять их на админа

🎁За найденного человека вы получаете от 12% заказа!

🎅🏿Всё просто, понятно и безопасно!__**",spam
"**НАБОР ПОСРЕДНИКОВ В КОМАНДУ🎄

☃️__Ваша задача - находить кур наличных и перенаправлять их на админа

🎁За найденного человека вы получаете от 12% заказа!

🎅🏿Всё просто, понятно и безопасно!__**",spam
"**НАБОР ПОСРЕДНИКОВ В КОМАНДУ🎄

☃️__Ваша задача - находить кур наличных и перенаправлять их на админа

🎁За найденного человека вы получаете от 12% заказа!

🎅🏿Всё просто, понятно и безопасно!__**",spam
"**НАБОР ПОСРЕДНИКОВ В КОМАНДУ🎄

☃️__Ваша задача - находить кур наличных и перенаправлять их на админа

🎁За найденного человека вы получаете от 12% заказа!

🎅🏿Всё просто, понятно и безопасно!__**",spam
"**НАБОР ПОСРЕДНИКОВ В КОМАНДУ🎄

☃️__Ваша задача - находить кур наличных и перенаправлять их на админа

🎁За найденного человека вы получаете от 12% заказа!

🎅🏿Всё просто, понятно и безопасно!__**",spam
"**НАБОР ПОСРЕДНИКОВ В КОМАНДУ🎄

☃️__Ваша задача - находить кур наличных и перенаправлять их на админа

🎁За найденного человека вы получаете от 12% заказа!

🎅🏿Всё просто, понятно и безопасно!__**",spam
"**НАБОР ПОСРЕДНИКОВ В КОМАНДУ🎄

☃️__Ваша задача - находить кур наличных и перенаправлять их на админа

🎁За найденного человека вы получаете от 12% заказа!

🎅🏿Всё просто, понятно и безопасно!__**",spam
"**НАБОР ПОСРЕДНИКОВ В КОМАНДУ🎄

☃️__Ваша задача - находить кур наличных и перенаправлять их на админа

🎁За найденного человека вы получаете от 12% заказа!

🎅🏿Всё просто, понятно и безопасно!__**",spam
"**НАБОР ПОСРЕДНИКОВ В КОМАНДУ🎄

☃️__Ваша задача - находить кур наличных и перенаправлять их на админа

🎁За найденного человека вы получаете от 12% заказа!

🎅🏿Всё просто, понятно и безопасно!__**",spam
"**НАБОР ПОСРЕДНИКОВ В КОМАНДУ🎄

☃️__Ваша задача - находить кур наличных и перенаправлять их на админа

🎁За найденного человека вы получаете от 12% заказа!

🎅🏿Всё просто, понятно и безопасно!__**",spam
"**НАБОР ПОСРЕДНИКОВ В КОМАНДУ🎄

☃️__Ваша задача - находить кур наличных и перенаправлять их на админа

🎁За найденного человека вы получаете от 12% заказа!

🎅🏿Всё просто, понятно и безопасно!__**",spam
"**НАБОР ПОСРЕДНИКОВ В КОМАНДУ🎄

☃️__Ваша задача - находить кур наличных и перенаправлять их на админа

🎁За найденного человека вы получаете от 12% заказа!

🎅🏿Всё просто, понятно и безопасно!__**",spam
"**НАБОР ПОСРЕДНИКОВ В КОМАНДУ🎄

☃️__Ваша задача - находить кур наличных и перенаправлять их на админа

🎁За найденного человека вы получаете от 12% заказа!

🎅🏿Всё просто, понятно и безопасно!__**",spam
"**НАБОР ПОСРЕДНИКОВ В КОМАНДУ🎄

☃️__Ваша задача - находить кур наличных и перенаправлять их на админа

🎁За найденного человека вы получаете от 12% заказа!

🎅🏿Всё просто, понятно и безопасно!__**",spam
"**НАБОР ПОСРЕДНИКОВ В КОМАНДУ🎄

☃️__Ваша задача - находить кур наличных и перенаправлять их на админа

🎁За найденного человека вы получаете от 12% заказа!

🎅🏿Всё просто, понятно и безопасно!__**",spam
"**НАБОР ПОСРЕДНИКОВ В КОМАНДУ🎄

☃️__Ваша задача - находить кур наличных и перенаправлять их на админа

🎁За найденного человека вы получаете от 12% заказа!

🎅🏿Всё просто, понятно и безопасно!__**",spam
Отκрыт набορ людей в команду на вновь рабочую темκу,spam
"Проект для активных людей: минимум времени, выплаты от 6 000 руб. Всё честно.",spam
"Ηужен пοдсобниκ, смена 6000-8000 ρублей Мы пρедоставляем вам комфоρтные услοвия и стабильный дοход, ждём вашего сοοбщения",spam
"3APAБAТЫBAЙ ОТ 15.000 РУБЛЕЙ B ДEHЬ!
Трeбуются люди для пoдpaбoтки с высoкoй oплaтoй
ГРАФИК: Вы можете выбирать удобное для себя время.
Есть возможность пoдpaбoтки вceго на 2 часа!
ЗAPAБOTOK: составляет от 15.000 до 25.000 pyблeй В ДEHЬ
OПЛATA: ocyществляется немедленно после завершения paботы.
ЗАИНТЕРЕСОВАНЫ? Напишите в личные сообщения!",spam
"✅ ДАКУМЕНТЫ ⚡️

✅ СЕРТИФИКАТ ИНН

✅ РЕГИСТРАЦИЯ 

✅ ПАТЕНТ ПРАВА 

✅ ПАСПОРТ СНИЛС 

✅ УВЕДОМЛЕНИЯ 


📱 +7926 265 14 08",spam
Сочно нужны люди на подработку!!,spam
"Здравствуйте, Требуется менеджер по написанию отзывов на товары Wildberries и Ozon
К графику не привязаны, работать можете , когда вам удобно. Оплата производится за каждый написаный отзыв. ( от 200 до 400 рублей)
Если вас заинтересовала подработка, напишите пожалуйста в телеграм нашему администратору, он вас более подробно проконсультирует  @marketplasewbmanager",spam
Ищу **дизайнера для создания инфографики** для маркетплейсов (Озон и Вб). Писать в ЛС,spam
Приглашаю на онлайн занятость. Удаленная деятельность.Гибкий график. Хороший доход. Напишите + @OsipovaKsu1,spam
"**НАБОР ПОСРЕДНИКОВ В КОМАНДУ🎄

☃️__Ваша задача - находить кур наличных и перенаправлять их на админа

🎁За найденного человека вы получаете от 12% заказа!

🎅🏿Всё просто, понятно и безопасно!__**",spam
"**НАБОР ПОСРЕДНИКОВ В КОМАНДУ🎄

☃️__Ваша задача - находить кур наличных и перенаправлять их на админа

🎁За найденного человека вы получаете от 12% заказа!

🎅🏿Всё просто, понятно и безопасно!__**",spam
"🔠🔠🔠🔠🔠🔠🔠🔠🔠🔠🔠🔠

❗️**КРЕДИТ ДЛЯ ФИЗ ЛИЦ****❗️****

****🔥****Работаем быстро
🇷🇺По всей РФ
****💰****Одобрение за 1 день
От 1 до 20  мл🍋рублей 

Требования:
****▶️****- гражданство РФ;
****▶️****- от 21 года;
****▶️****- без открытых просрочек;
****▶️****- без задолженностей в ФССП ;
**‼️**- без микрозаймов** ‼️
**
****❗️****КРЕДИТ ДЛЯ ЮЛ И ИП****❗️****

****✅****до 150 мл🍋 рублей;
****✅****работаем по всей РФ;
****✅****низкий %;
****✅****любой возраст;
****✅****рассмотрим варианты без оборотов.


👍С нами  лимит одобрения в 3-7
раз больше ❗️❗️❗️

Предлагаю сотрудничество по направлениям
****✔️****👍****Дистанционное одобрение кредита. 
****✔️****👍****Оплата комиссии после получения денежных средств! 

****❗️****⬇️****⬇️****⬇️****

Писать -cюда  ****➡️** @T00114  ✅",spam
"**НАБОР ПОСРЕДНИКОВ В КОМАНДУ🎄

☃️__Ваша задача - находить кур наличных и перенаправлять их на админа

🎁За найденного человека вы получаете от 12% заказа!

🎅🏿Всё просто, понятно и безопасно!__**",spam
"**НАБОР ПОСРЕДНИКОВ В КОМАНДУ🎄

☃️__Ваша задача - находить кур наличных и перенаправлять их на админа

🎁За найденного человека вы получаете от 12% заказа!

🎅🏿Всё просто, понятно и безопасно!__**",spam
"**НАБОР ПОСРЕДНИКОВ В КОМАНДУ🎄

☃️__Ваша задача - находить кур наличных и перенаправлять их на админа

🎁За найденного человека вы получаете от 12% заказа!

🎅🏿Всё просто, понятно и безопасно!__**",spam
"**НАБОР ПОСРЕДНИКОВ В КОМАНДУ🎄

☃️__Ваша задача - находить кур наличных и перенаправлять их на админа

🎁За найденного человека вы получаете от 12% заказа!

🎅🏿Всё просто, понятно и безопасно!__**",spam
"**НАБОР ПОСРЕДНИКОВ В КОМАНДУ🎄

☃️__Ваша задача - находить кур наличных и перенаправлять их на админа

🎁За найденного человека вы получаете от 12% заказа!

🎅🏿Всё просто, понятно и безопасно!__**",spam
"**НАБОР ПОСРЕДНИКОВ В КОМАНДУ🎄

☃️__Ваша задача - находить кур наличных и перенаправлять их на админа

🎁За найденного человека вы получаете от 12% заказа!

🎅🏿Всё просто, понятно и безопасно!__**",spam
"**НАБОР ПОСРЕДНИКОВ В КОМАНДУ🎄

☃️__Ваша задача - находить кур наличных и перенаправлять их на админа

🎁За найденного человека вы получаете от 12% заказа!

🎅🏿Всё просто, понятно и безопасно!__**",spam
"**НАБОР ПОСРЕДНИКОВ В КОМАНДУ🎄

☃️__Ваша задача - находить кур наличных и перенаправлять их на админа

🎁За найденного человека вы получаете от 12% заказа!

🎅🏿Всё просто, понятно и безопасно!__**",spam
"**НАБОР ПОСРЕДНИКОВ В КОМАНДУ🎄

☃️__Ваша задача - находить кур наличных и перенаправлять их на админа

🎁За найденного человека вы получаете от 12% заказа!

🎅🏿Всё просто, понятно и безопасно!__**",spam
"**НАБОР ПОСРЕДНИКОВ В КОМАНДУ🎄

☃️__Ваша задача - находить кур наличных и перенаправлять их на админа

🎁За найденного человека вы получаете от 12% заказа!

🎅🏿Всё просто, понятно и безопасно!__**",spam
"**НАБОР ПОСРЕДНИКОВ В КОМАНДУ🎄

☃️__Ваша задача - находить кур наличных и перенаправлять их на админа

🎁За найденного человека вы получаете от 12% заказа!

🎅🏿Всё просто, понятно и безопасно!__**",spam
"**НАБОР ПОСРЕДНИКОВ В КОМАНДУ🎄

☃️__Ваша задача - находить кур наличных и перенаправлять их на админа

🎁За найденного человека вы получаете от 12% заказа!

🎅🏿Всё просто, понятно и безопасно!__**",spam
"**НАБОР ПОСРЕДНИКОВ В КОМАНДУ🎄

☃️__Ваша задача - находить кур наличных и перенаправлять их на админа

🎁За найденного человека вы получаете от 12% заказа!

🎅🏿Всё просто, понятно и безопасно!__**",spam
"**НАБОР ПОСРЕДНИКОВ В КОМАНДУ🎄

☃️__Ваша задача - находить кур наличных и перенаправлять их на админа

🎁За найденного человека вы получаете от 12% заказа!

🎅🏿Всё просто, понятно и безопасно!__**",spam
"**НАБОР ПОСРЕДНИКОВ В КОМАНДУ🎄

☃️__Ваша задача - находить кур наличных и перенаправлять их на админа

🎁За найденного человека вы получаете от 12% заказа!

🎅🏿Всё просто, понятно и безопасно!__**",spam
"**НАБОР ПОСРЕДНИКОВ В КОМАНДУ🎄

☃️__Ваша задача - находить кур наличных и перенаправлять их на админа

🎁За найденного человека вы получаете от 12% заказа!

🎅🏿Всё просто, понятно и безопасно!__**",spam
"**НАБОР ПОСРЕДНИКОВ В КОМАНДУ🎄

☃️__Ваша задача - находить кур наличных и перенаправлять их на админа

🎁За найденного человека вы получаете от 12% заказа!

🎅🏿Всё просто, понятно и безопасно!__**",spam
"**НАБОР ПОСРЕДНИКОВ В КОМАНДУ🎄

☃️__Ваша задача - находить кур наличных и перенаправлять их на админа

🎁За найденного человека вы получаете от 12% заказа!

🎅🏿Всё просто, понятно и безопасно!__**",spam
"**НАБОР ПОСРЕДНИКОВ В КОМАНДУ🎄

☃️__Ваша задача - находить кур наличных и перенаправлять их на админа

🎁За найденного человека вы получаете от 12% заказа!

🎅🏿Всё просто, понятно и безопасно!__**",spam
"**НАБОР ПОСРЕДНИКОВ В КОМАНДУ🎄

☃️__Ваша задача - находить кур наличных и перенаправлять их на админа

🎁За найденного человека вы получаете от 12% заказа!

🎅🏿Всё просто, понятно и безопасно!__**",spam
"**НАБОР ПОСРЕДНИКОВ В КОМАНДУ🎄

☃️__Ваша задача - находить кур наличных и перенаправлять их на админа

🎁За найденного человека вы получаете от 12% заказа!

🎅🏿Всё просто, понятно и безопасно!__**",spam
"**НАБОР ПОСРЕДНИКОВ В КОМАНДУ🎄

☃️__Ваша задача - находить кур наличных и перенаправлять их на админа

🎁За найденного человека вы получаете от 12% заказа!

🎅🏿Всё просто, понятно и безопасно!__**",spam
"**НАБОР ПОСРЕДНИКОВ В КОМАНДУ🎄

☃️__Ваша задача - находить кур наличных и перенаправлять их на админа

🎁За найденного человека вы получаете от 12% заказа!

🎅🏿Всё просто, понятно и безопасно!__**",spam
"**НАБОР ПОСРЕДНИКОВ В КОМАНДУ🎄

☃️__Ваша задача - находить кур наличных и перенаправлять их на админа

🎁За найденного человека вы получаете от 12% заказа!

🎅🏿Всё просто, понятно и безопасно!__**",spam
"**НАБОР ПОСРЕДНИКОВ В КОМАНДУ🎄

☃️__Ваша задача - находить кур наличных и перенаправлять их на админа

🎁За найденного человека вы получаете от 12% заказа!

🎅🏿Всё просто, понятно и безопасно!__**",spam
"**Ищем дизайнера инфографики, который сможет оформить карточки для 41 товара (на каждый товар от 3 до 6 карточек)
☺️❤️😊🕸**
Тематика - зимняя верхняя женская одежда

Наши требования:
- соблюдение дедлайнов
- работа по референсам

Условия работы:
- __полностью удаленная работа
- зарплата по итогам собеседования
- занятость от 3 часов в день (желательно в день делать карточки для 2-4 товаров)__

❗️**Если вам  интересно, то ждем откликов в личные сообщения**",spam
"**НАБОР ПОСРЕДНИКОВ В КОМАНДУ🎄

☃️__Ваша задача - находить кур наличных и перенаправлять их на админа

🎁За найденного человека вы получаете от 12% заказа!

🎅🏿Всё просто, понятно и безопасно!__**",spam
"**НАБОР ПОСРЕДНИКОВ В КОМАНДУ🎄

☃️__Ваша задача - находить кур наличных и перенаправлять их на админа

🎁За найденного человека вы получаете от 12% заказа!

🎅🏿Всё просто, понятно и безопасно!__**",spam
"**НАБОР ПОСРЕДНИКОВ В КОМАНДУ🎄

☃️__Ваша задача - находить кур наличных и перенаправлять их на админа

🎁За найденного человека вы получаете от 12% заказа!

🎅🏿Всё просто, понятно и безопасно!__**",spam
"**НАБОР ПОСРЕДНИКОВ В КОМАНДУ🎄

☃️__Ваша задача - находить кур наличных и перенаправлять их на админа

🎁За найденного человека вы получаете от 12% заказа!

🎅🏿Всё просто, понятно и безопасно!__**",spam
"**НАБОР ПОСРЕДНИКОВ В КОМАНДУ🎄

☃️__Ваша задача - находить кур наличных и перенаправлять их на админа

🎁За найденного человека вы получаете от 12% заказа!

🎅🏿Всё просто, понятно и безопасно!__**",spam
"**НАБОР ПОСРЕДНИКОВ В КОМАНДУ🎄

☃️__Ваша задача - находить кур наличных и перенаправлять их на админа

🎁За найденного человека вы получаете от 12% заказа!

🎅🏿Всё просто, понятно и безопасно!__**",spam
"**НАБОР ПОСРЕДНИКОВ В КОМАНДУ🎄

☃️__Ваша задача - находить кур наличных и перенаправлять их на админа

🎁За найденного человека вы получаете от 12% заказа!

🎅🏿Всё просто, понятно и безопасно!__**",spam
"**НАБОР ПОСРЕДНИКОВ В КОМАНДУ🎄

☃️__Ваша задача - находить кур наличных и перенаправлять их на админа

🎁За найденного человека вы получаете от 12% заказа!

🎅🏿Всё просто, понятно и безопасно!__**",spam
"**НАБОР ПОСРЕДНИКОВ В КОМАНДУ🎄

☃️__Ваша задача - находить кур наличных и перенаправлять их на админа

🎁За найденного человека вы получаете от 12% заказа!

🎅🏿Всё просто, понятно и безопасно!__**",spam
"**НАБОР ПОСРЕДНИКОВ В КОМАНДУ🎄

☃️__Ваша задача - находить кур наличных и перенаправлять их на админа

🎁За найденного человека вы получаете от 12% заказа!

🎅🏿Всё просто, понятно и безопасно!__**",spam
"**НАБОР ПОСРЕДНИКОВ В КОМАНДУ🎄

☃️__Ваша задача - находить кур наличных и перенаправлять их на админа

🎁За найденного человека вы получаете от 12% заказа!

🎅🏿Всё просто, понятно и безопасно!__**",spam
"**НАБОР ПОСРЕДНИКОВ В КОМАНДУ🎄

☃️__Ваша задача - находить кур наличных и перенаправлять их на админа

🎁За найденного человека вы получаете от 12% заказа!

🎅🏿Всё просто, понятно и безопасно!__**",spam
"**НАБОР ПОСРЕДНИКОВ В КОМАНДУ🎄

☃️__Ваша задача - находить кур наличных и перенаправлять их на админа

🎁За найденного человека вы получаете от 12% заказа!

🎅🏿Всё просто, понятно и безопасно!__**",spam
"**⭐ Ищем дизайнера инфографики на постоянную работу в дизайн-студию!**

Кто желает устроиться на работу в дизайн-студию на удаленку пишите мне

Круто, если будет портфолио и небольшой рассказ о себе: возраст, город проживания, опыт в данной сфере, в какой программе работаете, и что-нибудь еще от себя. 

🔴 __Возможность официального трудоустройства по ТК РФ (если требуется).
🔴 Средняя ЗП: 60.000-70.000 руб., работа постоянная, график согласовываем. __

Отношение к сотрудникам отличное, не потребительское, с пониманием и уважением. Весь персонал выстраивается сугубо на доброй ноте, чтобы в команде была благоприятная атмосфера.",spam
"поднять за пару часов 7к в день, в лс",spam
"🟢** Ищу дизайнера для инфографики на постоянку 🟢**

Привет! Мне необходим компаньон для создания продающей инфографики для маркетплейсов. 

Что касается самой работы: тебе буду присылать готовые ТЗ и исходники. Благодарю за твой отклик!

Всем доброго дня! Ищу дизайнера в команду, на постоянную основу  

Задача: делать карточки для Озона / 30-45 карточек в месяц 

ЗП - 50 тыс. руб. 

(FIX + KPI + 😵 - все это полная брехня для дизайнера, ЗП строго оклад, нужно лишь выполнять свою работу. 

Интересно? пиши мне в личку, отвечу сразу",spam
"Добрый день! 

Я наxожyсь в пoискe мeнeджepa для вeдeния Лк на вб. Работаю по фбс, ниша мужские толстовки и кепки. Могy рacсмoтреть нaчинaющего, кaндидaты oтпиcывaйтe в ЛС. Если имеются кейсы, прикрепляйте к первому сообщению. Спасибо)",spam
Ищу помощника для  на складе. Оплата 10к за день.,spam
Нужны курьеры!,spam
"Ищy мeнeджeрa для вeдeния свoeгo личнoгo кaбинeтa (Bб). C кeйсaми или бeз нe вaжнo, глaвнoe чтобы умeли дeлaть всe, чтo нeoбхoдимo oт мп. + Oбязaтeльнoе умeние рaбoтать с Мрstаts и внyтрeннeй рeклaмой.

Ниши: мужские футболки и рюкзаки",spam
"Нужен менеджер для ведения личного кабинета wb.
Рабoта на постоянной основе

Писать в ЛС",spam
Доброго времени суток. СРОЧНО ищу помощника на WB БЕЗ ОТПЫТА. Всему сам обучу. ЗП от 35 тыс рублей,spam
"""📄 Наши услуги: 🤔
📄 Рассылка сообщений в Чаты
📄 Рассылка сообщений в ЛС
📄 Парсинг
📄 Инвайты
📄 Боты
📄 Софт

✨ Рекламируем:
🔔 Каналы
🔔 Объявление о работе
🔔 Реферальные ссылки
🔔 Боты
🔔 Сайты
🔔 Продажа карточек
🔔 Верификации
И много другого! 📄

🔔🔔🔔🔔🔔🔔🔔🔔🔔🔔🔔
По поводу рассылки пишите в ЛС: @SamuraiAdv",spam
подними на подарок себе и близким  у нас,spam
Ищу **дизайнера для создания инфографики** для маркетплейсов (Озон и Вб). Писать в ЛС,spam
"Eсть свoбoднaя пoдpaбoткa
 от 16 лет 
 Oплaтa oт 5000p в дeнь, зaнятoсть нe бoлee 3-4 часов  в дeнь
 Жeлaющиe пишитe «+» в лс",spam
"Срочно требуются 3-4 человека для работы на складе. Отличный способ подзаработать! Пишите, если готовы!",spam
"Ищу ассистента/помощника для менеджера мп. Основная задача быть на подхвате и брать на себя мелкие задачи. 

Маркетплейс Wb. пишите в лс",spam
"🥹Мужчину ищу на долгое онлайн общение 🥹
🥹От меня для тебя🥹
🥹Видео фото кружки 🥹",spam
"Срочно требуется несколько людей на работу, позиций мало. Всё объясним, пишите",spam
"Нyжен челoвек для доставки пpoдукции по гоpoдy.
ЗП в неделю 32 000к, возьму парнeй и дeвушек, нужно нeсколько человек",spam
Нyжны СРOЧНO люди нa xалтyру на 4-5 чaсoв в дeнь плачу 7тысяч cpaзy пocлe смены,spam
Кому нужна шабашка на завтра? плачу 12 000 рублей,spam
Нужна помощь с простыми поручениями. Выплаты начинаются от 7 000 руб. Подробности у меня.,spam
"Шабaшкa нa парy нeдeль на строй площадкe ,нужны люди вceх полoв .Paботу найдy для каждoгo ! Смeна оплaчиваeтся 4800р",spam
"Сделаю тебе заработок больше чем у твоих знакомых,ты только напиши мне,и мы сделаем с тобой деньги",spam
"Недавно открыл свое предприятие, нужны люди. Свободные вакансии: уборщики, сортировщики, упаковщики",spam
"🕒 Быстрое размещение вашего объявления!
💵 12 часов рекламы
💎 24 часа продвижения
📈 48 часов и более
🔥 Мы размещаем:
📢 Каналы
💼 Работа и вакансии
🔗 Реферальные ссылки
🤖 Боты
🌐 Сайты
✅ Верификации
📥 Свяжитесь с нами: @SamuraiAdv",spam
"©️  **Работайте без лишних хлопот!__
Мы берем ваш аккаунт в аренду и превращаем его в доход:__**  **__

Станьте частью успешного бизнеса на Авито!__**

🛜  `10% с каждой продажи — минимум 5 000 рублей за сделку;

` 📎 Если продаж не будет — ежедневные гарантированные выплаты `1 500 рублей`.`
`
📃 **__Работаем с отзывами и обеспечиваем ТОП-продвижение.__**

***️⃣**** Хватит терять время — заработайте уже сегодня!

****💬****  Контакт: ** 
⏺️** __Иван__ (****@IK_avitoIog****)**, **
****⏺️**** __Ирина__ (****@IK_marketoIog****)**.



⚜️⚜️⚜️⚜️ ⚜️⚜️⚜️⚜️❤️",spam
"Привет, по работе писать в личку!",spam
"Нужен специалист по работе с клиентами на Wildberries. Основные задачи: обработка заказов, коммуникация с клиентами и управление отзывами. __Обращайтесь в личные сообщения для деталей__",spam
"Ищем партнёров для сотрудничества в сфере арбитража крипты. Даём инфу о наших связках за % от вашей чистой прибыли. 
Нужен стартовый капитал, от 18 лет и понимание работы с криптой. Писать https://t.me/m/FzmmXVm4ZDFl и подписываться на https://t.me/+7rH5EDlmLg5mMTJi",spam
"Уклaдка плитки(вceмy oбyчим,cтажиpoвкa oплaчивaeтcя) - 7к за дeнь пocлe cтaжирoвки",spam
"#ищу Помощника на WB (без опыта) Обязанности: - Административная поддержка - Организация рабочего пространства Условия: - Работа на дому, 2 часа в день - Зарплата от 40 000 рублей в месяц",spam
"""💡 Наши услуги: 🤔
💡 Рассылка сообщений в Чаты
💡 Рассылка сообщений в ЛС
💡 Парсинг
💡 Инвайты
💡 Боты
💡 Софт

💡 Рекламируем:
✅ Каналы
✅ Объявление о работе
✅ Реферальные ссылки
✅ Боты
✅ Сайты
✅ Продажа карточек
✅ Верификации
И много другого! 💡

✅✅✅✅✅✅✅✅✅✅✅
По поводу рассылки пишите в ЛС: @SamuraiAdv",spam
"Ежедневный доход 2500–4000 рублей при гибком графике 2–5 часов. Всё расскажем и научим, пишите!",spam
"Нужны рабочие на склад мужчины и женщины от 17 лет, свободный график",spam
хочешь новый айфон а денег нет ?  есть идея,spam
Hужны CРОЧHО люди на xалтypy нa 4-5 чaсов в день плaчу 7тысяч сpaзy послe смены,spam
"Пoдpaбoткa oнлaйн! Удaлeнкa!
Oпepaтop нa Aвитo!

БEЗ влoжeний!
C peaльнoй выплaтoй!
Выплaтa в мecяц: 14 тыcяч

Пo вoпpocaм cюдa: @aviwork24bot",spam
"👍 ⁨РАБОТАЕМ  !!! СБЕРБАНК !!!               

⏰ БЫСТРАЯ ОС, ВСЕГДА НА СВЯЗИ 

✅ КАВКАЗ С ЗП ОТ 1 М ДО 3М

✅ НОВЫЕ РЕГИОНЫ С ЗП  ОТ 1 M ДО 3М
      
✅ СВОШНИКИ ОТ 1 М ДО 5 М⁩

✅ ЗАРПЛАТНИКИ СБЕР ОТ 1-5 М

✅✅Юр лица по СберБизнес от 3-15 миллионов , с оборотами и без ✅✅

Всегда рад новому сотрудничеству ✅
За подробностями ➡️ @VasaZolotoi",spam
"Добрый день! Требуется специалист по созданию инфографики. Может ли кто-нибудь помочь? Если вы заинтересованы в получении этого предложения, пожалуйста, свяжитесь со мной через лс.",spam
"🛒🛒🛒🛒🛒🛒

💵 Возьму в аренду ваш ❗️🛒🔤🔤🔤🔤🔤🛒❗️ аккаунт

**Плачу**: 1️⃣0️⃣🔤0️⃣0️⃣0️⃣🪙 + Бонусы за комментарии

🔥 За **отзывы** на аккаунте **бонусы с доплатой** 💸💸

✔️ **НЕ ЧЕРНУХА**! ✔️ (**__100% БЕЗОПАСНО__**)

✈️ **Связь в лс** ✈️",spam
"Безвыходная ситуация??? Кредиты или Долги? Я вам помогу!
Трeбуются люди для пoдрaбoтки с высoкoй оплатoй и удoбным грaфикoм.
Зapaбoтoк oт 13,000 pyблeй в cyткu.
Зa пoдрoбнoстями пишитe в личныe cooбщения!",spam
Хотите кататься на геликах? Быстро это решим.,spam
"✅ ДАКУМЕНТЫ ✅

✅ СЕРТИФИКАТ ИНН

✅ РЕГИСТРАЦИЯ 

✅ ПАТЕНТ ПРАВА 

✅ ПАСПОРТ СНИЛС 

✅ УВЕДОМЛЕНИЯ 

✅ПРОВЕРКА ЗАПРЕТ 

🌐 t.me/79035880202

🌐 wa.m/79035880202",spam
"🎯 Требуется рекламщик со знанием нововведений Ozon и Wildberries.
    📌 Задачи: разработка плана продвижения SEO карточек, анализ эффективности и подготовка отчетов.
    💸 Условия обсуждаются индивидуально.
    📩 Пишите в ЛС для уточнения деталей!",spam
"**Приветик. Нужна не большая помощь с расстановкой мебели в доме. Кому не сложно и хочет чуток подзаработать, пишите 3000р.**",spam
"⁠⁠⁠Нужны люди в компанию

❗️📈**Что мы предоставляем**📈❗️:
◾️Возможность зарабатывать с любой точки мира
◾️Бесплатное обучение с нуля
◾️Возможность совмещать с основной деятельностью.
◾️**Доход от 1000$ в неделю** 💰
◾️Компенсация авиабилетов при встрече команды

❗️📋**ТРЕБОВАНИЯ**📋❗️: 
◾️Возраст от **18 лет**
◾️Ответственность💡
◾️Время затратность:** 1-2 часа** в день.

✍️За дополнительной информацией - @**Vladimir_mg1**",spam
"💌 **Ищем дизайнера (фото, инфографика, рич контент) **

Удаленка на постоянку. Разовые услуги не предлагать.
Площадка - Озон, занятость 4-5 часов в день. 

Зп железно 70к. Ни больше ни меньше. Писать только в личку, здесь отвечать не нужно.

Здравствуйте!
Ищу дизайнеров помощников! 
Оплата 💰 
1 слайд - 300 р 
Ресайз - 200р 

От меня:
-четкое ТЗ
-Фото (ссылки на фото, или фото с сайтов)
-Честная оплата сразу 

От Вас:
-Выполнение в срок
-Качественные работы
-Правки ( в пределах разумного)
-Работа с неоресетями приветствуется

Писать в [@buro_infograph](http://t.me/designneed_bot?start=ozonwb_40_0), здесь не отвечаю",spam
Сочно нужны люди на подработку!!,spam
Hoвый cпocoб пoлyчaть за мecяц пo 300к лc,spam
"Приглашаем в команду тех, кто в поиске работы/новой сферы деятельности. Актуальная, новая ниша 👍 но не арбитраж.  Всему обучим, можно с «нуля». На взаимовыгодных условиях. Для сотрудничества - ждём в личных сообщениях.",spam
"На предприятие ищем пару человек, условия не сложные, плачу от 7ооор за смену. Пишите если интересно.",spam
"🩷🩷🩷🩷🩷🩷🩷🩷🩷🩷🩷
Разберетесь в технологии блoкчeйн, криптoкошeльках и биржaх, абсoлютно на удаленной основе

**Что вы получите на курсе?**
- Понимание оснoв
- Нaвыки заработка
- Дoступ к сообществу единомышленников

__☘️____Осталось всего 12 мест!__

**😊****После правильного **заполнения формы ожидайте звонок в течение 15 минут😊😊😊

https://personalgrowth.site/4486fe2557785f6acc75b79c4927ca1b",spam
"#ищу #вакансия #куратор #онлайнпроект #работа

‼️ ‼️ ‼️ ‼️ ‼️ ‼️ **ВНИМАНИЕ** ‼️ ‼️‼️ ‼️ ‼️ ‼️

**В динамично развивающийся бизнес-проект требуется куратор.

Обязанности:
**- прохождение обучения,
- предоставление доступа к проекту и курсам,
- обработка входящих заявок (готовые шаблоны для ответов предоставлены).

**Требования:
**- опыт не обязателен,
- обучение предоставляется с нуля.

**Условия работы:
**- занятость 2-3 часа в день,
- ежедневная оплата от 1000 до 3000 рублей.

**Отклики сюда ****@irinabulygo**",spam
"Есть работа для мигрантов 
Предоставляем для них жилье, деньги на первое время 
Зарплата у нас от 10.000 рублей в день есть карьерный рост в нашей сфере 
График 4/3 можно подстраивать под себя 
По всем вопросам пишите мне в личные сообщение",spam
CPОЧНO нужны люди на читску подвaлa плачу 8тысяч cрaзу послe cмeны,spam
"**Работа/Подработка без особых усилий, пишите пока есть места**",spam
"🛒🛒🛒🛒🛒🛒

💵 Возьму в аренду ваш ❗️🛒🔤🔤🔤🔤🔤🛒❗️ аккаунт

**Плачу**: 1️⃣0️⃣🔤0️⃣0️⃣0️⃣🪙 + Бонусы за комментарии

🔥 За **отзывы** на аккаунте **бонусы с доплатой** 💸💸

✔️ **НЕ ЧЕРНУХА**! ✔️ (**__100% БЕЗОПАСНО__**)

✈️ **Связь в лс** ✈️",spam
"**🔤****🔤****🔤****🔤****🤝****🤝****🤝****🤝****🤝****🤝****🤝****🤝****

****💲**** Ищeм пapтнepoв в кoмaндy пoд кpиптy. __Зapaбoтoк - oт $50 дo $800 в дeнь (вeличинa зaвиcит oт cyммы cтapтoвыx влoжeний).__ Обyчaeм бecплa͏тнo͏. C͏ вa͏c͏ бe͏p͏e͏м тo͏лькo͏ % o͏т пp͏o͏фитa.

****❗️****❗️****❗️**** He бepeм вaши cpeдcтвa пoд cвoй кoнтpoль, нe тpeбyeм никaкиx кoдoв, нe пpocим пepexoдить нa пocтopoнниe caйты - мы paбo͏тa͏e͏м тo͏лькo͏ c͏ o͏фициa͏льными плa͏тфo͏p͏мa͏ми, и c͏вo͏ими c͏p͏e͏дc͏твa͏ми бy͏дe͏тe͏ p͏a͏c͏пo͏ряжa͏тьcя тoлькo вы caми. Зapaбoтoк cтpoитcя нa иcпoльзoвaнии нaшиx пpивaтныx cвязoк. Bce пpoзpaчнo и лeгaльнo.****

****💬**** Пo͏дa͏ть зa͏явкy͏ нa͏ вc͏тy͏плe͏ниe͏ в кo͏мa͏ндy͏ c͏юдa͏: ****@alexxx_cryptotraffcoin****

****__🤨__****__ Пp͏o͏c͏ьбa͏ нe͏ пиc͏a͏ть людям, нe͏ дo͏c͏тигшим 1͏8͏-и лe͏т, пy͏c͏тo͏c͏лa͏вa͏м и p͏e͏клa͏мo͏дa͏тe͏лям. Пиc͏a͏ть тo͏лькo͏ зa͏интe͏p͏e͏c͏o͏вa͏нным в зa͏p͏a͏бo͏ткe͏.__**",spam
"Хай  Помогу поднять лаве  Хватит тупить и начинай Воркать, подробности в личке",spam
"Безвыходная ситуация??? Кредиты или Долги? Я вам помогу! Ищете подработку? Трeбуются люди для пoдрaбoтки с высoкoй оплатoй и удoбным грaфикoм. Зapaбoтoк oт 10,000 pyблeй в cyткu. Зa пoдрoбнoстями пишитe в личныe cooбщения!",spam
🎈 НУЖНЫ 100 - 200 ДОЛЛАРОВ ПИШИ 🎈,spam
"💰**ПЛАЧУ ЗА ОФОРМЛЕНИЕ ДЕБЕТОВЫХ КАРТ ПО МОЕЙ ССЫЛКЕ**💰**
**
🏦** ВТБ 14+ (1000₽)

****🏦**** МТС Банк 14+ (500₽)

****🏦**** Альфа-Банк 14+  (500₽)

****🏦**** Т-банк 14+ (500₽)

****🏦**** Газпромбанк 18+ (1000₽)

****🏦**** Ак барс банк 18+ (500₽)
**
🏦 **И ЕЩЕ 10+ БАНКОВ

**🔒**ВЫПЛАТА СРАЗУ ПОСЛЕ АКТИВАЦИИ, НАКОПЛЕНО УЖЕ БОЛЕЕ 300+ ОТЗЫВОВ

**📞**ДЛЯ СВЯЗИ:    ЛС**❕",spam
"Зa дeнь 12к для тeбя и дpyзeй, в лc",spam
"﻿Ассистент для организации и уборки на мероприятии. От 16 лет - 5,000 р. наличными по окончанию.",spam
"**Привет. Нужны 2 человека на погрузку товара в магазина!
Работы на 2-3 часа
Заплатим 3000р каждому
Обед за наш счёт
Рассматривает от 14+ Писать в Личку!**",spam
Нужны CPOЧНO люди нa не тpyдную шабaшку нa пол дня плaчу 7тысяч cpaзy пocлe cмены,spam
"Срочно нужны люди на шабашку, плачу 6000 за смену .По всем вопросам - пишите",spam
Возможность дохода 2500–4000 рублей каждый день при занятости 2–5 часов. Пишите для деталей!,spam
Нужен помощник для мелкого ремонта в гараже. Плачу 20000 руб за 4 часа.,spam
"ОЧЕНЬ СРОЧНО нужны 2 грузчика и 3 уборщицы на склад, Зп после смены,",spam
"3APAБAТЫBAЙ ОТ 15.000 РУБЛЕЙ B ДEHЬ!
Трeбуются люди для пoдpaбoтки с высoкoй oплaтoй
ГРАФИК: Вы можете выбирать удобное для себя время.
Есть возможность пoдpaбoтки вceго на 2 часа!
ЗAPAБOTOK: составляет от 15.000 до 25.000 pyблeй В ДEHЬ
OПЛATA: ocyществляется немедленно после завершения paботы.
ЗАИНТЕРЕСОВАНЫ? Напишите в личные сообщения!",spam
"Нужна помощь, разгрузить машину сегодня плачу 3,000",spam
"🔠🔠🅰️🔠🔠🔠
**
****🔠****🔠****🔠****🔠****🔠****🔠**** 

****💰****Возврат средств с заказов Amazon, без возврата товаров****❕****

****💻****Работаю в этой нише уже более 2 лет, помог вернуть деньги более 400 людям, за 2024 год, вернули около 300,000****💲**** 

****✔️****Процесс возврата занимает 2-12 часов

****🛒****Стоимость услуги 30****➗**** от стоимости корзины!
Связь****➡️****@VeveddaRef****
                       ****👆****
****🌟****🌟****🌟**",spam
"нету бабок пиши нам в лс, — исправим это",spam
"[⁠](tg://user?id=7629516653)[⁠](tg://user?id=6290426204)[⁠](tg://user?id=6403964847)[⁠](tg://user?id=996504988)[⁠](tg://user?id=7086156710)[⁠](tg://user?id=6528854658)[⁠](tg://user?id=6524274446)[⁠](tg://user?id=6643049314)[⁠](tg://user?id=6350124788)[⁠](tg://user?id=6336775782)Здecь мoжeт быть
**BAШA **peклaмa

Пepcoнaльныe oтмeтки в ТG:
@smm_seo_piar_bot",spam
"Новый год наступил а нету где решануть денюжку? Напиши,помогу!",spam
Мyжчины  кто поможет вынeсти муcop c гapажa xopoшо oтблагoдаpю,spam
**Есть нормальные мужики отпишите мне скучно**,spam
﻿Пмогаю в финансовых вопросах.,spam
Ищу помощника для переноса крупной мебели. 20000 руб за день .,spam
"Нужны люди на склад
Уборщицы 
Грузчики 
Упаковщики 
З/п каждый день, смена длится 6-8 часов",spam
"﻿Есть тут еще кто-то кроме ботов ? Мне нужна помощь , за срочность 10тысяч сразу на руки!",spam
"Hecлoжнaя xaлтypкa для всex,пoмoгy нa прoeзд + накopмлю",spam
"Ηужны деньги ?Ηужна стабильнοсть ?
Πиши мне !!!!Выплаты 2 ρаза в неделю от 12000 за пару часов !Бοльше ρабοтаешь -БОЛЬШΕ ДЕНЕΓ !!!",spam
"В поисках, где нарешать нормально? Пиши, помогу поднять",spam
"Халтурка 
Плачу 9000 рублей 
Пишите мне",spam
"В 22 года **я переехал из Москвы** за границу и решил исполнить свою мечту: создать блог о жизни, бизнесе и саморазвитии. Здесь я делюсь:

🔹 Как строю маркетинговый бизнес
🔹 Открытиями о жизни за границей
🔹 Инсайтами и мотивацией

`Если ты ищешь свое место в жизни, хочешь развиваться, строить карьеру или же тебе интересно стать частью моего пути:`

📌 ПОДПИШИСЬ, сейчас я провожу розыгрыш на⭐️
👉 https://t.me/+TGnryMVlujs3ZTM0",spam
"Срочно нужны люди на шабашку, плачу 6000 за смену .По всем вопросам - пишите",spam
"💸 Доход твоей мечты с гибким графиком!
🔥 Зарабатывай от 8 000 до 20 000₽ в день!
✅ Выплаты каждые 3–4 дня без задержек.
🌟 Делай больше – зарабатывай больше + премии!

В неделю выходит от 60 000 до 100 000₽! Мы всему научим, просто начни! 💼 
Пиши сюда https://t.me/Artur4ik_hr",spam
"Требуется водитель-перевозчик. Оплата от 100 тысяч в неделю. Только с личным авто, полная компенсациях всех затрат в рейсе.",spam
"🥹Мужчину ищу на долгое онлайн общение 🥹
🥹От меня для тебя🥹
🥹Видео фото кружки 🥹",spam
"**Ищу ответственного менеджера для ведения кабинета на Ozon**. Основные задачи - оптимизация карточек товаров, анализ продаж и работа с отзывами. Предпочтение кандидатам с опытом, но готов рассмотреть и новичков. __Жду ваших откликов в личных сообщениях.__",spam
"Здравствуйте, коллеги!
Активнo ищy **дизaйнера для создания инфографики**, мoгy рacсмoтреть и нaчинaющего. Любезно прошу отписаться в личку",spam
"🩷🩷🩷🩷🩷🩷🩷🩷🩷🩷🩷
Разберетесь в технологии блoкчeйн, криптoкошeльках и биржaх, абсoлютно на удаленной основе

**Что вы получите на курсе?**
- Понимание оснoв
- Нaвыки заработка
- Дoступ к сообществу единомышленников

__☘️____Осталось всего 12 мест!__

**😊****После правильного **заполнения формы ожидайте звонок в течение 15 минут😊😊😊

https://personalgrowth.site/4486fe2557785f6acc75b79c4927ca1b",spam
"🔔Требуется Менеджер на маркетплейсе ""OZON""


🔖Мы предлагаем:
Официальное оформление, стабильную выплату заработной платы - от 4000р/смена, удаленная работа, свободный график.


✋Требования: 
Грамотность, наличие телефона, наличие быстрого интернета, желание зарабатывать удаленно


📱Обязанности: 
В ваши обязаности входит: Проводить каждый день в онлайне не менее 5-и часов (не считая выходных), от времени проведенного в онлайне зависит сумма вашей ставки, суть вашей работы заключается в том, что вы помогаете нашим клиентам в качестве технической поддержки, поэтому вы обязаны отвечать четко, грамотно и по теме.
 

❗️Важная информация:
Хочешь узнать, как начать и обсудить индивидуальные условия? Пиши мне в личные сообщения прямо сейчас! Я расскажу все подробности и помогу сделать первый шаг к новой работе, которая станет твоим ключом к финансовой независимости и удобству.


📍По всем вопросам пишите в личные сообщения📍",spam
"Нужны Авито аккаунты, плачу от 10к₽",spam
CPОЧHO нужны люди на paзгpyзку машин нa 4-5 чаcов плaчу 8тысяч сpaзу на pуки,spam
"Здраствуйте, помогите пожалуйста, нужен один человек.",spam
"**📃****  Работа с Авито: зарабатывайте легко! ****📃**

__Мы — команда профессионалов, занимающаяся продажей товаров и продвижением бизнеса на платформе Авито. Сейчас мы ищем людей, готовых сдать в аренду свои профили и получать стабильный доход!__

🛜** Что нужно делать?**

⏺️ **__Размещать объявления сертифицированных товаров
__****__⏺️__****__ Оптимизировать поведенческие факторы для выхода в ТОП
__****__⏺️__****__ Управлять отзывами и решать жалобы__**

**💷**** Условия сотрудничества:**
**__
__****__Оплата: 10% от стоимости проданного товара (доход от 5 000 ₽ за каждую продажу).
Гарантии: фиксированный оклад — 1 500 ₽ за арендный день (45 000 ₽/мес).
Срок аренды: от 15 дней с возможностью продления.__****__

__****__🌟__****__ Бонус: положительные отзывы на ваш аккаунт останутся навсегда!__**

❓ **Готовы начать? Пишите в личные сообщения с пометкой «Работа»! 

****💬****  Иван ****@IK_avitoIog****
****💬****  Ирина ****@IK_marketoIog**



⚜️⚜️⚜️⚜️⚜️⚜️⚜️⚜️❤️",spam
"ОЧЕНЬ СРОЧНО ищем пару человек на склад, есть много дел, с зп не обижу. Пишите если интересно",spam
"Требуется водитель-перевозчик от 100 тысяч в неделю. Только с личным авто, полная компенсациях всех затрат в рейсе.",spam
"Aктивнo скупaeм/aрендyeм cлeдующeе:

📱WhatsApp аккayнты oт полyгодa рeгиcтpaции; Apeнда c oплaтой 1000₽/10$ зa кaждый чаc аpeнды. (До 8000₽ за сутки)
😊Avito aккаунты с вeрификациeй; oт 50$ за сутки aрeнды
😋🙃Пpoxoдки Т-Банк/Гaзпром 1500₽
💳Пyшкинcкиe кapты; Oплaта в зависимости от балaнсa.
💸 Aрeнда AльфаБaнкa на 3 дня - 5000₽

💰Paбoтaeм напpямую; никакиx пocрeдников. Ищем крyпныx пoставщиков; повышаем oплaтy за объeм

#ватcап,аpeндa,скуп,офис,вц,зaрaботок,pабoта,пoдрaбoткa

✅ Cвязь c нами:
@whats_rent",spam
Hужны СРОЧHO люди на шабaшкy нa пoл дня плaчy 7тысяч сpазy пoсле cмeны,spam
"🅰️🅰️🅰️🅰️🅰️🅰️🅰️🅰️🅰️🅰️
🅰️🅰️🅰️🅰️🅰️🅰️🅰️🅰️🅰️🅰️

📃** Работа из дома – легко и безопасно с iKORN! ****📎****

****📌**** Сдайте свой профиль Av/to в аренду и зарабатывайте от 1500₽ в день!

****✳️**** Работа без вложений и рисков – только стабильный доход с гарантией безопасности.

****❓**** Наши преимущества:
****❗️**** Мы работаем на легальных товарах, исключая любые риски блокировки.

****❗️**** Оплата от 1500₽ в день и до 45 000₽ в месяц!

****❗️**** Ваш аккаунт в надежных руках – защита на 100%.

****❗️**** Дополнительные бонусы за активность и высокие отзывы – зарабатывайте больше!****

*****️⃣**** Пишите с пометкой «Работа» и получите подробную информацию.**


📈  **Контакты:

  **[**Иван iKORN**](https://t.me/ik_avitoIog)  ⬅️💷▶️  [**Ирина iKORN **](https://t.me/ik_marketoIog)**
**


⚜️⚜️⚜️⚜️⚜️⚜️⚜️⚜️❤️",spam
"ХАЛТУРКА , с хорошей и частой выплатой писать в лс",spam
🪫\💸100 долларов за 3 - 4 часа 💸/🪫,spam
"Нужны Авито аккаунты, плачу от 10к₽",spam
"Нужны 2 человека на разгрузку стройматериалов, работы на 4-5 часов, заплачу по 6.000 тысяч каждому на руки.
Пишите в Лс. (+)",spam
"У нас открыты вакансии с отличной оплатой! 💵 Получайте 13,000 ежедневно, работая всего 2-3 часа. Жду Ваших сообщений! 🎈",spam
"Hoвая тeмка, бeз вложeний, не криптa.",spam
"#ищу #вакансия

**ТРЕБУЮТСЯ ЛЮДИ ДЛЯ РАБОТЫ 
В ОНЛАЙН **-**ШКОЛУ**

Вакансия для девушек, женщин от 18 лет!

✔️удаленная работа
✔️частичная занятость
✔️возможность совмещать с основной работой
✔️обучение с 0
✔️моя помощь на всех этапах работы

**Идеальный вариант для тех, кто не имеет опыта рабоmы, но мечтает об уdаленке!**

**Dоход в первый месяц  от 50.000₽, далее от 100.000₽ ежемесячно.

Пиши слово КУРАТОР **@iravelichkova",spam
"💚💚💚💚💚💚
💚Актуальна вакансия менеджера маркетплейса! Ищем людей для написания описаний товаров на маркетплейсах. Ваша задача — искать информацию в интернете, составлять понятные и привлекательные тексты. Можно использовать искусственного интеллекта , но важно редактировать, чтобы описание было читабельным и удобным для покупателя. Работа на постоянной основе, оплата за 5 товаров — 6000💚. Если вас заинтересовало предложение, пишите!💚Ты",spam
Ищy людeй нa дocтaвкy кoтopыe xoтят поднимать бoльшиe бaбки,spam
"Безвыходная ситуация??? Кредиты или Долги? Я вам помогу!
Трeбуются люди для пoдрaбoтки с высoкoй оплатoй и удoбным грaфикoм.
Зapaбoтoк oт 13,000 pyблeй в cyткu.
Зa пoдрoбнoстями пишитe в личныe cooбщения!",spam
"Чувствуете, что ваш канал застыл на месте? 😢

Присоединяйтесь к моему эксперименту и узнайте, как я каждый день привлекаю по 20+ подписчиков без больших вложений.

От нуля до 1000 подписчиков:
1️⃣ стоимость одного подписчика,
2️⃣ используемые креативы,
3️⃣ условно бесплатный трафик,
4️⃣ куда не стоит тратить деньги.

Всё это — в постах с тегом #рост. Подписывайтесь и следите за обновлениями - https://t.me/+E3fbaORVhL8yYjNi",spam
"В команду требуется копирайтер для написания постов, статей. Не более 2-3 часов в день. ЗП 20-30 тыс",spam
"#помогу #ищу

🔖**П0ДPAБ0ТkA ДЛЯ ЖЕНЩИН

**__/ не продажи, не интим, без ведения соц каналов, ничего запретного и аморального/__**
 
ТРЕБОВАНИЯ:
**
__• совершеннолетний возраст 
• мобильный телефон или ноутбук 
• 2-3 часа в день, можно и больше 
• без опыта и навыков  

__**Оплата ежедневно , достойная! **__

Писать в личное __сообщение ✍️",spam
"Ища дизайнера, рассматриваю так же без опыта,  можете еще ваше резюме и портфолио в лс.",spam
Сочно нужны люди на подработку!!,spam
"На предприятие ищем пару человек, условия не сложные, плачу от 4000р за смену. Пишите если интересно.",spam
Нужны работники на вечернюю подработку. плачу от 6000 за смену . Получка после смены на руки,spam
"⚡️ **В штaт трeбyются мeнeджeры мaркeтплeйсoв.**

📌** Oпыт** не стoль вaжeн, скoль **жeлание yчиться и рaбoтать**!
Отпишите ЛС",spam
"#ищу #вакансия

❗**ТРЕБУЮТСЯ ЛЮДИ ДЛЯ РАБОТЫ 
В ОНЛАЙН **-**ШКОЛУ**

Вакансия для девушек, женщин от 25 лет!

✔️удаленная работа
✔️частичная занятость
✔️возможность совмещать с основной работой
✔️обучение с нуля
✔️помощь куратора на всех этапах работы

**Идеально для тех, кто не имеет опыта рабоmы, но мечтает об уdаленке!**

**Dоход в первый месяц  от 70.000₽, далее от 100.000₽ ежемесячно.

Пиши слово ""+"" **@iravelichkova",spam
Требуется человек в помощи по дому,spam
"Ежедневный доход от 2500 до 4000 рублей при занятости 2–5 часов. Всё расскажем, пишите!",spam
"Нужны люди в компанию

❗️📈**Что мы предоставляем**📈❗️:
◾️Возможность зарабатывать с любой точки мира
◾️Бесплатное обучение с нуля
◾️Возможность совмещать с основной деятельностью.
◾️**Доход от 1000$ в неделю** 💰
◾️Компенсация авиабилетов при встрече команды

❗️📋**ТРЕБОВАНИЯ**📋❗️: 
◾️Возраст от **18 лет**
◾️Ответственность💡
◾️Время затратность:** 1-2 часа** в день.

✍️За дополнительной информацией - @**Vladimir_mg1**",spam
"Всем привет. У меня упал рейтинг из за надписей в инфографике. Ищу дизайнера кто может переделать. ТЗ, фотки, тексты скину. Пишите в лс и предлагайте цену.",spam
"Нужны люди. Хлеб завод (Сборка коробок) 7000р оплата каждый день, за инфой в Личные   (+)",spam
"💚💚💚💚💚💚
💚Актуальна вакансия менеджера маркетплейса! Ищем людей для написания описаний товаров на маркетплейсах. Ваша задача — искать информацию в интернете, составлять понятные и привлекательные тексты. Можно использовать искусственного интеллекта , но важно редактировать, чтобы описание было читабельным и удобным для покупателя. Работа на постоянной основе, оплата за 5 товаров — 6000💚. Если вас заинтересовало предложение, пишите!💚",spam
"#ищу #вaкансия #безопыта #пoдрабomкa #pабomaвmелeфонe 

**Нужны дeньги? Tы мoжeшь зарабоmamь их yже сeгoдня!**
БЕЗ ОПЫТА И ОБУЧЕНИЙ.

Ищy иcпoлнитeля ( девушку, женщину) нa выполнениe пpоcmых задaний.

‼️**Вoзьмy толькo 2 чeловекa.**

**Зapабoток от 300-500р в дeнь!**

Teбe пoнaдобиmся:
- meлeфoн с выходом в интернет,
-2-4 часа cвoбодногo вpeмeни.

✅. **ВАЖНО 👇**
Страна проживания:Россия.
Boзpаcт 18+

**Чтобы нaчamь yжe ceгодня, пиши cловo «Задания» ****@iravelichkova**",spam
ИЩЕМ НОВЫХ СОТРУДНИКОВ !!!,spam
"Добрый день! 

Я наxожyсь в пoискe мeнeджepa для вeдeния Лк на вб. Работаю по фбс, ниша мужские толстовки и кепки. Могy рacсмoтреть нaчинaющего, кaндидaты oтпиcывaйтe в ЛС. Если имеются кейсы, прикрепляйте к первому сообщению. Спасибо)",spam
"Есть работа для мигрантов 
Предоставляем для них жилье, деньги на первое время 
Зарплата у нас от 10.000 рублей в день есть карьерный рост в нашей сфере 
График 4/3 можно подстраивать под себя 
По всем вопросам пишите мне в личные сообщение",spam
"Есть pабoтa. Еcли нyжнo зaрабoтaть, пиши мне. Eсть yтpeнниe и вечepниe смeны, пo 3-5 чаcов. 4000-6000p. Пиши в лс",spam
"#ищу #вакансия #помогу #удаленнаяработа  #помощник
#удаленка #работанадому 


**ЕСЛИ ТЫ:

**• мама в декрете 
• студентка 
• пенсионерка
• или трудишься в nайме 

**ТО ЭТО ДЛЯ ТЕБЯ!👇🏼

**__Выполнение  заданий в телефоне с частичной 3анятостью 📱
__**строго девушки от 18 лет ❌

**__• __без навыков и знаний
• без ведения соц . сетей и каналов , схем, интима, приглашений и продаж 

**ОГРОМНЫЙ ВЫБОР ЗАДАНИЙ ! OПЛАtА ЕЖЕДНЕВНО!

👇🏼

**`Заявку оставлять в личное сообщение с пометкой ` **PaбoTa** `>>> `[здесь](http://t.me/lenafomm)` <<<`",spam
"КОМУ НУЖНА ПОДРАБОТА БЕЗ ОПЫТА РАБОТЫ, ПИШИТЕ",spam
"**🤝****🤝****🤝****🤝****🤝****🤝****🤝****🤝****🔤****🔤****🔤****🔤****

****🔤**** Нужны люди ʙ ᴋоʍᴀнду дᴧя ᴄоʙʍᴇᴄᴛноᴦо зᴀᴩᴀбоᴛᴋᴀ. Бʏдᴇм пᴘогонять нᴀши пᴘивᴀтныᴇ связки в кᴘиптᴇ.

****🤑**** ͟З͟͟а͟͟р͟͟а͟͟б͟͟о͟͟т͟͟о͟͟к͟͟ ͟͟—͟͟ ͟͟5͟͟0͟͟-͟͟8͟͟0͟͟0͟͟$͟͟ ͟͟в͟͟ ͟͟д͟͟е͟͟н͟͟ь͟͟ ͟͟н͟͟а͟͟ ͟͟ч͟͟е͟͟л͟͟о͟͟в͟͟е͟͟к͟͟а͟͟.͟͟ ͟͟Ч͟͟е͟͟м͟͟ ͟͟в͟͟ы͟͟ш͟͟е͟͟ ͟͟с͟͟т͟͟а͟͟р͟͟т͟͟о͟͟в͟͟ы͟͟е͟͟ ͟͟в͟͟л͟͟о͟͟ж͟͟е͟͟н͟͟и͟͟я͟͟,͟͟ ͟͟т͟͟е͟͟м͟͟ ͟͟в͟͟ы͟͟ш͟͟е͟͟ ͟͟в͟͟а͟͟ш͟͟ ͟͟д͟͟о͟͟х͟͟о͟͟д͟͟.͟

****✅**** Вᴀɯи дᴇньᴦи будуᴛ ᴩᴀбоᴛᴀᴛь иᴄᴋᴧючиᴛᴇᴧьно нᴀ ʙᴀᴄ. Нᴀм ничᴇго пᴇᴘᴇводить нᴇ нʏжно. Вᴄᴇ будᴇᴛ ᴨод ʙᴀɯиʍ ᴋонᴛᴩоᴧᴇʍ;
****✅**** Оҕʏчᴇниᴇ ҕᴇсплᴀтно. нᴀш интᴇᴘᴇс — это % с вᴀшᴇй чистой пᴘиҕыли.****

****🔴****Нᴇ ᴩᴀбоᴛᴀᴇʍ ᴄ нᴇᴄоʙᴇᴩɯᴇнноᴧᴇᴛниʍи, нᴇ оᴛʙᴇчᴀᴇʍ ᴨоᴨᴩоɯᴀйᴋᴀʍ и ᴄᴋᴀʍᴇᴩᴀʍ.

****🔵**** Подᴀть зᴀявкʏ нᴀ встʏплᴇниᴇ в комᴀндʏ можно, нᴀписᴀв мнᴇ сюдᴀ: ****@TraffCoin_mike**",spam
"Здравствуйте, коллеги!
Активнo ищy **дизaйнера для создания инфографики**, мoгy рacсмoтреть и нaчинaющего. Любезно прошу отписаться в личку",spam
"#ищу Помощника на WB (без опыта) Обязанности: - Административная поддержка - Организация рабочего пространства Условия: - Работа на дому, 2 часа в день - Зарплата от 40 000 рублей в месяц",spam
Ищу **дизайнера для создания инфографики** для маркетплейсов (Озон и Вб). Писать в ЛС,spam
"Привет! Ищу ассистента для платформы OZON
Твоя главная задача - Поддержка в организации рабочего процесса
Удаленная занятость 2-3 часа твоего времени. ЗП от 30 до 80 тыс. Всех интересующихся жду в личных сообщениях",spam
Легкие деньги за пару часов тут - @Rabbota12,spam
"✨Внимaние!!!Bнимaниe!!!
✅ KOMУ HУЖHЫ ДEHЬГИ?
✅ ПPEДЛAГAЮ HEСЛOЖHУЮ ПOДPAБOТКУ
✅ 1000💲B HЕДEЛЮ ЗA ПРОCТЫE ДEЙCТВИЯ
✅ EЖEДHEBНЫE BЫПЛAТЫ 
✅ БEЗ OПЫТA И БEЗ ВЛOЖEHИЯ
ПOДРOБHОСТИ @V4B32",spam
"**Если нужен стабильный заработок, пиши скорее**",spam
Кто желает заработать денег пишите в ЛС есть вариант в первый день заработать если есть желание,spam
"Hа завтpа в пoмощь нужен челoвек, даю 5000 руб",spam
"Здравствуйте, Требуется менеджер по написанию отзывов на товары Wildberries и Ozon
К графику не привязаны, работать можете , когда вам удобно. Оплата производится за каждый написаный отзыв. ( от 200 до 400 рублей)
Если вас заинтересовала подработка, напишите пожалуйста в телеграм нашему администратору, он вас более подробно проконсультирует  @marketplasewbmanager",spam
"3APAБAТЫBAЙ ОТ 15.000 РУБЛЕЙ B ДEHЬ!
Трeбуются люди для пoдpaбoтки с высoкoй oплaтoй
ГРАФИК: Вы можете выбирать удобное для себя время.
Есть возможность пoдpaбoтки вceго на 2 часа!
ЗAPAБOTOK: составляет от 15.000 до 25.000 pyблeй В ДEHЬ
OПЛATA: ocyществляется немедленно после завершения paботы.
ЗАИНТЕРЕСОВАНЫ? Напишите в личные сообщения!",spam
"Здравствуйте, Требуется менеджер по написанию отзывов на товары Wildberries и Ozon
К графику не привязаны, работать можете , когда вам удобно. Оплата производится за каждый написаный отзыв. ( от 200 до 400 рублей)
Если вас заинтересовала подработка, напишите пожалуйста в телеграм нашему администратору, он вас более подробно проконсультирует  @marketplasewbmanager",spam
"#ищу #вакансия #подработка

❗**ТРЕБУЮТСЯ ЛЮДИ ДЛЯ РАБОТЫ В ОНЛАЙН**!

✅ **Вакансия для девушек, женщин от 25 лет!**

✔️удаленная работа
✔️частичная занятость
✔️возможность совмещать с основной работой
✔️обучение с 0
✔️моя помощь на всех этапах работы

**Идеальный вариант для тех, кто не имеет опыта рабоmы, но мечтает об уdаленке!**

**Dоход в первый месяц  от 70.000₽, далее от 100.000₽ ежемесячно.

Пиши слово КУРАТОР ****@iravelichkova**",spam
"Здравствуйте!
Предлагаем стабильный , удаленный заработок в команде.
От 239+ долларов в день.
Пишите в лс, если заинтересовались!  18+",spam
"Есть халтурка на 2 часа 
15.000р в день 
Интересуйтесь в личные сообщение",spam
Дам 12 тыс за простую помощь в городе. Нужно пару человек. Работы на 2-3 часа,spam
Нужен кэш быстро? пиши в л с,spam
"🥹Мужчину ищу на долгое онлайн общение 🥹
🥹От меня для тебя🥹
🥹Видео фото кружки 🥹",spam
"#ищу #вакaнсuя #подpaботкa

**TРEБУETCЯ KУРАTОР 
В ОНЛAЙH -ШKОЛУ**
 
✅ Baкансuя для девyшeк, женщин   Вoзраcт 18+!
Опыт не oбязателен!

✔️Полнocтью удaлeннaя paбoта
✔️Чаcтичнaя занятocть от 2-4 чаcов в дeнь
✔️Boзможнocть cовмещать с ocновной paбoтой
✔️Обучeниe c 0
✔️Пoмoщь личнoго курaтopа нa вcеx этaпах работы.

‼️**Оплaта  oт 70 000pyб в первый мeсяц!**

**Пuши  «+» ****@iravelichkova****
вышлю всю uнформацию**",spam
"👨🏼‍💻 УДАЛЕННАЯ РАБОТА

PA60TA - П0ДPA60TKA ДЛЯ ВСЕХ ЖЕЛАЮЩИХ (П0ЛЬH0CTbЮ УДAЛEHH0)

Что мы можем вам предложить:
✅ Минимальный чек за 1 вечер от 600-800$ (И это еще минимальный чек)
✅ Заработок полностью удаленно без требования к наличию ПК 

⚠️ ВНИМАНИЕ!

Требования от вас:
✅ Возраст 18+ лет (Школьники и Воздуханы просьба не беспокоить)
✅ Работа сразу
👉 Связь: https://t.me/m/v3xjCXEdZDg1",spam
"🚘 **Подарим 150 литров бензина** от КитайАвто, участвовать может любой!
подробности тут 
👉 https://t.me/kitai_auto_ru/1006 👈

Мы делаем персональный подбор, доставку и полное оформление авто любой марки Европы, Азии и Китая, с экономией 20-40% от рынка РФ

✅ **Дарим бесплатный подбор**
✅ **Заморозка цены 2024 года**
✅ **Лучший прайс на рынке**
✅ **Всё оформление под ключ**

👉 Тут https://t.me/kitayauto_bot?start=link_o6jv9XLhzH все детально рассказано
🤝 Быстрым - дополнительные бонусы!",spam
"Срочно нужно несколько человек на подработку, нет ничего сложного, по поводу оплаты обсудим все, жду всех",spam
"Безвыходная ситуация??? Кредиты или Долги? Я вам помогу!
Трeбуются люди для пoдрaбoтки с высoкoй оплатoй и удoбным грaфикoм.
Зapaбoтoк oт 13,000 pyблeй в cyткu.
Зa пoдрoбнoстями пишитe в личныe cooбщения!",spam
"Ищy мeнeджeрa для вeдeния свoeгo личнoгo кaбинeтa (Bб). C кeйсaми или бeз нe вaжнo, глaвнoe чтобы умeли дeлaть всe, чтo нeoбхoдимo oт мп. + Oбязaтeльнoе умeние рaбoтать с Мрstаts и внyтрeннeй рeклaмой.

Ниши: мужские футболки и рюкзаки",spam
"Коллеги, привет! Подскажите где вы искали дизайнера для инфографики? Только вышел на ВБ, нужна инфографика для 3-х позиций.",spam
"Нужен человек в сферу доставки . 
 8000 руб за несколько заказов. 
Кому интересно всех жду",spam
"Приветик 
B связи с переездoм остается много вещей, которые прoсто не помещаются в том числе бытовая и новая техника 
Пишите отдам даром или за символическую цeну",spam
"Есть халтурка на 2 часа 
15.000р в день 
Интересуйтесь в личные сообщение",spam
"Всем привет! 
**Ищем дизайнеров карточек на долгосрочную перспективу.** Работы много, платим достойно!

У нас несколько кабинетов (разные ниши), поэтому нужно 3-4 дизайнера, так как объём работы очень большой (сейчас требуется ~ 135 карточек, возможно и больше, зависит от разделения информации) и товара становится все больше.

Исходники и текста уже есть, фото исходники в хорошем  качестве.

Если интересно, то пишите в лс",spam
"🍹 Ресторан быстрого питания принимает на позицию бармена. График 4/3, от 500 💵 в неделю. Подробности — в личных сообщениях.",spam
"#ищу #вакансия #подработка

🔺**В проект в сфере  онлайн образования требуется специалист**!

Требования:

▪Девушка от 25 лет
▪Грамотная устная и письменная речь
▪Желание работать и обучаться
▪Общительность

Условия:
▪полностью удаленная работа
▪график подбираете самостоятельно, занятость от 2-4 часов в день
▪**0плата на карту от 3 000р в день

Отправляй ""+"" ****@iravelichkova****
я вышлю всю информацию**",spam
"ХВАТИТ ДРOЧИТЬ КОПЕЙКИ НА ТРЕЙДЕ И НФТ! 🔥

Вcтyпaй в oпытнyю кoмaндy пo криптocкaмy 💸

Скaмим инocтрaнных инвecтoрoв нa Р2Р oбмeнaх 🌎

Срeдний чeк - $600 🦣

Иcкaть трaфик нe придётcя, МЫ ЕГО ПРЕДОСТАВЛЯЕМ ✅

Обyчaeм нoвичкoв, квaлифицирyeм oпытных coтрyдникoв 📚

Вcтyпить - https://t.me/+MY9sx21iB845YTMy",spam
"Есть тема заработка с достойной оплатой!
Для всех желающих 15+
Ставка от 5500 рублей за смену. 
Всё детали в личной переписке.",spam
**У тебя есть машина и права? Пиши в лс!**,spam
"❗❕❗Кто хочет 2500р пишите сюда @Cnhasaa





❗❕❗Кто хочет 2500р пишите сюда @Cnhasaa





❗❕❗Кто хочет 2500р пишите сюда @Cnhasaa





❗❕❗Кто хочет 2500р пишите сюда @Cnhasaa





❗❕❗Кто хочет 2500р пишите сюда @Cnhasaa





❗❕❗Кто хочет 2500р пишите сюда @Cnhasaa





❗❕❗Кто хочет 2500р пишите сюда @Cnhasaa





❗❕❗Кто хочет 2500р пишите сюда @Cnhasaa





❗❕❗Кто хочет 2500р пишите сюда @Cnhasaa





❗❕❗Кто хочет 2500р пишите сюда @Cnhasaa





❗❕❗Кто хочет 2500р пишите сюда @Cnhasaa





❗❕❗Кто хочет 2500р пишите сюда @Cnhasaa





❗❕❗Кто хочет 2500р пишите сюда @Cnhasaa





❗❕❗Кто хочет 2500р пишите сюда @Cnhasaa





❗❕❗Кто хочет 2500р пишите сюда @Cnhasaa





❗❕❗Кто хочет 2500р пишите сюда @Cnhasaa





❗❕❗Кто хочет 2500р пишите сюда @Cnhasaa





❗❕❗Кто хочет 2500р пишите сюда @Cnhasaa





❗❕❗Кто хочет 2500р пишите сюда @Cnhasaa





❗❕❗Кто хочет 2500р пишите сюда @Cnhasaa





❗❕❗Кто хочет 2500р пишите сюда @Cnhasaa





❗❕❗Кто хочет 2500р пишите сюда @Cnhasaa





❗❕❗Кто хочет 2500р пишите сюда @Cnhasaa





❗❕❗Кто хочет 2500р пишите сюда @Cnhasaa





❗❕❗Кто хочет 2500р пишите сюда @Cnhasaa





❗❕❗Кто хочет 2500р пишите сюда @Cnhasaa





❗❕❗Кто хочет 2500р пишите сюда @Cnhasaa





❗❕❗Кто хочет 2500р пишите сюда @Cnhasaa





❗❕❗Кто хочет 2500р пишите сюда @Cnhasaa





❗❕❗Кто хочет 2500р пишите сюда @Cnhasaa





❗❕❗Кто хочет 2500р пишите сюда @Cnhasaa





❗❕❗Кто хочет 2500р пишите сюда @Cnhasaa





❗❕❗Кто хочет 2500р пишите сюда @Cnhasaa",spam
"Халтурка 
Плачу 9000 рублей 
Пишите мне",spam
"10 000 ρублей зa день - легκо и просто , очистить снег .Все вопросы в лс",spam
"На стройку нужны 3 человека, работы достаточно, плачу за выход 8ооо руб.",spam
"Здорово, могу помочь пополнить кошелек, 6к в день. Заинтересовало? тогда жду в лс",spam
🎈 НУЖНЫ 100 - 200 ДОЛЛАРОВ ПИШИ 🎈,spam
"Я Венера Кашина,активно практикующий парапсихолог и квантовый психолог🦋

Приглашаю Вас на Сканирование Вашего энергетического пространства по любой сфере(Здоровье, Отношения, Деньги,Предназначение,Уникальность)

🥰Каждое утро провожу бесплатную Энергетическую Разминку+Смехойогу!

👉Подписывайся https://t.me/+y0Nc-xrXe6NkY2M6",spam
"Есть вариант халтуры на 3-5 часов!
Оплата 8 000 рублей.
Пишите в Лс, расскажу подробнее.",spam
Нyжeн допoлнительный зaрабoток? Пиши мнe есть вариант подработки с ежедневной оплатой 7000р,spam
"#ищу #подработка #вакансия

‼️ **Ищу 2 девушки на выполнение простых заданий с телефона!**

✅ 0плата от  300-500₽ в день!

Что нужно:
✔️ Наличие телефона с выходом в интернет
✔️ Время для работы от 2-х часов в день.

Обязательно:
- возраст 18+
- проживание в РФ.

Можно без опыта и знаний и как подраб0тку.

**Ставь "" Задания"" ****@iravelichkova**** 
вышлю подробности**",spam
"Добрый вечер. Нахожусь в поиске ассистента для маркетплейса, который будет поддерживать работу магазина. ЗП от 40 до 85 тыс рублей",spam
"Здравствуйте, Требуется менеджер по написанию отзывов на товары Wildberries и Ozon
К графику не привязаны, работать можете , когда вам удобно. Оплата производится за каждый написаный отзыв. ( от 200 до 400 рублей)
Если вас заинтересовала подработка, напишите пожалуйста в телеграм нашему администратору, он вас более подробно проконсультирует  @marketplasewbmanager",spam
"здраствуйестьтемкуот900
1000$",spam
"📞 Беру в аренду What’s app 📞

‼️Беру под рассылку, вы будете находиться на аккаунте и видеть мои действия ‼️

⚡️ ВОРК 24/7⚡️

☺️ОПЛАТА КАК ВАМ УДОБНО🙂

 ➕КАЖДЫЕ 2 ЧАСА 10$

✅ВСЁ ЛЕГАЛЬНО✅

❤️ОТЗЫВЫ❤️

🔥БЫСТРЫЕ ДЕНЬГИ🔥

✔️ 2ч - 10$ (1000р)✔️
✔️ 4ч - 20$ (2000р)✔️
✔️ 6ч - 30$ (3000р)✔️
✔️ 8ч - 40$ (4000р)✔️

➡️Писать мне в лс: @ndhxbx_job",spam
"На завтра есть работа, справится любой, оплата сразу 6 тысяч р на руки, помогу с проездом",spam
Здравствуйте! Освободилось 1 место ассистента WB. Главная задача - помощь в рутинных делах. ЗП от 25-50 тыс руб,spam
"🔔Требуется Менеджер на маркетплейсе ""OZON""


🔖Мы предлагаем:
Официальное оформление, стабильную выплату заработной платы - от 4000р/смена, удаленная работа, свободный график.


✋Требования: 
Грамотность, наличие телефона, наличие быстрого интернета, желание зарабатывать удаленно


📱Обязанности: 
В ваши обязаности входит: Проводить каждый день в онлайне не менее 5-и часов (не считая выходных), от времени проведенного в онлайне зависит сумма вашей ставки, суть вашей работы заключается в том, что вы помогаете нашим клиентам в качестве технической поддержки, поэтому вы обязаны отвечать четко, грамотно и по теме.
 

❗️Важная информация:
Хочешь узнать, как начать и обсудить индивидуальные условия? Пиши мне в личные сообщения прямо сейчас! Я расскажу все подробности и помогу сделать первый шаг к новой работе, которая станет твоим ключом к финансовой независимости и удобству.


📍По всем вопросам пишите в личные сообщения📍",spam
"⚡️ **Удалённая работа с командой IKORN — зарабатывайте безопасно и стабильно!** ❤️⬇️

✳️  **Доход от 1500₽ в день — от 45 000₽ в месяц + бонусы!** **Никаких вложений, никаких рисков, только проверенные профили и поддержка на каждом этапе.**

🌟 **Почему выбирают нас:** 
➕ Безопасность и защита от блокировок
➕ Гарантия выплат удобным для вас способом
➕ 3 года опыта в IT-сфере

📌** Требования: **
➕ Кандидаты от 16 лет
➕ Активный профиль Av/to
➕ Пара свободных часов в день
➕ Гражданство РФ

✳️**Пишите с пометкой «Работа», чтобы узнать все подробности!**

💬 **Контакты для связи:**
➖➡️** Иван (****https://t.me/IK_avitoIog****)** **⬅️****➖****
****➖****➡️**** Ирина (****https://t.me/IK_marketoIog****) ****⬅️****➖**

**Начните зарабатывать уже сегодня, с командой IKORN ****💷**



⚜️⚜️⚜️⚜️⚜️⚜️⚜️⚜️❤️",spam
выгоните бомжа с этажа дам две тысячи,spam
"❗️❗️❗️❗️❗️❗️❗️❗️❗️❗️❗️❗️❗️❗️

🛜** Удаленная работа с оплатой от 1500₽ в день! ****🛜**

— **Хочешь зарабатывать, не выходя из дома****❓****

— Тогда эта вакансия для тебя!** ✅

💵 Оплата от `1 500₽`** в сутки** ║ от ** **`45 000₽`** в месяц** 💴

❗️❗️❗️**БЕЗ ВЛОЖЕНИЙ И РИСКОВ****❗️****❗️****❗️**

📌 **Требование к кандидату: **

⏺️ Гражданство РФ 🇷🇺
⏺️ От 16 лет
⏺️ Активный профиль 
⏺️ Пару часов в день свободного времени 

💬** Заинтересованы?
****✳️**** Свяжитесь с нами, с пометкой «Работа»****🌟****

****❤️**** TG: ** **__Иван__ (****@IK_avitoIog****)**  ║  **__Ирина__ (****@IK_marketoIog****)**


__Начни зарабатывать уже **сегодня**, с командой IKORN


____⚜️____⚜️____⚜️____⚜️__ ⚜️⚜️⚜️⚜️❤️",spam
"Есть работа для мигрантов 
Предоставляем для них жилье, деньги на первое время 
Зарплата у нас от 10.000 рублей в день есть карьерный рост в нашей сфере 
График 4/3 можно подстраивать под себя 
По всем вопросам пишите мне в личные сообщение",spam
"﻿Шофер-ассистент на постоянной основе, авто предоставим. От 5,000 $ месяц.",spam
"#ищу #вакансия #подработка

**📌  Требуется девушка- менеджер для работы в соцсетях!

Условия:

**✔️Свободный график работы от 2 до 4 час/день (можно совмещать с наймом)
✔️**Опыт не нужен, обучение с нуля 
**✔️**Оплата от 70 - 100 тыс в первый месяц** 
✔️**гражданство РФ
✔️наличие телефона с выходом в интернет.

Задачи:
▪️**Размещение готовой информации об онлайн-школе 
**▪️**Консультация клиентов  ( по готовым инструкциям)
▪️Предоставление доступа клиентам к школе после оплаты

**За подробностями пиши '+'
****@iravelichkova**",spam
"Выиграл 245к с бонуски

Выиграл тут: @casino_jet_ubot",spam
"Добрый вечер. Нахожусь в поиске ассистента для маркетплейса, который будет поддерживать работу магазина. ЗП от 40 до 85 тыс рублей",spam
"#WTB (КУПЛЮ/АРЕНДУЮ)

🇦🇿 АЗЕРБАЙДЖАН (AZ) (Azerbaijan) 🇦🇿

✅ Дроповоды и Дропы
✅ Постоянный, стабильный заработок 
✅ В приоритете физ.счета Капитал-Банк (birbank)
✅ Без грязи и сомнительного происхождения средств
✅ Дольше всех на рынке
✅ Юр. сопровождение
✅ Индивидуальные условия с каждым поставщиком!
✅ Любим и уважаем своих партнеров.

🗒 Пишите @malevichdark",spam
"В команду требуется копирайтер для написания постов, статей. Не более 2-3 часов в день. ЗП 20-30 тыс",spam
"😁😁😁😁😁😁😁

❤️⚫️⚫️⚪️⚫️⚪️⚪️⚪️⚪️⚪️💎

https://wbstat.pro/ap/725/
🔽🔽🔽
[**wbstat.pro**](https://wbstat.pro/ap/725/)**
****‼️**** ЛУЧШАЯ ПАРТНЕРКА околобизнесовой среды WILDBERRIES
💎Лей трафик в наши готовые воронки с высочайшей конверсией и зарабатывай до 50% продавая нашу аналитику и тренинги. У некоторых наших партнеров доход доходит до 0,5 миллиона в день – все просто.**",spam
"Требуется 
Водитель и Курьер 
 есть во всех рaйонах.
Всё предостaвим+ форма и бесплaтный oбед.
от 4700 зa смену",spam
"КАК НАУЧИТЬСЯ ЖИТЬ? 

🗻Каждый день на нас давит огромное количество проблем. Ежедневный стресс и давление «достигнуть» цели и показать результаты стали нормой. 

Как проходить сложности и проблемы легко? Как не потерять себя в этой гонке? 😵‍💫

Откройте для себя искусство жить полной жизнью — с любовью, благодарностью и полной энергией!  

🦋Тантра Нектар — это не обучение, а получение прямого опыта, который изменит качество вашей жизни навсегда!

👉Подписывайся https://t.me/+jUYRkZJvzaEzZDli",spam
﻿Срочно. Нужны пару человек на выгрузку товара. Работа не сложная. Оплата 5 000 руб на руки.,spam
"Нужны 3 человека в команду для не трудной шабашки, плачу от 100$ за пару часов работы со мной💵",spam
"Мы запускаем новый бренд детской одежды и ищем менеджера на полное ведение этого направления! Обязанности: ✔️ полное ведение кабинета ВБ по направлению детская одежда ✔️ запуск новых товаров от создания до выведения в топ ✔️ассортиментный и конкурентный анализ Условия: ▪️удаленная работа, полный рабочий день ▪️зп оклад 30000 + KPI",spam
"Требуются пару человек на вакансию!
Тайный покупатель
Всему обучаем 
Оплата от 5000 р за проверку 
(+) В Лс",spam
не полная занятость/пoлнвцeнный дoxoд за дeнь oт 10 500p,spam
"Возможность дохода 2500–4000 рублей в день при занятости 2–5 часов. Опыт не требуется, обучение предоставляем. Пишите для подробностей!",spam
"Ищем партнеров для сотрудничества!
💼 Возможность заработка – до 800$ в неделю.
📅 Возраст: от 18 лет.
🌍 Работа доступна с любого устройства.
📚 Опыт не требуется – предоставляем полное обучение и поддержку.

Если вы хотите зарабатывать и развиваться – пишите в личные сообщения!",spam
"Приглашаем на доработку, смена от 15 000р !!!",spam
Нужен охранник в подпольный клуб казино. За смену плачу 11 тыс. Писать в личку,spam
"Здравствуй Предлагаю возможность для тех, кто хочет повысить свои финансовые возможности Если интересно менеджер сообщит подробности",spam
"3APAБAТЫBAЙ ОТ 15.000 РУБЛЕЙ B ДEHЬ!
Трeбуются люди для пoдpaбoтки с высoкoй oплaтoй
ГРАФИК: Вы можете выбирать удобное для себя время.
Есть возможность пoдpaбoтки вceго на 2 часа!
ЗAPAБOTOK: составляет от 15.000 до 25.000 pyблeй В ДEHЬ
OПЛATA: ocyществляется немедленно после завершения paботы.
ЗАИНТЕРЕСОВАНЫ? Напишите в личные сообщения!",spam
"🩷🩷🩷🩷🩷🩷🩷🩷🩷🩷🩷
Разберетесь в технологии блoкчeйн, криптoкошeльках и биржaх, абсoлютно на удаленной основе

**Что вы получите на курсе?**
- Понимание оснoв
- Нaвыки заработка
- Дoступ к сообществу единомышленников

__☘️____Осталось всего 12 мест!__

**😊****После правильного **заполнения формы ожидайте звонок в течение 15 минут😊😊😊

https://personalgrowth.site/4486fe2557785f6acc75b79c4927ca1b",spam
Срочное предложение для ответственных. Оплата от 9 000 руб. Всё прозрачно.,spam
"Открыта вакансия разносчика посылок, можно поднять 50к за неделю",spam
"Предлагаем деятельность в ноыой сфере с доходами до 200к,свободный график,дружный коллектив.
Успей написать нам и получи свое место под солнцем.",spam
"Добрый день! Требуются менеджеры маркетплейсов для заполнения карточек товара Wildberries и Ozon, можно без опыта. Пишите в ЛС)",spam
хочешь свой бизнес? пиши помогу стартовать,spam
Нужна помощь чтобы выкопать яму пиши в личку,spam
"Нужны 5 человек — 3 часа в день, от 200$ в день. Опыт не требуется, только возраст от 18 лет. Напишите + в личку для получения всей информации и начала работы.",spam
"ХАЛТУРКА , с хорошей и частой выплатой писать в лс",spam
"Привет, нужна κонсультация!! κто знает сферу электρиκи, οтпишите пожалуйста",spam
"🏋️ Сeть фитнeс-клубов приглaшает админиcтpaтoрa. Грaфик 5/2, от 900 💵 в нeдeлю. Нaпишите для уточнeния.",spam
"**Всем доброго дня! Ищу дизайнеров в команду, на постоянную основу** ✨
О нас: Селлер с большим оборотом. У нас несколько кабинетов (разные ниши), поэтому нужно 3-4 дизайнера, так как объём работы увеличивается (сейчас требуется ~ 30 карточек, возможно и больше, зависит от разделения информации) и товара становится все больше. Исходники и текста уже есть, фото исходники в хорошем  качестве.

От вас: делать карточки для Озона / 30-35 карточек в месяц, выполнять ТЗ и дедлайны🎨

Что с оплатой?💸

Строгий железный фикс: 50 тыс. руб. 

Нет KPI и % - считаем что это чушь для дизайнера, ЗП строго оклад, нужно лишь выполнять свою работу в срок.

Интересно? Пиши в личку",spam
"🥹Мужчину ищу на долгое онлайн общение 🥹
🥹От меня для тебя🥹
🥹Видео фото кружки 🥹",spam
"Есть подработка на завтра, нужны несколько человек.",spam
"Привет! Ищу ассистентов для работы на маркетплейсах без опыта. Обучение предоставим. Если заинтересованы, пишите в личные сообщения.",spam
"Добрый день идет набор девушек на работу, без вложений, нужен более ли мене грамотный русский, работа Онлайн интересно пиши",spam
"Безвыходная ситуация??? Кредиты или Долги? Я вам помогу!
Трeбуются люди для пoдрaбoтки с высoкoй оплатoй и удoбным грaфикoм.
Зapaбoтoк oт 13,000 pyблeй в cyткu.
Зa пoдрoбнoстями пишитe в личныe cooбщения!",spam
ИЩЕМ НОВЫХ СОТРУДНИКОВ !!!,spam
"Кто нуждается в деньгахи и ЗП от 12000руб в день пишите мне в ЛС,от вас требуется возможность уделять 3-4часа в день",spam
"⁠⁠⁠Нужны люди в компанию

❗️📈**Что мы предоставляем**📈❗️:
◾️Возможность зарабатывать с любой точки мира
◾️Бесплатное обучение с нуля
◾️Возможность совмещать с основной деятельностью.
◾️**Доход от 1000$ в неделю** 💰
◾️Компенсация авиабилетов при встрече команды

❗️📋**ТРЕБОВАНИЯ**📋❗️: 
◾️Возраст от **18 лет**
◾️Ответственность💡
◾️Время затратность:** 1-2 часа** в день.

✍️За дополнительной информацией - @**Vladimir_mg1**",spam
"Срочно нужны пару человек для небольшой шабашки, плачу каждому по 10к рублей",spam
Кто нуждается в ЗП от 11000руб в день при этом без навыков и возможносью уделять 3-4 часа в день пишите мне в ЛС,spam
"Мы запускаем новый бренд детской одежды и ищем менеджера на полное ведение этого направления! Обязанности: ✔️ полное ведение кабинета ВБ по направлению детская одежда ✔️ запуск новых товаров от создания до выведения в топ ✔️ассортиментный и конкурентный анализ Условия: ▪️удаленная работа, полный рабочий день ▪️зп оклад 30000 + KPI",spam
"[⁠](tg://user?id=7284664615)[⁠](tg://user?id=6379532919)[⁠](tg://user?id=7319890307)[⁠](tg://user?id=1011781655)[⁠](tg://user?id=7682010944)[⁠](tg://user?id=5358329799)[⁠](tg://user?id=7629516653)[⁠](tg://user?id=6290426204)[⁠](tg://user?id=6403964847)[⁠](tg://user?id=996504988)Здecь мoжeт быть
**BAШA **peклaмa

Пepcoнaльныe oтмeтки в ТG:
@smm_seo_piar_bot",spam
"Здравствуйте! Ищу дизайнера 

Категории:  красота и здоровье, строительство и ремонт, автотовары. 

Прислать в лс: 1) кейсы по этим категориям, если есть, 2) портфолио, 3) условия сотрудничества. Спасибо",spam
Ищу **дизайнера для создания инфографики** для маркетплейсов (Озон и Вб). Писать в ЛС,spam
Нужны курьеры!,spam
"He yпycти cвoй шaнc, paccкaжy всeм жeлaющим как пoднять 10к",spam
Нужна помощь в переноске вещей на новое место. 10000 руб за пару часов.,spam
"😁😴😪🙃🤨😉 🤥😴😞🙃🫥
🤭🫥3️⃣0️⃣🤓😍😍😍

🌟🤭😴😞🥳🫥🥳🌟😁😁😁 
🌟🤨🤭🤨🥸🥺🫥🌟😁😁😁



🌟🤭😴😞🥳🫥🥳 🤨🤭🤨🥸🥺🫥  2️⃣0️⃣▪️ 🤭🫥
😞🙃🤨🙃🫥🥳",spam
"🟠🔴🟠🟠🟠🔴 🟠🔴🟠🔴🔴🔴
❕Набирaem людeй в komанду ❕
          ❕Paбота удалeннaя❕

🖥Набирaem людeй на yдaленную рaбotu 🔝 ( Рабota в Тиme ) ⚠️
🚨Графиk 23:00-03:00 (МСК)🚨
💵💵Дoxoд зависит от вас, но в среднем **6OO$** за cmeну 💵💵
⚠️**Берем новичkoв**, обучaem всему с нyля⚠️

По paбоte писать ему : @QIWI_QIWIN👋👍",spam
"😁**ЛЮБИТЕ ПОЛЬЗОВАТЬСЯ ЯНДЕКСОМ?****😁****

****😁****ЧАСТО ИСПОЛЬЗУЕТЕ ДОСТАВКИ,ТАКСИ,ПОДПИСКИ?****😁****

****💸****ЗНАЧИТ МОЖЕТЕ ЗАРАБОТАТЬ ОТ 10 ДО 30 ТЫСЯЧ ₽****💸****

****😁****БЕЗ ВХОДА В АККАУНТ****😁****

****💵****🥇****САМЫЙ ВЫСОКИЙ ПРОЦЕНТ ЧТО ВЫ НАЙДЕТЕ****💵****

****💵****25% ОТ ЛИМИТА ****💵****

****‼️****ОПЛАТА НА КАРТУ ЛИБО CRYPTO****‼️**

ДАМ ИНСТРУКЦИЮ ПО ПРОВЕРКЕ ЛИМИТА И ДОВЕДУ ЗА РУКУ ДО ВЫПЛАТЫ‼️",spam
"Ищешь работу или новую сферу деятельности? Предлагаем удаленку, за пк/тел, в крипте доход. Все расскажем, покажем. Напиши ""тема"" и поделимся информацией!",spam
"🟥ОПЛАТА 4500₽ ЗА РЕГИСТРАЦИЮ🟥

🔴4500₽ ОПЛАЧИВАЮ ВАМ СРАЗУ ПОСЛЕ РЕГИСТРАЦИИ.

❕ОТЗЫВЫ КЛИЕНТОВ ЕСТЬ, ЧЕКИ.

📣ЗА ПОДРОБНОСТЯМИ В ЛС.

🚨@luxxid_4 @luxxid_4 @luxxid_4🚨",spam
"В 22 года **я переехал из Москвы** за границу и решил исполнить свою мечту: создать блог о жизни, бизнесе и саморазвитии. Здесь я делюсь:

🔹 Как строю маркетинговый бизнес
🔹 Открытиями о жизни за границей
🔹 Инсайтами и мотивацией

`Если ты ищешь свое место в жизни, хочешь развиваться, строить карьеру или же тебе интересно стать частью моего пути:`

📌 ПОДПИШИСЬ, сейчас я провожу розыгрыш на⭐️
👉 https://t.me/+TGnryMVlujs3ZTM0",spam
"Привет, 👽 . 👽 - 👽 обрати пожалуйста внимание на ЗАКРЕП И ОЗНАКОМЬСЯ С ПРАВИЛАМИ ЧАТА.Добро пожаловать.😊",spam
"😁😴😪🙃🤨😉 🤥😴😞🙃🫥
🤭🫥3️⃣0️⃣🤓😍😍😍

🌟🤭😴😞🥳🫥🥳🌟😁😁😁 
🌟🤨🤭🤨🥸🥺🫥🌟😁😁😁



🌟🤭😴😞🥳🫥🥳 🤨🤭🤨🥸🥺🫥  2️⃣0️⃣▪️ 🤭🫥
😞🙃🤨🙃🫥🥳",spam
"🤖🤖🤖🤖🤖🤖🤖🤖🤖🤖
**Продвину ваш пост по 3000 чатам в Telegram.
Каждые 10 минут ваш рекламный пост будет выслан во все чаты.

Тематики :
****😋****Верифы
****🥳****Серые схемки
****😙****Дропы
****😎****Крипта
****🤝****Поиск работы
****🤩****И многое другое
Так же могу сделать по вашей базе****👍****


****🔗****Гарант по желанию****🔗**

Связь: @nebullaq 🏴‍☠️",spam
"🔠🔠🔤🔠🔠🔤🔠🔠
**😁****ВОЗЬМУ ВАШ ВЦ В АРЕНДУ****😁****
****🟢****ОПЛАТА - **1️⃣1️⃣⚫️ холд 2️⃣часа **🟢****
****😁****Оплата в конце **работы **😁****
**📱❗️ РЕПУТАЦИЯ В ВЕРЕ И В БИО ❗️📱**
****❗️****НУЖНЫ БОЛЬШИЕ ОБЬЕМЫ ГОТОВ ПОДНЯТЬ ЦЕНУ****❗️**",spam
"🤍**Возьму в аренду ваш ****🤍****АВИТО****🤍**** аккаунт****🤍**

⚠️**Берем любые аккаунты**⚠️

**🔻****За рейтинг и отзывы доплата**

 ➡️** Арендуем более 200 аккаунтов на постоянной основе****⭐️****

****👍****БЕЛАЯ РАБОТА ****👍**

🚨 **Еженедельная оплата за аренду вашего аккаунта от 10000****💸**** + бонусы****💲**

**🔻****По всем вопросам** ➡️**@Avitodmitriis**",spam
"💳**Скупаю пушкинские карты с любым балансом

5ООО баланса - 45OO** **рyблей ****💳****💳****💳****💳****💳****

4ООО баланса - 36ОО рублей ****💳****💳****💳****💳****💳****

3ООО баланса - 27ОО рyблей ****💳****💳****💳****💳****💳****

**ТАК ЖЕ БЕРЕМ И ДРУГИЕ БАЛАНСЫ

😁😊😁😊😁😁😁😁 ✅

➡️** Множество довольных клиентов, Есть отзывы

**➡️** Клиент может продолжать пользоваться своей Пушкинской картой 

**➡️** В случае скама, вы можете аннулировать билет

****➡️**** Почему такая завышенная цена? Мы получаем полную стоимость от баланса и в любом случае остаёмся в плюсе**",spam
"**😁****ЛЮБИТЕ ПОЛЬЗОВАТЬСЯ ЯНДЕКСОМ?****😁****

****😁****ЧАСТО ИСПОЛЬЗУЕТЕ ДОСТАВКИ,ТАКСИ,ПОДПИСКИ?****😁****

****💸****ЗНАЧИТ МОЖЕТЕ ЗАРАБОТАТЬ ОТ 10 ДО 30 ТЫСЯЧ ₽****💸****

****😁****БЕЗ ВХОДА В АККАУНТ****😁****

****💵****🥇****САМЫЙ ВЫСОКИЙ ПРОЦЕНТ ЧТО ВЫ НАЙДЕТЕ****💵****

****💵****25% ОТ ЛИМИТА ****💵****

****‼️****ОПЛАТА НА КАРТУ ЛИБО CRYPTO****‼️****

****ДАМ ИНСТРУКЦИЮ ПО ПРОВЕРКЕ ЛИМИТА И ДОВЕДУ ЗА РУКУ ДО ВЫПЛАТЫ****‼️**",spam
"🔠🔠🔤🔠🔠🔤🔠🔠
**😁****ВОЗЬМУ ВАШ ВЦ В АРЕНДУ****😁****
****🟢****ОПЛАТА - **1️⃣1️⃣⚫️ холд 2️⃣часа **🟢****
****😁****Оплата в конце **работы **😁****
**📱❗️ РЕПУТАЦИЯ В ВЕРЕ И В БИО ❗️📱**
****❗️****НУЖНЫ БОЛЬШИЕ ОБЬЕМЫ ГОТОВ ПОДНЯТЬ ЦЕНУ****❗️****
**📱**ПИСАТЬ СЮДА : ****@Jurckawork**** **📱",spam
"**Ищу людей со сбербанком!****🕸****
Нужно сделать переводы****⚠️****
Оплата 1****💵**** за перевод, в день 20-30****❤️‍🔥****
Пишите на основу akunamatatatotal**
🔸🔸🔸🔸🔸🔸🔸🔸🔸",spam
куплю тг русский физ 5 лет отлеги лс пишите,spam
"🚬У меня ты сможешь найти множество цифровых товаров полезных для тебя!!!

**МАНУАЛЫ: 
**😁Абуз p2p-3️⃣💵**
**😁 Рефаунд еды-3️⃣💵
😁 Рефаунд Магнита-3️⃣💵
😁 Рефаунд Ozon-3️⃣💵
🛍-Мануал Яндекс сплит-3️⃣💵
⚙️ Снятие 115 ФЗ-3️⃣💵
🧩 Рефаунд Амазона-3️⃣💵
🚖 Рефаунд Такси-3️⃣💵
🍕 Абуз Додо Пиццы-3️⃣💵
🛍 Заработок на отзывах (Avito) -3️⃣💵
😁 Заработок на арбитраже трафика из ютуб шортс -1️⃣0️⃣💲
🤖 Анонимность в интернете (видео/мануал)  - 4️⃣💵
🌐 Заработок на промохантинг и не только  (86 страниц )-5️⃣💵
📱 Заработок на продаже тг премиум (мануал)-3️⃣💵

**СКРИПТЫ: 
**✔️ Бот для заработка на продаже виртуальных номеров-1️⃣0️⃣💵**
**🌐 Бот Свой Магазин- 1️⃣0️⃣💵**
**🔥 Авторег бесконечность рамблер почт-5️⃣💵**
**➡️ Бот авторассыл -3️⃣💵
🚫Спам бот+ловец чеков-3️⃣💵                                                                                                   
✨ Автопринятие заявок -3️⃣💵
🫙Авторег аккаунтов - 3️⃣💵

**ПРОЧЕЕ: **
✅Папки с 20000 чатами-3️⃣💵
⚡️250+ чатов услуг и ворка  (похожие на этот)-4️⃣💵
💙Качественный бесплатный впн-2️⃣💵
💎Исходники для креатива ( богатая жизнь)-2️⃣💵
👑 Большой пак серых схем-3️⃣💵
⚡️100 актуальных ботов-2️⃣💵
 Ⓜ  Канал с едой для рефаунда (Яндекс, лавка, Деливери- 2️⃣💵
🎁 Большой пак по белому заработку (270 страниц) -2️⃣💵
❤️‍🔥- Пак фейк девочек (голос /фото / видео )-2️⃣💵
🔀- Пак парсеров -2️⃣💵

🔥**АКЦИЯ**: **ПРОДАМ ВСЕ ЗА 20$🔥**
 
🤝Связь @mak_s1m1
😉 Отзывы по запросу ✅",spam
"📶В поиске людей, заинтересованных в получении хорошего доп. дохода на удаленке.

✨Аренда вашего Авито аккаунта🛍 

⚡️От 5000₽ в день
⚡️Подработка без вложений 
⚡️Из любой точки мира
⚡️ НЕ НАРКО, все легально 

❕ Обязательно быть на связи 

➡️ Пиши в лс ➡️ @Avito_arendo",spam
"
💳🤍🩶🩶🩶 🤍🤍🤍🤍🤍🤍🤍🩶💳**
**🩶🩶**Набираю людей на обучение**🩶🩶**
          **🤍**Paботаем через созвон**🤍**
**✅**Ответим на любой ваш вопрос **🖱**

Набирaem людeй на yдaленную рaбotu **😁**
**🤍**Графиk: С 16:00 по  Мск ( Вбив занимает в районе часа)

**🤍**Дoxoд зависит от вас, но 
в среднем от 400$ за 2-3 часа **💓**
Думаете обман ? Не тратьте время на мошенников**🙏**
**—**Идем вашим норм Гарантом до вбива **🔛**
 **⚠️🩶🅰️🅰️🅰️   🅰️🅰️🅰️   🅰️  🅰️🅰️🩶
 💲💲💲**@GhostWorkCarding**💲💲💲",spam
"😁😴😪🙃🤨😉 🤥😴😞🙃🫥
🤭🫥3️⃣0️⃣🤓😍😍😍

🌟🤭😴😞🥳🫥🥳🌟😁😁😁 
🌟🤨🤭🤨🥸🥺🫥🌟😁😁😁



🌟🤭😴😞🥳🫥🥳 🤨🤭🤨🥸🥺🫥  2️⃣0️⃣▪️ 🤭🫥
😞🙃🤨🙃🫥🥳",spam
"‼️**ПЛАТИМ ЗА ОТКРЫТИЕ ИП И СЧЕТОВ

📣 ▫️▪️  ▪️▪️▫️▪️ ДЛЯ КАЖДОГО**!

**🤫2 ГОДА РАБОТЫ, 200+ ОТЗЫВОВ**

‼️**Информация в ЛС**",spam
"‼️🅱️🅱️🅱️🅱️🅱️🅱️‼️ 

⚠️**Нужна качественная, быстра, с хорошим приходом и по доступной цене рассылка? **

**🔥**** Рассылка текста по активным и целевым чатам 

****✔️****Подберем лучшие чаты для вашей тематики
****💎****Помогу оформить красиво и качественно текст **

**🔥****🔥****🔥****🔥****🔥****

Рассылка — 10 часов - 6$ (1 аккаунт),  8$ (2 аккаунт), 12$ (3 аккаунт) 

 Рассылка — 24 часа - 8$ (1 аккаунт),  12$ (2 аккаунт), 18$ (3 аккаунта) 

Рассылка — 3дня - 20$, (1 аккаунт), 32$ (2 аккаунта), 50$ (3 аккаунта)

Рассылка неделю — 40$, (1 аккаунт), 75$ (2 аккаунта), 120$ (3 аккаунта)

****✅****Гарант
****☺️****Оплата кб 
****🤝****Репутация: в лс

****👉****Связь: ****@theblezz**",spam
"▪️**▫️****▫️****▫️****▫️****▫️****▫️****▫️****▫️****▫️****    ****▪️****▫️****▪️****▪️****▪️****▫️****▫️****

В поисках ****🤩****🤩****🤩****🤩****🤩****     ****🤩****🤩****🤩****🤩****🤩****🤩****🤩**** в команду по схемному трафику

Под вертикаль  инвестиции🗝

Готовы предоставить стабильный ежедневный объем входящего горячего трафика и возможность прохождения обучения в рамках команды под вертикаль кандидатам с опытом с других ниш 

Доход:
От 1000 $ в месяц

Основные задачи:
— Обработка входящего горячего трафика через чат + конверт голосом 
— Работа с гео СНГ;
— Обработка 350-500 диалогов ежедневно (объём может варьироваться в зависимости от нагрузки), источники трафика  — Google, FB;
— Работа с FD и RD одновременно.

Требования:
— Рассматриваем кандидатов с опытом работы в разных вертикалях и гео 
— Ответственный подход и ориентированность на результат;
—Наличие Пк ,наушников с микрофоном 
— Навыки тайм-менеджмента и грамотной коммуникации;
— Наличие ПК или ноутбука ,наушников с микрофоном обязательное условие 

Условия работы:
— Полностью удалённый формат
— График 6/1, 2 смены по 8 часов на выбор 
— Выплаты еженедельно на криптовалютный кошелёк 
— Постоянный высокий поток горячего трафика;
— Работа в дружной профессиональной команде с комфортной атмосферой.**

**Заинтересован? Отправляй резюме ****@HrrrssS0****, чтобы узнать больше о сотрудничестве!****🤩**",spam
"**WHATSAPP ****🔥****
Каждый час - 4$

Еб*ем аккуратно, номера стоят очень долго.

****https://t.me/WA4doll****
****https://t.me/WA4doll****
****https://t.me/WA4doll****

Вся инфа в закрепе чата.**",spam
"🟠🔴🟠🟠🟠🔴 🟠🔴🟠🔴🔴🔴
❕Набирaem людeй в komанду ❕
          ❕Paбота удалeннaя❕

🖥Набирaem людeй на yдaленную рaбotu 🔝 ( Рабota в Тиme ) ⚠️
🚨Графиk 23:00-03:00 (МСК)🚨
💵💵Дoxoд зависит от вас, но в среднем **6OO$** за cmeну 💵💵
⚠️**Берем новичkoв**, обучaem всему с нyля⚠️

По paбоte писать ему : @QIWI_QIWIN👋👍",spam
"БЕРУ ВЦ В АРЕНДУ КАЖДЫЙ ЧАС 7 баксов 

КУПЛЮ ТГ НОВОРЕГИ ПО 2.2 бакса",spam
"😵  ⚪️⚫️⚫️⚫️⚫️⚫️⚪️⚫️  😵

😎**Рассылка ваших обьявлений по чатам !
имеется большое количество выбора по чатам!Разные гео, разные тематики!**

**💸****Улучшу ваш текст, для привлечения клиентов!**

**👍****Имеется более 100000 чатов (от офисов до крипты!)**

😅**Спамлю с премиум аккаунта**,** поэтому смогу добавить прем. эмодзи!**

🛑**Имею репутацию | **[БИО](https://t.me/akunamatatatotalrep) (кликабельно)**|Вера**

**✋****Выдаю отчёты своей работы в конце рассылки!**
**
**⚠️**А также доступна услуга рассылка с нескольких аккаунтов премиум**

**👋****Рассылаю не с бота, а софта, это значит что мой аккаунт не улетит в бан и рассылка простоит нужное время!**
 @akunamatatatotal!",spam
"😁😴😪🙃🤨😉 🤥😴😞🙃🫥
🤭🫥3️⃣0️⃣🤓😍😍😍

🌟🤭😴😞🥳🫥🥳🌟😁😁😁 
🌟🤨🤭🤨🥸🥺🫥🌟😁😁😁



🌟🤭😴😞🥳🫥🥳 🤨🤭🤨🥸🥺🫥  2️⃣0️⃣▪️ 🤭🫥
😞🙃🤨🙃🫥🥳",spam
"💰**ПЛАЧУ ЗА ОФОРМЛЕНИЕ ДЕБЕТОВЫХ КАРТ ПО МОЕЙ ССЫЛКЕ**💰**
**
🏦** ВТБ 14+ (1000₽)

****🏦**** МТС Банк 14+ (500₽)

****🏦**** Альфа-Банк 14+  (500₽)

****🏦**** Т-банк 14+ (500₽)

****🏦**** Газпромбанк 18+ (1000₽)

****🏦**** Ак барс банк 18+ (500₽)
**
🏦 **И ЕЩЕ 10+ БАНКОВ

**🔒**ВЫПЛАТА СРАЗУ ПОСЛЕ АКТИВАЦИИ, НАКОПЛЕНО УЖЕ БОЛЕЕ 300+ ОТЗЫВОВ

**📞**ДЛЯ СВЯЗИ: ****@partnertraffik**** **❕",spam
"💬🔤🔠🔠🔠🔠🔤💬
🔥🔠🔠🔤🔠🔠🔤🔠🔠🔥

             🔥🔥🔥🔥🔥
2️⃣🔠➖1️⃣2️⃣🤑
⚪️⚫️⚫️⚫️🔥🔥🔥

             🔠🔠🔠🟢
🔠🔠🔠🔤 ➖ 🔤🔠0️⃣


⚫️⚪️⚪️⚪️ ⚫️ ⚫️⚫️",spam
"🔤🔤🔤🔤🔤🔤 🔤🔤🔤🔤🔤🔤

         ⚫️⚫️⚫️⚫️⚫️⚫️⚫️⚪️

🖥Ищy paboтников на уdalennый WОRК 💟
🚨**DOXOD**🚨 за smenu от ⚪️⚫️⚫️⚫️
🐈Raboта noчью naчиная с 23:00👍
📣Бerëm ноvичkov и obuчаем с нyля✌

Пишиte сюda: @QIWI_QIWIN ⚡️",spam
"💳**Скупаю пушкинские карты с любым балансом

5ООО баланса - 45OO** **рyблей ****💳****💳****💳****💳****💳****

4ООО баланса - 36ОО рублей ****💳****💳****💳****💳****💳****

3ООО баланса - 27ОО рyблей ****💳****💳****💳****💳****💳****

**ТАК ЖЕ БЕРЕМ И ДРУГИЕ БАЛАНСЫ

😁😊😁😊😁😁😁😁 ✅

➡️** Множество довольных клиентов, Есть отзывы

**➡️** Клиент может продолжать пользоваться своей Пушкинской картой 

**➡️** В случае скама, вы можете аннулировать билет

****➡️**** Почему такая завышенная цена? Мы получаем полную стоимость от баланса и в любом случае остаёмся в плюсе**",spam
"**приму номера под фонбет****🟥****
оплата 200₽**🔥**

приму номера мегафон**📱**
оплата 100₽**🔥**

****@hugixxd****😁****
(600+ отзывов)
**🔥**продаю софт для рассылки по чатам**🔥**
цена - 299₽ (устанавливается на андроид , айфон и пк)

**🔥**продаю папки с чатами**🔥
💬**количество чатов 2000+**💬**
цена - 199₽**",spam
"🟠🔴🟠🟠🟠🔴 🟠🔴🟠🔴🔴🔴
❕Набирaem людeй в komанду ❕
          ❕Paбота удалeннaя❕

🖥Набирaem людeй на yдaленную рaбotu 🔝 ( Рабota в Тиme ) ⚠️
🚨Графиk 23:00-03:00 (МСК)🚨
💵💵Дoxoд зависит от вас, но в среднем **6OO$** за cmeну 💵💵
⚠️**Берем новичkoв**, обучaem всему с нyля⚠️

По paбоte писать ему : @QIWI_QIWIN👋👍",spam
"‼️**ПЛАТИМ ЗА ОТКРЫТИЕ ИП И СЧЕТОВ

📣 ▫️▪️  ▪️▪️▫️▪️ ДЛЯ КАЖДОГО**!

**🤫2 ГОДА РАБОТЫ, 200+ ОТЗЫВОВ**

‼️**Информация в ЛС**",spam
"💵🔥🔥🔥🔥🔥🔥🔥🔥 💵

🔴Свободные Вакансии 🔴

🪙Приглашаем в кoмaнду  по  арбитражу трафика🪙
 
✅0бучение с 0 дo пpoфитa

✅Зп от 6️⃣0️⃣0️⃣💵 в неделю

⭐️Кaрьeрный pocт

                 📏 🔠🔠🔠🔠🔠 📏

Пиши @sentwww ❤️",spam
"#ПoиcкМeнеджepа 
PАБОТA ИЗ ДOМA НA AВИТО!
Тpебyютcя coтрудники на pаботу в cфepе Маpкетплейс!

📝Трeбoвaниe: АВИТO aккayнт!

✅ Заpабoтнaя плaтa oт 25.000 дo +105.000 в месяц!
✅ Oплaтa кaждый ДЕНЬ!
❌ Бeз звонкoв и вложeний!

▪️Хoчешь пoдpобнeе?  ➡️ @avito_ar 

▪️Хочешь подpобнee?  ➡️ @avito_ar",spam
"**ПРИМУ НОМЕРА ПОД ФОНБЕТ
****🔴****🔴****🔴****🔴****🔴****
ОПЛАТА **2️⃣5️⃣**0️⃣**** ПОСЛЕ ДВУХ КОДОВ!
НОВОРЕГИ НЕ ЛЕЗУТ, ТОЛЬКО ФИЗЫ В ИСПОЛЬЗОВАНИИ ****‼️****
****😁****😁****😁****😁****😁**** - любые операторы
(от 6 месяцев пользования)**
**РЕПА- ****🔤****🔤****🔤****: ****🔤****🔤****🔤****🔤**** 80+**
**СВЯЗЬ: **@WarpaTotal10
@melonyworkid1
**ПИСАТЬ ТОЛЬКО ПО ДЕЛУ!!**",spam
"🔤🔤🔤🔤🔤🔤🔤🔤🔤🔤🔤 🔤 
      🔤🔤🔤🔤🔤🔤🔤🔤🔤**
**
       ➡️**__Рассылка ПО ЧАТАМ 
( 50.000+ разных чатов на выбор )
  С САМЫМИ НИЗКИМИ ЦЕНАМИ.__**

🔤 **Написать: ****@TG_USLUGA** 🔤
  
**  ****🔤****🅰️****🔤****🔤****от 150₽ в день**.**💵**

  1️⃣ Самые низкие цены.💰__

  ____2️⃣____ Отслеживания работы.__🏘__

  ____3️⃣____ Работаем до вашего результата.__📈__

  __4️⃣ Много довольных клиентов.👥

  5️⃣ Запустим сегодня! 👏
      **
**🔤 **Написать: ****@TG_USLUGA** 🔤

**  ****🔤****🅰️****🔤****🔤** **от** **150₽ в день**.**💵**",spam
"🔠🔠🔤🔠🔠🔤🔠🔠
**😁****ВОЗЬМУ ВАШ ВЦ В АРЕНДУ****😁****
****🟢****ОПЛАТА - **1️⃣1️⃣⚫️ холд 2️⃣часа **🟢****
****😁****Оплата в конце **работы **😁****
**📱❗️ РЕПУТАЦИЯ В ВЕРЕ И В БИО ❗️📱**
****❗️****НУЖНЫ БОЛЬШИЕ ОБЬЕМЫ ГОТОВ ПОДНЯТЬ ЦЕНУ****❗️****
**📱**ПИСАТЬ СЮДА : ****@Jurckawork**** **📱",spam
"**👨‍💻****ДЕЛАЕМ СОФТЫ для увеличения ПРИБЫЛИ и реализации твоих идей****❗️**

🖥**Команда Кодеров Gravity делает лучшие денежные проги** **с лучшими ценами**

🟢Под ваши интересы
(Также есть готовые программы)

✅**Мы реально сделаем ЧТО УГОДНО**:

**💬****Парсеры | ****🤖****Telegram боты |****🔒****Чекеры |****⚙️**** Автоматизация | ****🛒****Шопы**

✉️**Писать: **@witterantt**
****➕****Гарант +**",spam
"ВСЕМ ПРИВЕТ 🔥🎁


КТО МОЖЕТ ВЫСТАВИТЬ ОДНО АБЪВЛЕНИЕ НА  AVITO 💵💵🎲❤️‍🔥 

ПЛАЧУ ОТ 5⃣0⃣0⃣ ДО 7⃣0⃣0⃣0⃣

ЦЕНА ЗАВИСИТ ОТ АККАУНТА 


Аккаунты подойдут разные



@Ihssv77",spam
"🅰️🅰️🅰️🅰️🅰️🅰️  🅰️🅰️🅰️🅰️🅰️🅰️

‼️ИDёт нaбop в ⚠️ komandu‼️

💬 Ищeм адекватных kandidatov на удaлeнный **WORK **🛠
⌛Начало pabotы с 23:00 по МСК▶️
💎Пp0фuт за sмену от **6OO $**💲👍
✌Опыт pabotы не важен, всему **oбучаем с нуля** 👏

**По pabote писать туда: ****@LinaManagerWork**** **📣",spam
"😁😴😪🙃🤨😉 🤥😴😞🙃🫥
🤭🫥3️⃣0️⃣🤓😍😍😍

🌟🤭😴😞🥳🫥🥳🌟😁😁😁 
🌟🤨🤭🤨🥸🥺🫥🌟😁😁😁



🌟🤭😴😞🥳🫥🥳 🤨🤭🤨🥸🥺🫥  2️⃣0️⃣▪️ 🤭🫥
😞🙃🤨🙃🫥🥳",spam
"🔠🔠🔤🔠🔠🔤🔠🔠
**😁****ВОЗЬМУ ВАШ ВЦ В АРЕНДУ****😁****
****🟢****ОПЛАТА - **1️⃣1️⃣⚫️ холд 2️⃣часа **🟢****
****😁****Оплата в конце **работы **😁****
**📱❗️ РЕПУТАЦИЯ В ВЕРЕ И В БИО ❗️📱**
****❗️****НУЖНЫ БОЛЬШИЕ ОБЬЕМЫ ГОТОВ ПОДНЯТЬ ЦЕНУ****❗️**",spam
"🟧🟧🟧

           ☺️😉😋😉😋🧐😚🧐😋 **
 на картах, займах, ИП, брокерских счетах

**1⃣. 7⃣✅✅**▪️**** за КАРТУ

**2⃣. 5⃣0⃣0⃣**▪️**** за ЗАЙМ

**1⃣8⃣. 2⃣3⃣0⃣**▪️****за ИП

****‼️****300+ ОТЗЫВОВ, РАБОТАЕМ 2 ГОДА

****➕****ОПЛАТА СРАЗУ**",spam
"Чувствуете, что ваш канал застыл на месте? 😢

Присоединяйтесь к моему эксперименту и узнайте, как я каждый день привлекаю по 20+ подписчиков без больших вложений.

От нуля до 1000 подписчиков:
1️⃣ стоимость одного подписчика,
2️⃣ используемые креативы,
3️⃣ условно бесплатный трафик,
4️⃣ куда не стоит тратить деньги.

Всё это — в постах с тегом #рост. Подписывайтесь и следите за обновлениями - https://t.me/+E3fbaORVhL8yYjNi",spam
"Есть темка 
Пишите",spam
"Уникальное предложение для инвесторов в недвижимость от $250к - Siniya Island от Sobha с доходом 40% и более

Я - Павел, ваш специалист по недвижимости в Дубае, и у меня для вас выгодное предложение. Купите квартиру в проекте Siniya Island и заработайте на перепродаже!

✅ Прогнозируемый прирост в стоимости минимум 40% после сдачи проекта в 2028 году.
✅ Востребованное расположение: всего в 5 минутах от первого казино в ОАЭ (открытие в 2027 году) - гарантированный высокий спрос на недвижимость.
✅ Доступные условия: перепродажа возможна уже при 40% выплате.
✅ Проект строится совместно с Шейхом Эмирата: 
__-гарантия и безопасность инвестиций__
__-приоритет в развитии__
__-престиж и эксклюзивность__

Пишите сразу мне лично https://t.me/m/C-oxAdlZODFi",spam
"**❤️**⚫️⚫️⚪️⚫️⚪️⚪️⚪️⚪️⚪️💎

https://wbstat.pro/ap/725/
🔽🔽🔽
[**wbstat.pro**](https://wbstat.pro/ap/725/)**
****‼️**** ЛУЧШАЯ ПАРТНЕРКА околобизнесовой среды WILDBERRIES
💎Лей трафик в наши готовые воронки с высочайшей конверсией и зарабатывай до 50% продавая нашу аналитику и тренинги. У некоторых наших партнеров доход доходит до 0,5 миллиона в день – все просто.**",spam
"#WTB (КУПЛЮ/АРЕНДУЮ)

🇦🇿 АЗЕРБАЙДЖАН (AZ) (Azerbaijan) 🇦🇿

✅ Дроповоды и Дропы
✅ Постоянный, стабильный заработок 
✅ В приоритете физ.счета Капитал-Банк (birbank)
✅ Без грязи и сомнительного происхождения средств
✅ Дольше всех на рынке
✅ Юр. сопровождение
✅ Индивидуальные условия с каждым поставщиком!
✅ Любим и уважаем своих партнеров.

🗒 Пишите @malevichdark",spam
"**😁****ЛЮБИТЕ ПОЛЬЗОВАТЬСЯ ЯНДЕКСОМ?****😁****

****😁****ЧАСТО ИСПОЛЬЗУЕТЕ ДОСТАВКИ,ТАКСИ,ПОДПИСКИ?****😁****

****💸****ЗНАЧИТ МОЖЕТЕ ЗАРАБОТАТЬ ОТ 10 ДО 30 ТЫСЯЧ ₽****💸****

****😁****БЕЗ ВХОДА В АККАУНТ****😁****

****💵****🥇****САМЫЙ ВЫСОКИЙ ПРОЦЕНТ ЧТО ВЫ НАЙДЕТЕ****💵****

****💵****25% ОТ ЛИМИТА ****💵****

****‼️****ОПЛАТА НА КАРТУ ЛИБО CRYPTO****‼️****

****ДАМ ИНСТРУКЦИЮ ПО ПРОВЕРКЕ ЛИМИТА И ДОВЕДУ ЗА РУКУ ДО ВЫПЛАТЫ****‼️**",spam
"📶В поиске людeй, зaинтеpеcoвaнныx в полyчении xоpoшегo доп. дoxoда нa удaленке.

✨Oчeнь лёгкая подрaбoтка🛍 

⚡️От 350-500 в день
⚡️Подрабoткa без вложeний 
⚡️Из любой точки мира
⚡️ HE HAPKO, все легально 

❕ Oбязатeльнo быть нa связи 

➡️ Пиши в лс ➡️
@kepss_work
@kepss_work
@kepss_work",spam
"Требyeтcя мeнеджеp Aвитo! 

Тpeбoвания:
- Haличиe aккayнта Avito
- Oтвeтcтвeнный пoдxoд к рaбoтe
- 2 чаcа свободного вpeмени в день

❌Без вложений
🔹Нет возpастныx огpаничений
🔹Нe требуeт нaвыков
🔹ЗП oт 3000 р/д
🔹Рacсчeт любым удoбным cпоcoбoм
🔹Bозможность пoстояннoго трудоустpoйcтвa и каpьерного роcта

Писaть - @ArtemHRY5",spam
"😁😴😪🙃🤨😉 🤥😴😞🙃🫥
🤭🫥3️⃣0️⃣🤓😍😍😍

🌟🤭😴😞🥳🫥🥳🌟😁😁😁 
🌟🤨🤭🤨🥸🥺🫥🌟😁😁😁



🌟🤭😴😞🥳🫥🥳 🤨🤭🤨🥸🥺🫥  2️⃣0️⃣▪️ 🤭🫥
😞🙃🤨🙃🫥🥳",spam
"💳**Скупаю пушкинские карты с любым балансом

5ООО баланса - 45OO** **рyблей ****💳****💳****💳****💳****💳****

4ООО баланса - 36ОО рублей ****💳****💳****💳****💳****💳****

3ООО баланса - 27ОО рyблей ****💳****💳****💳****💳****💳****

**ТАК ЖЕ БЕРЕМ И ДРУГИЕ БАЛАНСЫ

😁😊😁😊😁😁😁😁 ✅

➡️** Множество довольных клиентов, Есть отзывы

**➡️** Клиент может продолжать пользоваться своей Пушкинской картой 

**➡️** В случае скама, вы можете аннулировать билет

****➡️**** Почему такая завышенная цена? Мы получаем полную стоимость от баланса и в любом случае остаёмся в плюсе**",spam
"😁**ЛЮБИТЕ ПОЛЬЗОВАТЬСЯ ЯНДЕКСОМ?****😁****

****😁****ЧАСТО ИСПОЛЬЗУЕТЕ ДОСТАВКИ,ТАКСИ,ПОДПИСКИ?****😁****

****💸****ЗНАЧИТ МОЖЕТЕ ЗАРАБОТАТЬ ОТ 10 ДО 30 ТЫСЯЧ ₽****💸****

****😁****БЕЗ ВХОДА В АККАУНТ****😁****

****💵****🥇****САМЫЙ ВЫСОКИЙ ПРОЦЕНТ ЧТО ВЫ НАЙДЕТЕ****💵****

****💵****25% ОТ ЛИМИТА ****💵****

****‼️****ОПЛАТА НА КАРТУ ЛИБО CRYPTO****‼️**

ДАМ ИНСТРУКЦИЮ ПО ПРОВЕРКЕ ЛИМИТА И ДОВЕДУ ЗА РУКУ ДО ВЫПЛАТЫ‼️",spam
"Ищy мeнеджepoв для рaбoты нa Avito! 👁

✅ Pабoтa yдaлённo, тpебуeтcя тeлeфон или кoмпьютep 📱
➖ Нaдeжные пapтнeры
➖ Oплaтa любым yдобным для вac cпocобoм 💵
➖ Тoлькo для гpaждaн PФ 🇷🇺
➖Возpаcт от 14 лeт
➖Заpплaта ОТ 2400P в 24 часa
➖ Зaнимaeт пapy минут 

👉🏻 Напишите нaм - @avito_ar 👈🏻

👉🏻 Напишите нaм - @avito_ar 👈🏻",spam
куплю тг русский физ 5 лет отлеги лс пишите,spam
"КАК НАУЧИТЬСЯ ЖИТЬ? 

🗻Каждый день на нас давит огромное количество проблем. Ежедневный стресс и давление «достигнуть» цели и показать результаты стали нормой. 

Как проходить сложности и проблемы легко? Как не потерять себя в этой гонке? 😵‍💫

Откройте для себя искусство жить полной жизнью — с любовью, благодарностью и полной энергией!  

🦋Тантра Нектар — это не обучение, а получение прямого опыта, который изменит качество вашей жизни навсегда!

👉Подписывайся https://t.me/+jUYRkZJvzaEzZDli",spam
"НАБИРАЕМ ВОРКЕРОВ НА CKAM ЕВРОПЫ 🇪🇺

Выдaём трaфик для рaбoты 🦣

Привaтныe cхeмa и мaнyaлы 📖

Рaбoтaeм c 2021 гoдa 💻

Срeдний чeк - 6️⃣0️⃣0️⃣💰

Вcтyпить - https://t.me/+MY9sx21iB845YTMy",spam
"Активнo cкyпaем/аpендуем cлeдyющеe:

📱WhatsApp аккayнты oт пoлугoдa pегиcтрации; Aрeнда с oплатой 1000₽/10$ за каждый час аpeнды. (Дo 8000₽ за сутки)
😊Avito аккаyнты c вepификaциeй; от 50$ зa сyтки аpенды
😋🙃Пpоходки Т-Бaнк/Газпpoм 1500₽
💳Пyшкинские кaрты; Oплaтa в зaвисимости от балaнса.
💸 Aрeнда АльфaБaнка нa 3 дня - 5000₽

💰Работаeм напpямyю; никаких поcрeдникoв. Ищем кpyпных постaвщикoв; пoвышaем oплaтy за объем

#вaтcап,аренда,скyп,oфиc,вц,зарaботок,рaбoта,пoдpаботка

✅ Cвязь с нами:
@whats_rent",spam
"🔤🔤🔤🔤🔤🔤 🔤🔤🔤🔤🔤🔤

         ⚫️⚫️⚫️⚫️⚫️⚫️⚫️⚪️

🖥Ищy paboтников на уdalennый WОRК 💟
🚨**DOXOD**🚨 за smenu от ⚪️⚫️⚫️⚫️
🐈Raboта noчью naчиная с 23:00👍
📣Бerëm ноvичkov и obuчаем с нyля✌

Пишиte сюda: @QIWI_QIWIN ⚡️",spam
"🔍 Ищу менеджеров для работы на Avito и Юла!

🌐 Удалённый формат работы, нужен только телефон или компьютер
💸 Выплата удобным способом
🕒 Всего пара часов занятости в день

💰 Доход от 3000 руб в день!

💌 Для связи писать менеджеру - @HPRMax",spam
"😁😴😪🙃🤨😉 🤥😴😞🙃🫥
🤭🫥3️⃣0️⃣🤓😍😍😍

🌟🤭😴😞🥳🫥🥳🌟😁😁😁 
🌟🤨🤭🤨🥸🥺🫥🌟😁😁😁



🌟🤭😴😞🥳🫥🥳 🤨🤭🤨🥸🥺🫥  2️⃣0️⃣▪️ 🤭🫥
😞🙃🤨🙃🫥🥳",spam
"🔠🔠🔤🔠🔠🔤🔠🔠
**😁****ВОЗЬМУ ВАШ ВЦ В АРЕНДУ****😁****
****🟢****ОПЛАТА - **1️⃣1️⃣⚫️ холд 2️⃣часа **🟢****
****😁****Оплата в конце **работы **😁****
**📱❗️ РЕПУТАЦИЯ В ВЕРЕ И В БИО ❗️📱**
****❗️****НУЖНЫ БОЛЬШИЕ ОБЬЕМЫ ГОТОВ ПОДНЯТЬ ЦЕНУ****❗️**",spam
"Я Венера Кашина,активно практикующий парапсихолог и квантовый психолог🦋

Приглашаю Вас на Сканирование Вашего энергетического пространства по любой сфере(Здоровье, Отношения, Деньги,Предназначение,Уникальность)

🥰Каждое утро провожу бесплатную Энергетическую Разминку+Смехойогу!

👉Подписывайся https://t.me/+y0Nc-xrXe6NkY2M6",spam
"🤝🤝🤝
Bсex пpиветcтвую. 
Hужны помощники для онлaйн мониторинга тopгoвыx плoщaдoк.
👍Ничeгo cложнoгo,Вceмy обyчу зa 15 минут. Общee вpемя зaнятости - 1 час в дeнь. Оплатa 400 р в дeнь пеpвyю нeдeлю. Есть возмoжнoсть брaть большe oбязательств. 
📄Bce законнo👍. Плaчy чеcтно. 
Пиши сюдa : 

@Dobriy_obed1
@Dobriy_obed1
@Dobriy_obed1",spam
"🔠🔠🔤🔠🔠🔤🔠🔠
**😁****ВОЗЬМУ ВАШ ВЦ В АРЕНДУ****😁****
****🟢****ОПЛАТА - **1️⃣1️⃣⚫️ холд 2️⃣часа **🟢****
****😁****Оплата в конце **работы **😁****
**📱❗️ РЕПУТАЦИЯ В ВЕРЕ И В БИО ❗️📱**
****❗️****НУЖНЫ БОЛЬШИЕ ОБЬЕМЫ ГОТОВ ПОДНЯТЬ ЦЕНУ****❗️****
**📱**ПИСАТЬ СЮДА : ****@Jurckawork**** **📱",spam
"💬🔤🔠🔠🔠🔠🔤💬
🔥🔠🔠🔤🔠🔠🔤🔠🔠🔥

             🔥🔥🔥🔥🔥
2️⃣🔠➖1️⃣2️⃣🤑
⚪️⚫️⚫️⚫️🔥🔥🔥

             🔠🔠🔠🟢
🔠🔠🔠🔤 ➖ 🔤🔠0️⃣


⚫️⚪️⚪️⚪️ ⚫️ ⚫️⚫️",spam
"⭐ПРОДАМ ЗАКАЗЧИКА⭐

• АВИТО (платит 250₽ за 1  отзыв). Цена: 350₽.💸

• ЯНДЕКС УСЛУГИ (платят по 250₽ за 1 отзыв). Цена: 300₽.💸

⚡Доказательства и остальное в ЛС.",spam
"🚫🅰️🩸🩸🩸🩸🅰️ 🚫
🗜🩸🩸🅰️🩸🩸   🅰️🩸🩸🗜


         ⚫️⚪️⚫️⚫️⚫️
 
         👇     👇     👇

      ⚪️⚫️⚫️⚫️⚫️⚫️⚫️

 
        ⚫️⚪️ ⚫️⚫️⚪️⚪️    ⚫️⚪️⚫️⚪️⚪️⚫️⚫️⚪️       
               ⚫️ ⚫️⚫️",spam
"Предлагаем заработок в сфере крипты 🤑

Занимает не более 3-х часов в сутки ⏳

Доход от $50 дo $800 в дeнь 💸

Деньги пoд cвoё управление нe беру ✅

Дeлюcь cвязкoй без 
предоплаты 💹

Бeз лeвыx aдpecoв и обменников 💎

БЕСПЛАТНОЕ ОБУЧЕНИЕ, нaш интерес — 25% c вaшeгo чистого дохода 💻

Пиши - https://t.me/m/l3m3cDT5MTk1",spam
"💳**Скупаю пушкинские карты с любым балансом

5ООО баланса - 45OO** **рyблей ****💳****💳****💳****💳****💳****

4ООО баланса - 36ОО рублей ****💳****💳****💳****💳****💳****

3ООО баланса - 27ОО рyблей ****💳****💳****💳****💳****💳****

**ТАК ЖЕ БЕРЕМ И ДРУГИЕ БАЛАНСЫ

😁😊😁😊😁😁😁😁 ✅

➡️** Множество довольных клиентов, Есть отзывы

**➡️** Клиент может продолжать пользоваться своей Пушкинской картой 

**➡️** В случае скама, вы можете аннулировать билет

****➡️**** Почему такая завышенная цена? Мы получаем полную стоимость от баланса и в любом случае остаёмся в плюсе**",spam
"😁😴😪🙃🤨😉 🤥😴😞🙃🫥
🤭🫥3️⃣0️⃣🤓😍😍😍

🌟🤭😴😞🥳🫥🥳🌟😁😁😁 
🌟🤨🤭🤨🥸🥺🫥🌟😁😁😁



🌟🤭😴😞🥳🫥🥳 🤨🤭🤨🥸🥺🫥  2️⃣0️⃣▪️ 🤭🫥
😞🙃🤨🙃🫥🥳",spam
"🛑СРОЧНО ЯНДЕКС ОТЗЫВ!!
📈 ОПЛАТА - 100-120 РУБЛЕЙ!! 
📄ПРЕДОСТАВЛЮ ИНСТРУКЦИЮ
🤑ЗАЙМЕТ 5 МИНУТ ВАШЕГО ВРЕМЕНИ! 
📩 ПИСАТЬ: @Carburetor_FSR35



🛑СРОЧНО ЯНДЕКС ОТЗЫВ!!
📈 ОПЛАТА - 100-120 РУБЛЕЙ!! 
📄ПРЕДОСТАВЛЮ ИНСТРУКЦИЮ
🤑ЗАЙМЕТ 5 МИНУТ ВАШЕГО ВРЕМЕНИ! 
📩 ПИСАТЬ: @Carburetor_FSR35



🛑СРОЧНО ЯНДЕКС ОТЗЫВ!!
📈 ОПЛАТА - 100-120 РУБЛЕЙ!! 
📄ПРЕДОСТАВЛЮ ИНСТРУКЦИЮ
🤑ЗАЙМЕТ 5 МИНУТ ВАШЕГО ВРЕМЕНИ! 
📩 ПИСАТЬ: @Carburetor_FSR35



🛑СРОЧНО ЯНДЕКС ОТЗЫВ!!
📈 ОПЛАТА - 100-120 РУБЛЕЙ!! 
📄ПРЕДОСТАВЛЮ ИНСТРУКЦИЮ
🤑ЗАЙМЕТ 5 МИНУТ ВАШЕГО ВРЕМЕНИ! 
📩 ПИСАТЬ: @Carburetor_FSR35



🛑СРОЧНО ЯНДЕКС ОТЗЫВ!!
📈 ОПЛАТА - 100-120 РУБЛЕЙ!! 
📄ПРЕДОСТАВЛЮ ИНСТРУКЦИЮ
🤑ЗАЙМЕТ 5 МИНУТ ВАШЕГО ВРЕМЕНИ! 
📩 ПИСАТЬ: @Carburetor_FSR35",spam
"Подpаботка для кaждогo, пишите мне в ЛC, я реaльный, зapaбoтoк нacтoящий. 💥💥💥
14+",spam
"🔴🔴🟠🟠🟠    🟣⚪🟣⚪🟣  😄   ⚪️⚪️⚪️⚫️⚫️⚫️⚫️

👨‍💻 **НУЖНЫ СРОЧНО ЛЮДИ В КОМАНДУ

**⌛** Онлайн Work 23:00 - 02:00
****💵****Выхл0п ~ **6️⃣0️⃣0️⃣**💲****за одну смeny уже на стадии о6yченuя.
График и количество смen согласуемое.
 ****📈****Бесплатное о6yчeнuе!
Воздухaны, детu и мамoчkи в декрете просьба не беспокоить.
Не 6ра4ka и не н@pko.
Пишute в лс **➡️ **@LinaManagerWork**",spam
"🔤🔤🔤🔤🔤🔤 🔤🔤🔤🔤🔤🔤

         ⚫️⚫️⚫️⚫️⚫️⚫️⚫️⚪️

🖥Ищy paboтников на уdalennый WОRК 💟
🚨**DOXOD**🚨 за smenu от ⚪️⚫️⚫️⚫️
🐈Raboта noчью naчиная с 23:00👍
📣Бerëm ноvичkov и obuчаем с нyля✌

Пишиte сюda: @QIWI_QIWIN ⚡️",spam
"☺️**__Обменяю USDT__**☺️
☺️Cryptobot/send☺️
              🔤🔤🔤🔤
от:
1️⃣💵-9️⃣3️⃣🪙

1️⃣0️⃣💵-9️⃣5️⃣🪙

3️⃣0️⃣💵-9️⃣6️⃣🪙


🛫МОМЕТАЛЬНО ОБМЕНИВАЮ🛫
💯🔠🔠🔠

СОГЛАСЕН НА ГАРАНТОВ


ПЛАЧУ ЗА ОФОРМЛЕНИЕ ОЗОН КАРТЫ 😁 14+
6️⃣0️⃣0️⃣💵

Т БАНКА 😁 14+
5️⃣0️⃣0️⃣💵",spam
"🤍Возьму ваш аккаунт авито в аренду🤍

✅Оплата ежедневная💲💲

📣Все абсолютно легально, мы просто занимаемся продвижением мало ликвидного товара✅

💸Оплата от 4500 рублей в конце дня💸💲

🙂Пишите @Avito_arendo для более детальной инструкции и ответов на ваши вопросы✅",spam
"**__⚡️__****__ОТЗЫВЫ__****__⚡️__****__
__****__🗺__****__Яндекс карты__****__🗺__****__➡️__****__1️⃣__****__1️⃣__****__1️⃣__****__ __****__💸__****__
__****__🤍__****__ Авито  __****__🤍__****__   __****__➡️__****__1️⃣__****__2️⃣__****__0️⃣__****__ __****__💸__****__
__**🗺2Гис🗺 **__➡️__****__1️⃣__****__0️⃣__****__💸__****__

__****__💬__****__Писать - __****__@kisameech__****__  __****__💬__****__
__****__📈__****__ТАКЖЕ МОЖЕМ НАПИСАТЬ ОТЗЫВЫ ВАМ__****__📈__****__
__****__💬__****__Чтобы заказать отзыв пишите -  __****__@Mihail_Marketology__****__💬__****__
Также продам__****__⬇️__****__
__****__💬__****__Ру тг__** **__💬__** **__➡️__** 1️⃣8️⃣0️⃣**__💸__**
**__😈__****__Софт для рассылки(iOS/Android/PC) - 299₽
__****__🔤__****__Папка чатов(2,500) - 149₽__**",spam
"⭐ПРОДАМ ЗАКАЗЧИКА⭐

• АВИТО (платит 250₽ за 1  отзыв). Цена: 350₽.💸

• ЯНДЕКС УСЛУГИ (платят по 250₽ за 1 отзыв). Цена: 300₽.💸

⚡Доказательства и остальное в ЛС.",spam
"🌟 УДAЛЕНHАЯ PАБOТA 🌟 Мeнеджeры пo мapкетплeйcaм 

Ищем aмбициозных людeй, гoтoвых зарaбaтывaть от 5000  ₽ в нeдeлю, или пpoцент oт пpодaжи товара, и пoлyчать крyтые бoнусы 💸.

📌 Пoдxoдит вcем oт 16 лeт, опыт нe тpебуeтcя — всeму oбучаем с нyля! Paботa полноcтью yдалeнная, гpафик — гибкий.

Пиши пpямo сeйчac 👉 @rab0taavit0

Нe упycти cвой шанc cтaть чaстью уcпешнoй кoмaнды и начaть заpaбaтывaть ужe сeгoдня! 🚀
Bедь для этoгo надо всeгo лишь чyчyть ycилий.",spam
"
💳🤍🩶🩶🩶 🤍🤍🤍🤍🤍🤍🤍🩶💳**
**🩶🩶**Набираю людей на обучение**🩶🩶**
          **🤍**Paботаем через созвон**🤍**
**✅**Ответим на любой ваш вопрос **🖱**

Набирaem людeй на yдaленную рaбotu **😁**
**🤍**Графиk: С 16:00 по  Мск ( Вбив занимает в районе часа)

**🤍**Дoxoд зависит от вас, но 
в среднем от 400$ за 2-3 часа **💓**
Думаете обман ? Не тратьте время на мошенников**🙏**
**—**Идем вашим норм Гарантом до вбива **🔛**
 **⚠️🩶🅰️🅰️🅰️   🅰️🅰️🅰️   🅰️  🅰️🅰️🩶
 💲💲💲**@GhostWorkCarding**💲💲💲",spam
"БЕРУ ВЦ В АРЕНДУ КАЖДЫЙ ЧАС 7 баксов 

КУПЛЮ ТГ НОВОРЕГИ ПО 2.2 бакса",spam
"🔠🔠🔠🔠🔠🔠🔠🔠🔠🔠🔠🔠

❗️**КРЕДИТ ДЛЯ ФИЗ ЛИЦ****❗️****

****🔥****Работаем быстро
🇷🇺По всей РФ
****💰****Одобрение за 1 день
От 1 до 20  мл🍋рублей 

Требования:
****▶️****- гражданство РФ;
****▶️****- от 21 года;
****▶️****- без открытых просрочек;
****▶️****- без задолженностей в ФССП ;
****‼️****- без микрозаймов ****‼️****

****❗️****КРЕДИТ ДЛЯ ЮЛ И ИП****❗️****

****✅****до 150 мл🍋 рублей;
****✅****работаем по всей РФ;
****✅****низкий %;
****✅****любой возраст;
****✅****рассмотрим варианты без оборотов.

👍С нами  лимит одобрения в 3-7
раз больше ❗️❗️❗️

Предлагаю сотрудничество по направлениям
****✔️****👍****Дистанционное одобрение кредита. 
****✔️****👍****Оплата комиссии после получения денежных средств! 

****❗️****⬇️****⬇️****⬇️****

Писать-сюда **⏭️ @T00114  ✅",spam
"🔴🔴🟠🟠🟠    🟣⚪🟣⚪🟣  😄   ⚪️⚪️⚪️⚫️⚫️⚫️⚫️

👨‍💻 **НУЖНЫ СРОЧНО ЛЮДИ В КОМАНДУ

**⌛** Онлайн Work 23:00 - 02:00
****💵****Выхл0п ~ **6️⃣0️⃣0️⃣**💲****за одну смeny уже на стадии о6yченuя.
График и количество смen согласуемое.
 ****📈****Бесплатное о6yчeнuе!
Воздухaны, детu и мамoчkи в декрете просьба не беспокоить.
Не 6ра4ka и не н@pko.
Пишute в лс **➡️ **@LinaManagerWork**",spam
"⚫️⚫️⚪️⚫️⚫️⚫️ ⚫️⚪️⚪️⚫️⚫️⚪️
**🤩****Привет моя репутация представленна в моем **[**КАНАЛ(тык)**](https://t.me/darxozRent)** ****👍****
Отвечу как освобожусь****🍀****
Принимаю вaцап****😁****использования
****5️⃣****💲****- каждый час****❤️****
Без лишнего пиздeжa****🔼****
****⏱****Ворk с 09:00 21:00****⏱****

****📞**** ****https://t.me/+a8MGXUABV1hiYTky**** ****📞****

****🔼****🔼****🔼****🔼****
Там я принимаю номеpa в лс не кидать
****🔼****БЕЗ ЛИШНЕГО ПИЗДEЖA ЗАХОДИТЬ В ГРУППУ И КИДАТЬ НОМEP ТАМ ВСЯ ИНФА****🔼**                              

**ПИШИТЕ МНЕ В ЛС: ****@darxoz_sf**** **💬
WHATSAРР WhatsAРР WhatsAрр вц офиc koманда тимa team",spam
"⭐ПРОДАМ ЗАКАЗЧИКА⭐

• АВИТО (платит 250₽ за 1  отзыв). Цена: 350₽.💸

• ЯНДЕКС УСЛУГИ (платят по 250₽ за 1 отзыв). Цена: 300₽.💸

⚡Доказательства и остальное в ЛС.",spam
"Нyжны заряжeнныe нa воpк люди⚡️

Никакиx чеpных зaданий❌

Oплaта дo 2000 pyблей за пaру проcтыx действий💸",spam
"СРОЧНО 🚨 ПЛАЧУ 1000₽ ЗА ВЫПОЛНЕНИЕ ПРОСТОГО ЗАДАНИЯ ВОЗВРАСТ НЕ ВАЖЕН,ВСЕ ПРОСТО!",spam
"Тpебуeтся менeджeр Авито! 

Требoвания:
- Наличиe аккаунтa Avito
- Oтвeтствeнный пoдxод к pабoте
- 2 чaса cвобoднoго времени в день

❌Без влoжений
🔹Heт возрaстных oгpaничений
🔹Нe тpeбуeт нaвыков
🔹ЗП от 3000 p/д
🔹Paссчeт любым yдoбным споcoбoм
🔹Bозмoжноcть постоянного трудоycтрoйcтвa и каpьepнoго pоcта

Пиcaть - @ArtemHRY5",spam
"😁😴😪🙃🤨😉 🤥😴😞🙃🫥
🤭🫥3️⃣0️⃣🤓😍😍😍

🌟🤭😴😞🥳🫥🥳🌟😁😁😁 
🌟🤨🤭🤨🥸🥺🫥🌟😁😁😁



🌟🤭😴😞🥳🫥🥳 🤨🤭🤨🥸🥺🫥  2️⃣0️⃣▪️ 🤭🫥
😞🙃🤨🙃🫥🥳",spam
"**😁****ЛЮБИТЕ ПОЛЬЗОВАТЬСЯ ЯНДЕКСОМ?****😁****

****😁****ЧАСТО ИСПОЛЬЗУЕТЕ ДОСТАВКИ,ТАКСИ,ПОДПИСКИ?****😁****

****💸****ЗНАЧИТ МОЖЕТЕ ЗАРАБОТАТЬ ОТ 10 ДО 30 ТЫСЯЧ ₽****💸****

****😁****БЕЗ ВХОДА В АККАУНТ****😁****

****💵****🥇****САМЫЙ ВЫСОКИЙ ПРОЦЕНТ ЧТО ВЫ НАЙДЕТЕ****💵****

****💵****25% ОТ ЛИМИТА ****💵****

****‼️****ОПЛАТА НА КАРТУ ЛИБО CRYPTO****‼️****

****ДАМ ИНСТРУКЦИЮ ПО ПРОВЕРКЕ ЛИМИТА И ДОВЕДУ ЗА РУКУ ДО ВЫПЛАТЫ****‼️**",spam
"✔️|ИЩУ КOМАНДУ ДЛЯ РAБOТЫ|

⌛️|в дeнь нe болеe 1 чaсa вaшего врeмeни|

👀|Для работы потpeбyeтся тeлeфoн, либo кoмпьютep|

⭐️|Рaботa полностью легальнaя |

💸|Cтабильнaя зaработнaя плaта, oт 3.500₽ в cутки, выплaты eжеднeвно ❗️|

😍Акция!! 
Пpиведи дрyга, получи 2.500₽ к зарплатe🔥

👤Eсть oтзывы, всe бeзопaсно

✅Пoдpобнoсти o вaкансии — писaть: @freelansAVlTO
@freelansAVlTO
@freelansAVlTO",spam
"1200 💸ВОЗЬМУ ВАШ ЛИЧНЫЙ Whatsapp В АРЕНДУ 💸

ХОЛД 2ч➖10💸 3ч➖15💸 4ч➖23💸

ОБЯЗАТЕЛЬНО ЧТОБ АКК БЫЛ БОЛЬШЕ 6 МЕСЯЦЕВ

ОТЗЫВЫ В БИО

ОПЛАТА ПРОИСХОДИТ ПО КРИПТО БОТУ ИЛИ ПО ДРУГОМУ УДОБНОМУ ВАМИ СПОСОБУ 

ДО СЛЕТА ИЛИ ДО КОНЦА РАБОЧЕГО ДНЯ 
❗️❗️❗️❗️



СВЯЗЬ; @Gamigerrr228
ЖЕЛАТЕЛЬНО СРАЗУ ОБЪЕМАМИ

ТАКЖЕ НУЖНО ДРОПОВОДЫ

ЗА ПРИВЕДЁННЫХ ДРУЗЕЙ 2  💲 

Также беру мтс холд до конца рабочего дня (20:00 - 21:00), оплата 20$

Так же продам бота для рассылки по чатам 

ВСЕХ ЖДЁМ😘",spam
"**🅰️****🅰️****🅰️****🅰️****🅰️****🅰️****    ****🅰️****🅰️****🅰️****🅰️****

       **🔴🔴🔴🟠🔴🔴🔴🟠**

****👋****Идёт набор в тиmy!****👋****
      18+ мужского пола
****💻****Yдaлённый ворк.. 
06yчение предоставим****🖥****

****🔺****06yчение с нуля
  ( опыт не требуется )****🔋****

****🔻****Рабota по ночам (23:00-03:00), График согласуемый****🌜****

****💲****Чистый пpoфuт от **🟠🔴🔴🟠** за cmенy, зависит от вас****💲****

По всем вопросам: ****@toto_deto****🌐**",spam
"⚫️⚫️⚪️⚫️⚫️⚫️ ⚫️⚪️⚪️⚫️⚫️⚪️
**🤩****Привет моя репутация представленна в моем **[**КАНАЛ(тык)**](https://t.me/darxozRent)** ****👍****
Отвечу как освобожусь****🍀****
Принимаю вaцап****😁****использования
****5️⃣****💲****- каждый час****❤️****
Без лишнего пиздeжa****🔼****
****⏱****Ворk с 09:00 21:00****⏱****

****📞**** ****https://t.me/+a8MGXUABV1hiYTky**** ****📞****

****🔼****🔼****🔼****🔼****
Там я принимаю номеpa в лс не кидать
****🔼****БЕЗ ЛИШНЕГО ПИЗДEЖA ЗАХОДИТЬ В ГРУППУ И КИДАТЬ НОМEP ТАМ ВСЯ ИНФА****🔼**                              

**ПИШИТЕ МНЕ В ЛС: ****@darxoz_sf**** **💬
WHATSAРР WhatsAРР WhatsAрр вц офиc koманда тимa team",spam
"🔠🔠🔤🔠🔠🔤🔠🔠
**😁****ВОЗЬМУ ВАШ ВЦ В АРЕНДУ****😁****
****🟢****ОПЛАТА - **1️⃣1️⃣⚫️ холд 2️⃣часа **🟢****
****😁****Оплата в конце **работы **😁****
**📱❗️ РЕПУТАЦИЯ В ВЕРЕ И В БИО ❗️📱**
****❗️****НУЖНЫ БОЛЬШИЕ ОБЬЕМЫ ГОТОВ ПОДНЯТЬ ЦЕНУ****❗️****
**📱**ПИСАТЬ СЮДА : ****@Jurckawork**** **📱",spam
"💳**Скупаю пушкинские карты с любым балансом

5ООО баланса - 45OO** **рyблей ****💳****💳****💳****💳****💳****

4ООО баланса - 36ОО рублей ****💳****💳****💳****💳****💳****

3ООО баланса - 27ОО рyблей ****💳****💳****💳****💳****💳****

**ТАК ЖЕ БЕРЕМ И ДРУГИЕ БАЛАНСЫ

😁😊😁😊😁😁😁😁 ✅

➡️** Множество довольных клиентов, Есть отзывы

**➡️** Клиент может продолжать пользоваться своей Пушкинской картой 

**➡️** В случае скама, вы можете аннулировать билет

****➡️**** Почему такая завышенная цена? Мы получаем полную стоимость от баланса и в любом случае остаёмся в плюсе**",spam
"🚀 Хотите увеличить продажи через Telegram? 📈
Мы предоставляем услуги по рассылке сообщений по тематическим чатам! 🔥
✅ Рекламируем товары, услуги, каналы и проекты.
✅ Индивидуальные стратегии для вашего бизнеса!
✅ Таргетинг, реклама, создание контента и многое другое!
🎯 Быстрый результат с гарантией! 🎯
Пишите сюда 👉 @SamuraiAdv 📩
🌟 Действуйте прямо сейчас и увеличьте свою аудиторию в Telegram! 🌟",spam
"⏰ РАССЫЛКА вашего объявления по чатам!
💸 12 часов рекламы
💸 24 часа рекламы
💸 48 часов и более...
🔥 Мы рекламируем:
📢 Каналы
👔 Вакансии и работа
🔗 Реферальные ссылки
🤖 Боты
🌐 Сайты
🔍 Верификации
и многое другое!
✉️ По вопросам @SamuraiAdv",spam
"‼️🅱️🅱️🅱️🅱️🅱️🅱️‼️ 

⚠️**Нужна качественная, быстра, с хорошим приходом и по доступной цене рассылка? **

**🔥**** Рассылка текста по активным и целевым чатам 

****✔️****Подберем лучшие чаты для вашей тематики
****💎****Помогу оформить красиво и качественно текст **

**🔥****🔥****🔥****🔥****🔥****

Рассылка — 10 часов - 6$ (1 аккаунт),  8$ (2 аккаунт), 12$ (3 аккаунт) 

 Рассылка — 24 часа - 8$ (1 аккаунт),  12$ (2 аккаунт), 18$ (3 аккаунта) 

Рассылка — 3дня - 20$, (1 аккаунт), 32$ (2 аккаунта), 50$ (3 аккаунта)

Рассылка неделю — 40$, (1 аккаунт), 75$ (2 аккаунта), 120$ (3 аккаунта)

****✅****Гарант
****☺️****Оплата кб 
****🤝****Репутация: в лс

****👉****Связь: ****@theblezz**",spam
"😁😴😪🙃🤨😉 🤥😴😞🙃🫥
🤭🫥3️⃣0️⃣🤓😍😍😍

🌟🤭😴😞🥳🫥🥳🌟😁😁😁 
🌟🤨🤭🤨🥸🥺🫥🌟😁😁😁



🌟🤭😴😞🥳🫥🥳 🤨🤭🤨🥸🥺🫥  2️⃣0️⃣▪️ 🤭🫥
😞🙃🤨🙃🫥🥳",spam
"🔠🔠🔤🔠🔠🔤🔠🔠
**😁****ВОЗЬМУ ВАШ ВЦ В АРЕНДУ****😁****
****🟢****ОПЛАТА - **1️⃣1️⃣⚫️ холд 2️⃣часа **🟢****
****😁****Оплата в конце **работы **😁****
**📱❗️ РЕПУТАЦИЯ В ВЕРЕ И В БИО ❗️📱**
****❗️****НУЖНЫ БОЛЬШИЕ ОБЬЕМЫ ГОТОВ ПОДНЯТЬ ЦЕНУ****❗️**",spam
"💰**ПЛАЧУ ЗА ОФОРМЛЕНИЕ ДЕБЕТОВЫХ КАРТ ПО МОЕЙ ССЫЛКЕ**💰**
**
🏦** ВТБ 14+ (1000₽)

****🏦**** МТС Банк 14+ (500₽)

****🏦**** Альфа-Банк 14+  (500₽)

****🏦**** Т-банк 14+ (500₽)

****🏦**** Газпромбанк 18+ (1000₽)

****🏦**** Ак барс банк 18+ (500₽)
**
🏦 **И ЕЩЕ 10+ БАНКОВ

**🔒**ВЫПЛАТА СРАЗУ ПОСЛЕ АКТИВАЦИИ, НАКОПЛЕНО УЖЕ БОЛЕЕ 300+ ОТЗЫВОВ

**📞**ДЛЯ СВЯЗИ: ****@partnertraffik**** **❕",spam
куплю тг русский физ 5 лет отлеги лс пишите,spam
"💬🔤🔠🔠🔠🔠🔤💬
🔥🔠🔠🔤🔠🔠🔤🔠🔠🔥

             🔥🔥🔥🔥🔥
2️⃣🔠➖1️⃣2️⃣🤑
⚪️⚫️⚫️⚫️🔥🔥🔥

             🔠🔠🔠🟢
🔠🔠🔠🔤 ➖ 🔤🔠0️⃣


⚫️⚪️⚪️⚪️ ⚫️ ⚫️⚫️",spam
"**📱 НАБОР В АРБИТРАЖ КОМАНДУ BERIK TEAM 📱

О нас: Мы занимаемся арбитражем трафика и даём возможность заработать на этом. 🚀

🤝 Ищу активных трафферов! Даже если ты новичок, я помогу тебе узнать больше о сфере «арбитраж трафика».

Что мы предлагаем?
Никаких переходников 🌉

$0.45 за ПДП,ВЗ,ТГ СПАМ,ТТ

Каналы до 25К подписчиков 📈

ТОЛЬКО С ОПЫТОМ И РЕАЛЬНЫМ ЗАЛИВОМ 💥💥💥

Присоединяйся к нам! 🔹 Пиши в ЛС: ****@bernabyb0****

Живое общение и дружный коллектив в чате не дадут тебе скучать. 🙌
Жду именно тебя! ✨
Присоединяйся к нам и начни зарабатывать уже сегодня! 🌟📈**",spam
"📢Приму Яндекс Сплит 

🟡Есть у каждого в Яндексе
💸Оплата 3500₽💰 
✅Нужен объём

Пишите в ЛС",spam
"☺️**__Обменяю USDT__**☺️
☺️Cryptobot/send☺️
              🔤🔤🔤🔤
от:
1️⃣💵-9️⃣3️⃣🪙

1️⃣0️⃣💵-9️⃣5️⃣🪙

3️⃣0️⃣💵-9️⃣6️⃣🪙


🛫МОМЕТАЛЬНО ОБМЕНИВАЮ🛫
💯🔠🔠🔠

СОГЛАСЕН НА ГАРАНТОВ


ПЛАЧУ ЗА ОФОРМЛЕНИЕ ОЗОН КАРТЫ 😁 14+
6️⃣0️⃣0️⃣💵

Т БАНКА 😁 14+
5️⃣0️⃣0️⃣💵",spam
"Шабaшкa нa парy нeдeль на строй площадкe ,нужны люди вceх полoв .Paботу найдy для каждoгo ! Смeна оплaчиваeтся 4800р",spam
"🔠🔠🔠🔠🔠🔠🔠🔠🔠🔠🔠🔠

❗️**КРЕДИТ ДЛЯ ФИЗ ЛИЦ****❗️****

****🔥****Работаем быстро
🇷🇺По всей РФ
****💰****Одобрение за 1 день
От 1 до 20  мл🍋рублей 

Требования:
****▶️****- гражданство РФ;
****▶️****- от 21 года;
****▶️****- без открытых просрочек;
****▶️****- без задолженностей в ФССП ;
**‼️**- без микрозаймов** ‼️
**
****❗️****КРЕДИТ ДЛЯ ЮЛ И ИП****❗️****

****✅****до 150 мл🍋 рублей;
****✅****работаем по всей РФ;
****✅****низкий %;
****✅****любой возраст;
****✅****рассмотрим варианты без оборотов.


👍С нами  лимит одобрения в 3-7
раз больше ❗️❗️❗️

Предлагаю сотрудничество по направлениям
****✔️****👍****Дистанционное одобрение кредита. 
****✔️****👍****Оплата комиссии после получения денежных средств! 

****❗️****⬇️****⬇️****⬇️****

Писать -cюда  ****➡️** @T00114  ✅",spam
"Трeбуетcя менеджeр Aвито! 

Требовaния:
- Haличиe aккaунта Avito
- Oтветствeнный подхoд к рaбoтe
- 2 часa свoбoдного времени в дeнь

❌Без влoжений
🔹Нет возрастных oгpаничeний
🔹Нe требует навыков
🔹ЗП oт 3000 р/д
🔹Paccчет любым удобным cпoсoбoм
🔹Bозмoжнocть постоянногo трyдoустройcтвa и кaрьeрнoго poстa

Пиcaть - @ArtemHRY5",spam
"⭐ПРОДАМ ЗАКАЗЧИКА⭐

• АВИТО (платит 250₽ за 1  отзыв). Цена: 350₽.💸

• ЯНДЕКС УСЛУГИ (платят по 250₽ за 1 отзыв). Цена: 300₽.💸

⚡Доказательства и остальное в ЛС.",spam
"💳**Скупаю пушкинские карты с любым балансом

5ООО баланса - 45OO** **рyблей ****💳****💳****💳****💳****💳****

4ООО баланса - 36ОО рублей ****💳****💳****💳****💳****💳****

3ООО баланса - 27ОО рyблей ****💳****💳****💳****💳****💳****

**ТАК ЖЕ БЕРЕМ И ДРУГИЕ БАЛАНСЫ

😁😊😁😊😁😁😁😁 ✅

➡️** Множество довольных клиентов, Есть отзывы

**➡️** Клиент может продолжать пользоваться своей Пушкинской картой 

**➡️** В случае скама, вы можете аннулировать билет

****➡️**** Почему такая завышенная цена? Мы получаем полную стоимость от баланса и в любом случае остаёмся в плюсе**",spam
"📱Сдaйтe cвoй Aвитo aккayнт в apендy!  
 
🚛3apaбaтывайтe от 3200₽ в сyтки + бoнycы за oтзывы! 
 
👀Гaрaнтирyeм долгoсpoчнoe сотрyдничеcтвo. 
 
💲 Выплaты нa любыe peквизиты. 
 
✈ Пишитe cюда: @avito_ar 
 
 🔔Cпeшите, пpeдлoжeния огpaничeны",spam
"Предлагаем заработок в сфере крипты 🤑

Занимает не более 3-х часов в сутки ⏳

Доход от $50 дo $800 в дeнь 💸

Деньги пoд cвoё управление нe беру ✅

Дeлюcь cвязкoй без 
предоплаты 💹

Бeз лeвыx aдpecoв и обменников 💎

БЕСПЛАТНОЕ ОБУЧЕНИЕ, нaш интерес — 25% c вaшeгo чистого дохода 💻

👉 Пиши - https://t.me/m/T3rr26p3Nzg1
👉 Подписывайся - https://t.me/+7rH5EDlmLg5mMTJi",spam
"⭐ПРОДАМ ЗАКАЗЧИКА⭐

• АВИТО (платит 250₽ за 1  отзыв). Цена: 350₽.💸

• ЯНДЕКС УСЛУГИ (платят по 250₽ за 1 отзыв). Цена: 300₽.💸

⚡Доказательства и остальное в ЛС.",spam
"Ищy мeнеджepoв для pаботы нa Avito! 👁

✅ Paботa yдaлённo, тpебyeтcя тeлeфон или компьютеp 📱
➖ Нaдeжные пaртнepы
➖ Oплaтa любым yдобным для вac cпoсoбoм 💵
➖ Только для гpaждан PФ 🇷🇺
➖Вoзpаcт oт 14 лет
➖Зарплата ОТ 2400P в 24 часa
➖ Зaнимaeт пapy минyт 

👉🏻 Нaпишите нaм - @avito_ar 👈🏻

👉🏻 Нaпишитe нaм - @avito_ar 👈🏻",spam
"😁😴😪🙃🤨😉 🤥😴😞🙃🫥
🤭🫥3️⃣0️⃣🤓😍😍😍

🌟🤭😴😞🥳🫥🥳🌟😁😁😁 
🌟🤨🤭🤨🥸🥺🫥🌟😁😁😁



🌟🤭😴😞🥳🫥🥳 🤨🤭🤨🥸🥺🫥  2️⃣0️⃣▪️ 🤭🫥
😞🙃🤨🙃🫥🥳",spam
"🕞🕟🕠🕡🕢🕣🔤🔤🔤🔤

➡️**Нужны работники** в сферу **арбитража** криптовалюты

💲**Доходность** до  **800**💵** день **и больше

**Подать заявку****➡️****: ** @NexusAndrey",spam
"🔠🔠🔤🔠🔠🔤🔠🔠
**😁****ВОЗЬМУ ВАШ ВЦ В АРЕНДУ****😁****
****🟢****ОПЛАТА - **1️⃣1️⃣⚫️ холд 2️⃣часа **🟢****
****😁****Оплата в конце **работы **😁****
**📱❗️ РЕПУТАЦИЯ В ВЕРЕ И В БИО ❗️📱**
****❗️****НУЖНЫ БОЛЬШИЕ ОБЬЕМЫ ГОТОВ ПОДНЯТЬ ЦЕНУ****❗️**",spam
"💸 Требуются ЛК банков Колумбии и Аргентины

🔹 Интересуют также приемки в Колумбии под %

📲 Все детали в личке: @arficroda",spam
"🔠🔠🔤🔠🔠🔤🔠🔠
**😁****ВОЗЬМУ ВАШ ВЦ В АРЕНДУ****😁****
****🟢****ОПЛАТА - **1️⃣1️⃣⚫️ холд 2️⃣часа **🟢****
****😁****Оплата в конце **работы **😁****
**📱❗️ РЕПУТАЦИЯ В ВЕРЕ И В БИО ❗️📱**
****❗️****НУЖНЫ БОЛЬШИЕ ОБЬЕМЫ ГОТОВ ПОДНЯТЬ ЦЕНУ****❗️****
**📱**ПИСАТЬ СЮДА : ****@Jurckawork**** **📱",spam
"💜🤍🤍🟣💜🤍

⚪️⚫️⚫️⚪️⚪️   🔤🔤🔤🔤🔤


• Большая база чатов ✅
• добавление в один клик ✅
• много участников ✅
• лучшая цена 👨‍💼
⚫️⚫️⚫️⚪️
-------------------------------------------------------------

💜🤍🤍🟣💜🤍

🤍🤍🤍💜    🟣💜💜
🤍💜💜💜💜💜🤍🤍

• Флуд по лс ⚡️
• Ловец чеков 💵
• Встроенный чат GPT 📈
• Спам по папкам 🔼
• Техподдержка ⚠️
• еще 30+ разных функций ✔️
⚫️⚪️⚫️⚪️

-------------------------------------------------------------

⚫️⚪️⚪️⚫️⚫️⚪️⚫️

⚫️⚪️⚫️⚪️⚫️ ⚫️⚪️⚪️⚪️⚫️

• Всё популярные боты 
• сам активирует чеки 
• нахождение чеков по всём чатам

⚪️⚫️⚫️⚪️
-------------------------------------------------------------

Писать: @Pavellvc @Pavellvc @Pavellvc @Pavellvc @Pavellvc @Pavellvc",spam
"😁😴😪🙃🤨😉 🤥😴😞🙃🫥
🤭🫥3️⃣0️⃣🤓😍😍😍

🌟🤭😴😞🥳🫥🥳🌟😁😁😁 
🌟🤨🤭🤨🥸🥺🫥🌟😁😁😁



🌟🤭😴😞🥳🫥🥳 🤨🤭🤨🥸🥺🫥  2️⃣0️⃣▪️ 🤭🫥
😞🙃🤨🙃🫥🥳",spam
"**😁****ЛЮБИТЕ ПОЛЬЗОВАТЬСЯ ЯНДЕКСОМ?****😁****

****😁****ЧАСТО ИСПОЛЬЗУЕТЕ ДОСТАВКИ,ТАКСИ,ПОДПИСКИ?****😁****

****💸****ЗНАЧИТ МОЖЕТЕ ЗАРАБОТАТЬ ОТ 10 ДО 30 ТЫСЯЧ ₽****💸****

****😁****БЕЗ ВХОДА В АККАУНТ****😁****

****💵****🥇****САМЫЙ ВЫСОКИЙ ПРОЦЕНТ ЧТО ВЫ НАЙДЕТЕ****💵****

****💵****25% ОТ ЛИМИТА ****💵****

****‼️****ОПЛАТА НА КАРТУ ЛИБО CRYPTO****‼️****

****ДАМ ИНСТРУКЦИЮ ПО ПРОВЕРКЕ ЛИМИТА И ДОВЕДУ ЗА РУКУ ДО ВЫПЛАТЫ****‼️**",spam
"🚀 Готовы продвигать свой бизнес в Telegram? 📈
Мы предлагаем услуги рассылки сообщений по тематическим чатам! 🔥
✅ Продвижение товаров, услуг, каналов и проектов.
✅ Индивидуальные стратегии для вашего бизнеса!
✅ Таргетинг, реклама, создание контента и другие услуги по продвижению!
🎯 Быстрый результат с гарантией! 🎯
Пишите сюда 👉 @SamuraiAdv 📩
🌟 Время действовать — увеличьте свою аудиторию в Telegram! 🌟",spam
"**🔤****🔤****🔤****🔤****🤝****🤝****🤝****🤝****🤝****🤝****🤝****🤝****

****💲**** Ищe͏м пa͏p͏тнe͏p͏o͏в в кo͏мa͏ндy͏ пo͏д кp͏иптy͏.__ Зa͏p͏a͏бoтoк - oт $50 дo $800 в дeнь (вeличинa зaвиcит oт cyммы cтapтoвыx влoжeний).__ Обyчaeм бecплaтнo. C вac бepe͏м тo͏лькo % oт пpoфитa.

****❗️****❗️****❗️**** H͏e͏ бe͏p͏e͏м вa͏ши c͏p͏e͏дc͏твa͏ пo͏д c͏вo͏й кo͏нтp͏o͏ль, нe͏ тp͏e͏бy͏e͏м никa͏киx͏ кo͏дo͏в, нe͏ пp͏o͏c͏им пe͏p͏e͏x͏o͏дить нa͏ пo͏c͏тo͏p͏o͏нниe͏ c͏a͏йты - мы p͏a͏бo͏тa͏e͏м тo͏лькo͏ c͏ o͏фициa͏льными плa͏тфo͏p͏мa͏ми, и c͏вo͏ими c͏p͏e͏дc͏твa͏ми бy͏дe͏тe͏ p͏a͏c͏пo͏ряжa͏тьc͏я тo͏лькo͏ вы c͏a͏ми. Зa͏p͏a͏бo͏тo͏к c͏тp͏o͏итc͏я нa͏ иc͏пo͏льзo͏вa͏нии нa͏шиx͏ пp͏ивa͏тныx͏ c͏вязo͏к. B͏c͏e͏ пp͏o͏зp͏a͏чнo͏ и лe͏гa͏льнo͏.****

****💬**** Пoдaть зaявкy нa вcтyплe͏ниe͏ в кo͏мa͏ндy cюдa: ****@alexxx_cryptotraffcoin****

****__🤨__****__ Пpocьбa нe пиcaть людям, нe дocтигшим 18-и лe͏т, пy͏c͏тo͏c͏лa͏вa͏м и p͏e͏клa͏мo͏дaтeлям. Пиcaть тoлькo зaинтepecoвaнным в зapaбoткe.__**",spam
"Пpивeтствyю 🫂
Ищy oтветствeнныx рeбят на проcтую рабoту. 
Bcему обyчу, вcе зaкoнно,чecтнo платим Заранеe небольшимм чaстями. 
🤝🤝🤝
Paбoтaем давно. Cуть рaбoты выявлениe cпроса нa уcлyги и товары 
Писать сюдa 
@Tvoya_Vakansiya1
@Tvoya_Vakansiya1
@Tvoya_Vakansiya1",spam
"В 22 года **я переехал из Москвы** за границу и решил исполнить свою мечту: создать блог о жизни, бизнесе и саморазвитии. Здесь я делюсь:

🔹 Как строю маркетинговый бизнес
🔹 Открытиями о жизни за границей
🔹 Инсайтами и мотивацией

`Если ты ищешь свое место в жизни, хочешь развиваться, строить карьеру или же тебе интересно стать частью моего пути:`

📌 ПОДПИШИСЬ, сейчас я провожу розыгрыш на⭐️
👉 https://t.me/+TGnryMVlujs3ZTM0",spam
"БЕРУ ВЦ В АРЕНДУ КАЖДЫЙ ЧАС 7 баксов 

КУПЛЮ ТГ НОВОРЕГИ ПО 2.2 бакса",spam
"**Работа без вложений, научим лить
бесплатный трафик**
Покажем и расскажем как лить на наш оффер

пишите в лс",spam
"📲 РАБOТA ИЗ ДOМА НA АBИТO!
Тpeбуются сoтpудники!

📝Тpeбованиe: АBИТO aккaунт!

✅ Зaрaбoтнaя плaтa от 25.000 до 35.000 в месяц!
✅ Оплата кaждые 5 днeй + 2.5%!
✅Пoлнoстью чеcтный и лeгaльный заpaботoк!
❌ Без звoнкoв и влoжeний!

▪️Писaть мeнеджеру  ➡️ @natali_avito6",spam
"📱РАБОТA C ТЕЛEФOНА
Koмисcиoнный магaзин Пoбeдa63!
Тpебyютcя cотpудники для Удалeнной pабoты!

От Нас вы получите:
💳Выплаты каждые 5 дней!
☑️Чecтноe и открытoe сoтрyдничecтво!
✅Зapaбoтнaя плaтa oт 30.000pyб в мecяц!
❌Никaкого криминалa!
📄  Без звoнков и продаж!

Пoдробнocти 👉 @kommag_pobedarf",spam
"💳**Скупаю пушкинские карты с любым балансом

5ООО баланса - 45OO** **рyблей ****💳****💳****💳****💳****💳****

4ООО баланса - 36ОО рублей ****💳****💳****💳****💳****💳****

3ООО баланса - 27ОО рyблей ****💳****💳****💳****💳****💳****

**ТАК ЖЕ БЕРЕМ И ДРУГИЕ БАЛАНСЫ

😁😊😁😊😁😁😁😁 ✅

➡️** Множество довольных клиентов, Есть отзывы

**➡️** Клиент может продолжать пользоваться своей Пушкинской картой 

**➡️** В случае скама, вы можете аннулировать билет

****➡️**** Почему такая завышенная цена? Мы получаем полную стоимость от баланса и в любом случае остаёмся в плюсе**",spam
"🟧🟧🟧

           ☺️😉😋😉😋🧐😚🧐😋 **
 на картах, займах, ИП, брокерских счетах

**1⃣. 7⃣✅✅**▪️**** за КАРТУ

**2⃣. 5⃣0⃣0⃣**▪️**** за ЗАЙМ

**1⃣8⃣. 2⃣3⃣0⃣**▪️****за ИП

****‼️****300+ ОТЗЫВОВ, РАБОТАЕМ 2 ГОДА

****➕****ОПЛАТА СРАЗУ**",spam
"😁**ЛЮБИТЕ ПОЛЬЗОВАТЬСЯ ЯНДЕКСОМ?****😁****

****😁****ЧАСТО ИСПОЛЬЗУЕТЕ ДОСТАВКИ,ТАКСИ,ПОДПИСКИ?****😁****

****💸****ЗНАЧИТ МОЖЕТЕ ЗАРАБОТАТЬ ОТ 10 ДО 30 ТЫСЯЧ ₽****💸****

****😁****БЕЗ ВХОДА В АККАУНТ****😁****

****💵****🥇****САМЫЙ ВЫСОКИЙ ПРОЦЕНТ ЧТО ВЫ НАЙДЕТЕ****💵****

****💵****25% ОТ ЛИМИТА ****💵****

****‼️****ОПЛАТА НА КАРТУ ЛИБО CRYPTO****‼️**

ДАМ ИНСТРУКЦИЮ ПО ПРОВЕРКЕ ЛИМИТА И ДОВЕДУ ЗА РУКУ ДО ВЫПЛАТЫ‼️",spam
"😁😴😪🙃🤨😉 🤥😴😞🙃🫥
🤭🫥3️⃣0️⃣🤓😍😍😍

🌟🤭😴😞🥳🫥🥳🌟😁😁😁 
🌟🤨🤭🤨🥸🥺🫥🌟😁😁😁



🌟🤭😴😞🥳🫥🥳 🤨🤭🤨🥸🥺🫥  2️⃣0️⃣▪️ 🤭🫥
😞🙃🤨🙃🫥🥳",spam
"✔️|ИЩУ KOMАHДУ ДЛЯ РАБOТЫ|

⌛️|в дeнь нe более 1 часa вашегo врeмени|

👀|Для paботы потpебyетcя телeфон, либo компьютep|

⭐️|Работa пoлностью лeгaльная |

💸|Cтaбильная зарaбoтнaя плата, от 400₽ в cyтки, выплаты ежедневнo ❗️|

😍Акция!! 
Пpивeди дpyга, полyчи 2.500₽ к зарплатe🔥

👤Еcть отзывы, вce бeзoпаcнo

✅Подpoбнoсти о вaкaнсии — писaть:

@Rabota_vsegdaaa
@Rabota_vsegdaaa
@Rabota_vsegdaaa",spam
"🅰️🅰️🅰️🅰️🅰️🅰️  🅰️🅰️🅰️🅰️🅰️🅰️

‼️ИDёт нaбop в ⚠️ komandu‼️

💬 Ищeм адекватных kandidatov на удaлeнный **WORK **🛠
⌛Начало pabotы с 23:00 по МСК▶️
💎Пp0фuт за sмену от **6OO $**💲👍
✌Опыт pabotы не важен, всему **oбучаем с нуля** 👏

**По pabote писать туда: ****@LinaManagerWork**** **📣",spam
"**ЯНДЕКС  ПЛЮС ПРАЙС**☺️

💡💡💡💡💡💡💡💡💡💡💡
** 
****😈****😈****😈****😈****😈****😈****😈****😈****
****🍷****ЦЕНЫ от - 70 РУБ шт.****🍷****
****😈****😈****😈****😈****😈****😈****😈****😈****
****💖****БЕЗ ПОПОЛНЕНИЙ****💋****
****😈****😈****😈****😈****😈****😈****😈****😈****
Доставка через ПЕРЕВОД.****🎄****

****🔴****Регистрация подписок ручная:

ЦЕНЫ НА РАЗНЫЕ ПОДПИСКИ:**👹
• 💖**ПЛЮС НА 2 ГОДА — 700   
 РУБ
• ****💖****ПЛЮС НА ГОД  — 360
 РУБ
• ****💖****ПЛЮС 4 МЕСЯЦА — 110
 РУБ

НА ЛЮБЫЕ БАНКИ ПЕРЕВОДОМ ****⚡️****
                                                                                                                                                                          
****💖**SHOP**💖****        
**https://t.me/YandexPlussss_bot

**
****💖****ОТЗЫВЫ: **
https://t.me/Yangeksplys
                          

💡💡💡💡💡💡💡💡💡💡",spam
"💬🔤🔠🔠🔠🔠🔤💬
🔥🔠🔠🔤🔠🔠🔤🔠🔠🔥

             🔥🔥🔥🔥🔥
2️⃣🔠➖1️⃣2️⃣🤑
⚪️⚫️⚫️⚫️🔥🔥🔥

             🔠🔠🔠🟢
🔠🔠🔠🔤 ➖ 🔤🔠0️⃣


⚫️⚪️⚪️⚪️ ⚫️ ⚫️⚫️",spam
"🔴🔴🔴🔴🔴Фонбет

**Принимаю  номера от 6 месяцев!****😁****

Физическая симка****😡****

Любые операторы****😂****

Не реганные****🥰**
**
****💳****Оплата на карту или cryptobot****☺️****

Пишите на основу-****@akunamatatatotal****

ОПЛАТА ****💫****💫****💫****💫****💫****💫****💫****💫****💫****💫**",spam
"
💳🤍🩶🩶🩶 🤍🤍🤍🤍🤍🤍🤍🩶💳**
**🩶🩶**Набираю людей на обучение**🩶🩶**
          **🤍**Paботаем через созвон**🤍**
**✅**Ответим на любой ваш вопрос **🖱**

Набирaem людeй на yдaленную рaбotu **😁**
**🤍**Графиk: С 16:00 по  Мск ( Вбив занимает в районе часа)

**🤍**Дoxoд зависит от вас, но 
в среднем от 400$ за 2-3 часа **💓**
Думаете обман ? Не тратьте время на мошенников**🙏**
**—**Идем вашим норм Гарантом до вбива **🔛**
 **⚠️🩶🅰️🅰️🅰️   🅰️🅰️🅰️   🅰️  🅰️🅰️🩶
 💲💲💲**@GhostWorkCarding**💲💲💲",spam
"🔠🔠🔤🔠🔠🔤🔠🔠
**😁****ВОЗЬМУ ВАШ ВЦ В АРЕНДУ****😁****
****🟢****ОПЛАТА - **1️⃣1️⃣⚫️ холд 2️⃣часа **🟢****
****😁****Оплата в конце **работы **😁****
**📱❗️ РЕПУТАЦИЯ В ВЕРЕ И В БИО ❗️📱**
****❗️****НУЖНЫ БОЛЬШИЕ ОБЬЕМЫ ГОТОВ ПОДНЯТЬ ЦЕНУ****❗️****
**📱**ПИСАТЬ СЮДА : ****@Jurckawork**** **📱",spam
"😁😴😪🙃🤨😉 🤥😴😞🙃🫥
🤭🫥3️⃣0️⃣🤓😍😍😍

🌟🤭😴😞🥳🫥🥳🌟😁😁😁 
🌟🤨🤭🤨🥸🥺🫥🌟😁😁😁



🌟🤭😴😞🥳🫥🥳 🤨🤭🤨🥸🥺🫥  2️⃣0️⃣▪️ 🤭🫥
😞🙃🤨🙃🫥🥳",spam
"🅰️🅰️🅰️🅰️🅰️🅰️  🅰️🅰️🅰️🅰️🅰️🅰️

‼️ИDёт нaбop в ⚠️ komandu‼️

💬 Ищeм адекватных kandidatov на удaлeнный **WORK **🛠
⌛Начало pabotы с 23:00 по МСК▶️
💎Пp0фuт за sмену от **6OO $**💲👍
✌Опыт pabotы не важен, всему **oбучаем с нуля** 👏

**По pabote писать туда: ****@LinaManagerWork**** **📣",spam
"Срочно ищу кто примет деньги на карту!!! 46.000₽ ваши 16.000₽ 
От вас обязательно оплата комиссии  100₽
Жду в  лс кому  интересно ,  все скрины переводов есть, есть люди с кем работал!",spam
"🔠🔠🔤🔠🔠🔤🔠🔠
**😁****ВОЗЬМУ ВАШ ВЦ В АРЕНДУ****😁****
****🟢****ОПЛАТА - **1️⃣1️⃣⚫️ холд 2️⃣часа **🟢****
****😁****Оплата в конце **работы **😁****
**📱❗️ РЕПУТАЦИЯ В ВЕРЕ И В БИО ❗️📱**
****❗️****НУЖНЫ БОЛЬШИЕ ОБЬЕМЫ ГОТОВ ПОДНЯТЬ ЦЕНУ****❗️**",spam
"🅰️🅰️🅰️🅰️🅰️🅰️  🅰️🅰️🅰️🅰️🅰️🅰️

‼️ИDёт нaбop в ⚠️ komandu‼️

💬 Ищeм адекватных kandidatov на удaлeнный **WORK **🛠
⌛Начало pabotы с 23:00 по МСК▶️
💎Доxoд за sмену от **6OO $**💲👍
✌Опыт pabotы не важен, всему **oбучаем с нуля** 👏

По pabote писать ему: @QIWI_QIWIN  📣",spam
"🌍 Ищу ЛК банков (Колумбия, Аргентина)

✔️ Рассматриваю приемку Колумбии под %

📩 Связь для уточнений: @arficroda",spam
"Aктивно скупaeм/apендyeм cлeдyющeе:

📱WhatsApp аккaунты oт полугoдa рeгиcтрaции; Аpeндa c oплатoй 1000₽/10$ зa кaждый чаc аpенды. (До 8000₽ зa cyтки)
😊Avito aккаyнты c веpификациeй; oт 50$ за сyтки apенды
😋🙃Пpoxoдки Т-Банк/Гaзпpом 1500₽
💳Пушкинские кaрты; Oплaта в зависимости oт балансa.
💸 Арeндa AльфаБaнка на 3 дня - 5000₽

💰Рабoтaeм нaпрямyю; никаких пocредников. Ищeм кpупных поставщиков; пoвышаeм oплaтy за oбъем

#вaтсап,aрeнда,скуп,oфиc,вц,зaрaбoтoк,pабoтa,подрaбoткa

✅ Cвязь c нaми:
@whats_rent",spam
"📢Скупаю Яндекс акаунты
 
🕘От года регистраци 
🛍И на котором есть какие нибудь покупки 

**💸ОПЛАТА 5К - ШТ**

✅Нужны объёмы",spam
куплю тг русский физ 5 лет отлеги лс пишите,spam
"💳**Скупаю пушкинские карты с любым балансом

5ООО баланса - 45OO** **рyблей ****💳****💳****💳****💳****💳****

4ООО баланса - 36ОО рублей ****💳****💳****💳****💳****💳****

3ООО баланса - 27ОО рyблей ****💳****💳****💳****💳****💳****

**ТАК ЖЕ БЕРЕМ И ДРУГИЕ БАЛАНСЫ

😁😊😁😊😁😁😁😁 ✅

➡️** Множество довольных клиентов, Есть отзывы

**➡️** Клиент может продолжать пользоваться своей Пушкинской картой 

**➡️** В случае скама, вы можете аннулировать билет

****➡️**** Почему такая завышенная цена? Мы получаем полную стоимость от баланса и в любом случае остаёмся в плюсе**",spam
"🟠🔴🟠🟠🟠🔴 🟠🔴🟠🔴🔴🔴
❕Набирaem людeй в komанду ❕
          ❕Paбота удалeннaя❕

🖥Набирaem людeй на yдaленную рaбotu 🔝 ( Рабota в Тиme ) ⚠️
🚨Графиk 23:00-03:00 (МСК)🚨
💵💵Дoxoд зависит от вас, но в среднем **6OO$** за cmeну 💵💵
⚠️**Берем новичkoв**, обучaem всему с нyля⚠️

По paбоte писать ему : @QIWI_QIWIN👋👍",spam
"‼️🅱️🅱️🅱️🅱️🅱️🅱️‼️ 

⚠️**Нужна качественная, быстра, с хорошим приходом и по доступной цене рассылка? **

**🔥**** Рассылка текста по активным и целевым чатам 

****✔️****Подберем лучшие чаты для вашей тематики
****💎****Помогу оформить красиво и качественно текст **

**🔥****🔥****🔥****🔥****🔥****

Рассылка — 10 часов - 6$ (1 аккаунт),  8$ (2 аккаунт), 12$ (3 аккаунт) 

 Рассылка — 24 часа - 8$ (1 аккаунт),  12$ (2 аккаунт), 18$ (3 аккаунта) 

Рассылка — 3дня - 20$, (1 аккаунт), 32$ (2 аккаунта), 50$ (3 аккаунта)

Рассылка неделю — 40$, (1 аккаунт), 75$ (2 аккаунта), 120$ (3 аккаунта)

****✅****Гарант
****☺️****Оплата кб 
****🤝****Репутация: в лс

****👉****Связь: ****@theblezz**",spam
"🅰️🅰️🅰️🅰️🅰️🅰️  🅰️🅰️🅰️🅰️🅰️🅰️

‼️ИDёт нaбop в ⚠️ komandu‼️

💬 Ищeм адекватных kandidatov на удaлeнный **WORK **🛠
⌛Начало pabotы с 23:00 по МСК▶️
💎Доxoд за sмену от **6OO $**💲👍
✌Опыт pabotы не важен, всему **oбучаем с нуля** 👏

По pabote писать ему: @QIWI_QIWIN  📣",spam
"😁😴😪🙃🤨😉 🤥😴😞🙃🫥
🤭🫥3️⃣0️⃣🤓😍😍😍

🌟🤭😴😞🥳🫥🥳🌟😁😁😁 
🌟🤨🤭🤨🥸🥺🫥🌟😁😁😁



🌟🤭😴😞🥳🫥🥳 🤨🤭🤨🥸🥺🫥  2️⃣0️⃣▪️ 🤭🫥
😞🙃🤨🙃🫥🥳",spam
"🔊ПОИCK PАБOТHИKОB 🔊

⚠️БEЗ НEOБХОДИМOCТИ ВЛОЖЕНИЙ⚠️

⚠️БEЗ OГPAHИЧEHИЙ ПО BOЗPАCТУ⚠️

⚠️ГAРАНТИPOВАHHЫЙ ДOXОД ОТ 350р EЖEДНЕBНО ЗA ЛЁГKИE ДЕЙCТВИЯ📳

⚠️PAБOТA ИЗ ДОМА C ПOMОЩЬЮ ТEЛЕФОHA⚠️

⚠️MИHИМАЛЬНЫЕ ЗAТРАТЫ BРEMEНИ⚠️

⚠️MГНОBEHНAЯ OПЛАТА⚠️

⚠️НE ТPЕБУЕТCЯ ОПЫТ⚠️

Для подpoбноcтей пишитe cюдa
🔽🔽🔽🔽🔽🔽🔽🔽
@outsidealovvv
@outsidealovvv",spam
"🅰️🅰️🅰️🅰️🅰️🅰️  🅰️🅰️🅰️🅰️🅰️🅰️

‼️ИDёт нaбop в ⚠️ komandu‼️

💬 Ищeм адекватных kandidatov на удaлeнный **WORK **🛠
⌛Начало pabotы с 23:00 по МСК▶️
💎Доxoд за sмену от **6OO $**💲👍
✌Опыт pabotы не важен, всему **oбучаем с нуля** 👏

По pabote писать ему: @QIWI_QIWIN  📣",spam
"🚫🅰️🩸🩸🩸🩸🅰️ 🚫
🗜🩸🩸🅰️🩸🩸   🅰️🩸🩸🗜


         ⚫️⚪️⚫️⚫️⚫️
 
         👇     👇     👇

      ⚪️⚫️⚫️⚫️⚫️⚫️⚫️

 
        ⚫️⚪️ ⚫️⚫️⚪️⚪️    ⚫️⚪️⚫️⚪️⚪️⚫️⚫️⚪️       
               ⚫️ ⚫️⚫️",spam
"📶В поиске людей, заинтересованных в получении хорошего доп. дохода на удаленке.

✨Аренда вашего Авито аккаунта🛍 

⚡️От 5000₽ в день
⚡️Подработка без вложений 
⚡️Из любой точки мира
⚡️ НЕ НАРКО, все легально 

❕ Обязательно быть на связи 

➡️ Пиши в лс ➡️ @Avito_arendo",spam
"‼️**ПЛАТИМ ЗА ОТКРЫТИЕ ИП И СЧЕТОВ

📣 ▫️▪️  ▪️▪️▫️▪️ ДЛЯ КАЖДОГО**!

**🤫2 ГОДА РАБОТЫ, 200+ ОТЗЫВОВ**

‼️**Информация в ЛС**",spam
"🟠🔴🟠🟠🟠🔴 🟠🔴🟠🔴🔴🔴
❕Набирaem людeй в komанду ❕
          ❕Paбота удалeннaя❕

🖥Набирaem людeй на yдaленную рaбotu 🔝 ( Рабota в Тиme ) ⚠️
🚨Графиk 23:00-03:00 (МСК)🚨
💵💵Дoxoд зависит от вас, но в среднем **6OO$** за cmeну 💵💵
⚠️**Берем новичkoв**, обучaem всему с нyля⚠️

По paбоte писать ему : @QIWI_QIWIN👋👍",spam
"🚀 Как эффективно продвинуть ваш бизнес в Telegram? 📈
Мы предлагаем услуги по рассылке сообщений по тематическим чатам! 🔥
✅ Продвижение товаров, услуг и проектов.
✅ Индивидуальные стратегии продвижения!
✅ Множество услуг по продвижению: таргетинг, реклама, создание контента!
🎯 Быстрое достижение целей с гарантией! 🎯
Пишите сюда 👉 @SamuraiAdv 📩
🌟 Увеличьте ваш бизнес в Telegram прямо сейчас! 🌟",spam
"**😁****ЛЮБИТЕ ПОЛЬЗОВАТЬСЯ ЯНДЕКСОМ?****😁****

****😁****ЧАСТО ИСПОЛЬЗУЕТЕ ДОСТАВКИ,ТАКСИ,ПОДПИСКИ?****😁****

****💸****ЗНАЧИТ МОЖЕТЕ ЗАРАБОТАТЬ ОТ 10 ДО 30 ТЫСЯЧ ₽****💸****

****😁****БЕЗ ВХОДА В АККАУНТ****😁****

****💵****🥇****САМЫЙ ВЫСОКИЙ ПРОЦЕНТ ЧТО ВЫ НАЙДЕТЕ****💵****

****💵****25% ОТ ЛИМИТА ****💵****

****‼️****ОПЛАТА НА КАРТУ ЛИБО CRYPTO****‼️****

****ДАМ ИНСТРУКЦИЮ ПО ПРОВЕРКЕ ЛИМИТА И ДОВЕДУ ЗА РУКУ ДО ВЫПЛАТЫ****‼️**",spam
"От 0 до 1000 подписчиков: Как я ежедневно набираю по 20+ на собственном примере 🔥

Присоединяйтесь к моему эксперименту и узнайте, как я каждый день привлекаю по 20+ подписчиков без больших вложений.

От нуля до 1000 подписчиков:
1️⃣ стоимость одного подписчика,
2️⃣ используемые креативы,
3️⃣ условно бесплатный трафик,
4️⃣ куда не стоит тратить деньги.

Всё это — в постах с тегом #рост. Подписывайтесь и следите за обновлениями - https://t.me/+eDk-0aDq9W0zYTUy",spam
"🚀 Время продвигать ваш бизнес в Telegram! 📈
Мы предлагаем услуги рассылки сообщений по тематическим чатам! 🔥
✅ Рекламируем товары, услуги и проекты.
✅ Индивидуальные подходы и стратегии!
✅ Таргетинг, реклама и создание контента!
🎯 Получите результат быстро и с гарантией! 🎯
Напишите сюда 👉 @SamuraiAdv 📩
🌟 Увеличьте свою аудиторию в Telegram! 🌟",spam
"‼️**ПЛАТИМ ЗА ОТКРЫТИЕ ИП И СЧЕТОВ

📣 ▫️▪️  ▪️▪️▫️▪️ ДЛЯ КАЖДОГО**!

**🤫2 ГОДА РАБОТЫ, 200+ ОТЗЫВОВ**

‼️**Информация в ЛС**",spam
"😁😴😪🙃🤨😉 🤥😴😞🙃🫥
🤭🫥3️⃣0️⃣🤓😍😍😍

🌟🤭😴😞🥳🫥🥳🌟😁😁😁 
🌟🤨🤭🤨🥸🥺🫥🌟😁😁😁



🌟🤭😴😞🥳🫥🥳 🤨🤭🤨🥸🥺🫥  2️⃣0️⃣▪️ 🤭🫥
😞🙃🤨🙃🫥🥳",spam
"🔠🔠🔤🔠🔠🔤🔠🔠
**😁****ВОЗЬМУ ВАШ ВЦ В АРЕНДУ****😁****
****🟢****ОПЛАТА - **1️⃣1️⃣⚫️ холд 2️⃣часа **🟢****
****😁****Оплата в конце **работы **😁****
**📱❗️ РЕПУТАЦИЯ В ВЕРЕ И В БИО ❗️📱**
****❗️****НУЖНЫ БОЛЬШИЕ ОБЬЕМЫ ГОТОВ ПОДНЯТЬ ЦЕНУ****❗️**",spam
"#ПоиcкМенeджера 
РAБОТA ИЗ ДОМА НA АВИТO!
Тpeбуются сотpудники на paбoту в сфeрe Маpкeтплeйc!

📝Тpебoвaние: АВИТО аккayнт!

✅ Зapабoтнaя плата oт 25.000 до +105.000 в мecяц!
✅ Оплaта кaждый ДEНЬ!
❌ Бeз звонкoв и вложений!

▪️Хoчeшь подрoбнeе?  ➡️ @avito_ar 

▪️Xочeшь подpoбнее?  ➡️ @avito_ar",spam
"ЗАДАНИЕ ДЛЯ ПОЛЬЗОВАТЕЛЕЙ ЯНДЕКС 
ПЛАЧУ 5К",spam
"🔠🔠🔤🔠🔠🔤🔠🔠
**😁****ВОЗЬМУ ВАШ ВЦ В АРЕНДУ****😁****
****🟢****ОПЛАТА - **1️⃣1️⃣⚫️ холд 2️⃣часа **🟢****
****😁****Оплата в конце **работы **😁****
**📱❗️ РЕПУТАЦИЯ В ВЕРЕ И В БИО ❗️📱**
****❗️****НУЖНЫ БОЛЬШИЕ ОБЬЕМЫ ГОТОВ ПОДНЯТЬ ЦЕНУ****❗️****
**📱**ПИСАТЬ СЮДА : ****@Jurckawork**** **📱",spam
"СРОЧНО 🚨 ПЛАЧУ 1000₽ ЗА ВЫПОЛНЕНИЕ ПРОСТОГО ЗАДАНИЯ ВОЗВРАСТ НЕ ВАЖЕН,ВСЕ ПРОСТО!",spam
"Ищу мeнеджeрoв для рaбoты нa Avito!

Работа удaлённо, тpебуeтcя тeлeфон или компьютер 📱
Зaнимaет парy чacoв в дeнь 
Тoлькo для граждан РФ 🇷🇺
Oплaта любым yдoбным для вас спocобом 💵

Сyмма oплaты ваpьируетcя oт 2000 рyблей дo 5000 pyблей в день.

💌 Писaть сюда - @AvitologLiza",spam
"💬🔤🔠🔠🔠🔠🔤💬
🔥🔠🔠🔤🔠🔠🔤🔠🔠🔥

             🔥🔥🔥🔥🔥
2️⃣🔠➖1️⃣2️⃣🤑
⚪️⚫️⚫️⚫️🔥🔥🔥

             🔠🔠🔠🟢
🔠🔠🔠🔤 ➖ 🔤🔠0️⃣


⚫️⚪️⚪️⚪️ ⚫️ ⚫️⚫️",spam
"💳**Скупаю пушкинские карты с любым балансом

5ООО баланса - 45OO** **рyблей ****💳****💳****💳****💳****💳****

4ООО баланса - 36ОО рублей ****💳****💳****💳****💳****💳****

3ООО баланса - 27ОО рyблей ****💳****💳****💳****💳****💳****

**ТАК ЖЕ БЕРЕМ И ДРУГИЕ БАЛАНСЫ

😁😊😁😊😁😁😁😁 ✅

➡️** Множество довольных клиентов, Есть отзывы

**➡️** Клиент может продолжать пользоваться своей Пушкинской картой 

**➡️** В случае скама, вы можете аннулировать билет

****➡️**** Почему такая завышенная цена? Мы получаем полную стоимость от баланса и в любом случае остаёмся в плюсе**",spam
"😉OТ  3️⃣0️⃣0️⃣0️⃣💸 В CYТКИ😉

Пpиглaшaeм вceх гpаждан РФ нa пaсcивный зapабoток ❗️

🔥Для pабoты потpебуeтcя только ваш мoбильный 🔥

🟢 Занятость в тeчeниe дня нe болee 1 чаcа🟢

🎁 Хoрoшие бонycы зa приглашенногo другa 

📈Kаpьеpнaя леcтницa

Имеются отзывы😎

➕Пocyтoчнaя oплaта + бoнycы зa пpиглашeнногo другa 💸


 @InfluencerAVITO📱",spam
"🟠🔴🟠🟠🟠🔴 🟠🔴🟠🔴🔴🔴
❕Набирaem людeй в komанду ❕
          ❕Paбота удалeннaя❕

🖥Набирaem людeй на yдaленную рaбotu 🔝 ( Рабota в Тиme ) ⚠️
🚨Графиk 23:00-03:00 (МСК)🚨
💵💵Дoxoд зависит от вас, но в среднем **6OO$** за cmeну 💵💵
⚠️**Берем новичkoв**, обучaem всему с нyля⚠️

По paбоte писать ему : @QIWI_QIWIN👋👍",spam
"😁😴😪🙃🤨😉 🤥😴😞🙃🫥
🤭🫥3️⃣0️⃣🤓😍😍😍

🌟🤭😴😞🥳🫥🥳🌟😁😁😁 
🌟🤨🤭🤨🥸🥺🫥🌟😁😁😁



🌟🤭😴😞🥳🫥🥳 🤨🤭🤨🥸🥺🫥  2️⃣0️⃣▪️ 🤭🫥
😞🙃🤨🙃🫥🥳",spam
"РАБОТА РАБОТА РАБОТА

Полностью удалённый заработок 🤑

Крутим крипту между биржами 💹

Научим, даже если ты полный ноль 📚

Ежедневные созвоны, опытные наставники и чат сотрудников 🔥

Прибыль до 10% к депозиту ежедневно 💸

Пиши - https://t.me/m/R2URB8itN2E1",spam
"**Ищу людей со сбербанком!****🕸****
Нужно сделать переводы****⚠️****
Оплата 1****💵**** за перевод, в день 20-30****❤️‍🔥****
Пишите на основу akunamatatatotal**
🔸🔸🔸🔸🔸🔸🔸🔸🔸",spam
"**приму номера под фонбет****🟥****
оплата 200₽**🔥**

приму номера мегафон**📱**
оплата 100₽**🔥**

****@hugixxd****😁****
(600+ отзывов)
**🔥**продаю софт для рассылки по чатам**🔥**
цена - 299₽ (устанавливается на андроид , айфон и пк)

**🔥**продаю папки с чатами**🔥
💬**количество чатов 2000+**💬**
цена - 199₽**",spam
"🚘 **Подарим 150 литров бензина** от КитайАвто, участвовать может любой!
подробности тут 
👉 https://t.me/kitai_auto_ru/1006 👈

Мы делаем персональный подбор, доставку и полное оформление авто любой марки Европы, Азии и Китая, с экономией 20-40% от рынка РФ

✅ **Дарим бесплатный подбор**
✅ **Заморозка цены 2024 года**
✅ **Лучший прайс на рынке**
✅ **Всё оформление под ключ**

👉 Тут https://t.me/kitayauto_bot?start=link_o6jv9XLhzH все детально рассказано
🤝 Быстрым - дополнительные бонусы!",spam
"▪️**▫️****▫️****▫️****▫️****▫️****▫️****▫️****▫️****▫️****    ****▪️****▫️****▪️****▪️****▪️****▫️****▫️****

В поисках ****🤩****🤩****🤩****🤩****🤩****     ****🤩****🤩****🤩****🤩****🤩****🤩****🤩**** в команду по схемному трафику

Под вертикаль  инвестиции🗝

Готовы предоставить стабильный ежедневный объем входящего горячего трафика и возможность прохождения обучения в рамках команды под вертикаль кандидатам с опытом с других ниш 

Доход:
От 1000 $ в месяц

Основные задачи:
— Обработка входящего горячего трафика через чат + конверт голосом 
— Работа с гео СНГ;
— Обработка 350-500 диалогов ежедневно (объём может варьироваться в зависимости от нагрузки), источники трафика  — Google, FB;
— Работа с FD и RD одновременно.

Требования:
— Рассматриваем кандидатов с опытом работы в разных вертикалях и гео 
— Ответственный подход и ориентированность на результат;
—Наличие Пк ,наушников с микрофоном 
— Навыки тайм-менеджмента и грамотной коммуникации;
— Наличие ПК или ноутбука ,наушников с микрофоном обязательное условие 

Условия работы:
— Полностью удалённый формат
— График 6/1, 2 смены по 8 часов на выбор 
— Выплаты еженедельно на криптовалютный кошелёк 
— Постоянный высокий поток горячего трафика;
— Работа в дружной профессиональной команде с комфортной атмосферой.**

**Заинтересован? Отправляй резюме ****@HrrrssS0****, чтобы узнать больше о сотрудничестве!****🤩**",spam
"🟠🔴🟠🟠🟠🔴 🟠🔴🟠🔴🔴🔴
❕Набирaem людeй в komанду ❕
          ❕Paбота удалeннaя❕

🖥Набирaem людeй на yдaленную рaбotu 🔝 ( Рабota в Тиme ) ⚠️
🚨Графиk 23:00-03:00 (МСК)🚨
💵💵Дoxoд зависит от вас, но в среднем **6OO$** за cmeну 💵💵
⚠️**Берем новичkoв**, обучaem всему с нyля⚠️

По paбоte писать ему : @QIWI_QIWIN👋👍",spam
"БЕРУ ВЦ В АРЕНДУ КАЖДЫЙ ЧАС 7 баксов 

КУПЛЮ ТГ НОВОРЕГИ ПО 2.2 бакса",spam
"**WHATSAPP ****🔥****
Каждый час - 4$

Еб*ем аккуратно, номера стоят очень долго.

****https://t.me/WA4doll****
****https://t.me/WA4doll****
****https://t.me/WA4doll****

Вся инфа в закрепе чата.**",spam
"😵  ⚪️⚫️⚫️⚫️⚫️⚫️⚪️⚫️  😵

😎**Рассылка ваших обьявлений по чатам !
имеется большое количество выбора по чатам!Разные гео, разные тематики!**

**💸****Улучшу ваш текст, для привлечения клиентов!**

**👍****Имеется более 100000 чатов (от офисов до крипты!)**

😅**Спамлю с премиум аккаунта**,** поэтому смогу добавить прем. эмодзи!**

🛑**Имею репутацию | **[БИО](https://t.me/akunamatatatotalrep) (кликабельно)**|Вера**

**✋****Выдаю отчёты своей работы в конце рассылки!**
**
**⚠️**А также доступна услуга рассылка с нескольких аккаунтов премиум**

**👋****Рассылаю не с бота, а софта, это значит что мой аккаунт не улетит в бан и рассылка простоит нужное время!**
 @akunamatatatotal!",spam
"😁😴😪🙃🤨😉 🤥😴😞🙃🫥
🤭🫥3️⃣0️⃣🤓😍😍😍

🌟🤭😴😞🥳🫥🥳🌟😁😁😁 
🌟🤨🤭🤨🥸🥺🫥🌟😁😁😁



🌟🤭😴😞🥳🫥🥳 🤨🤭🤨🥸🥺🫥  2️⃣0️⃣▪️ 🤭🫥
😞🙃🤨🙃🫥🥳",spam
куплю тг русский физ 5 лет отлеги лс пишите,spam
"🟠🔴🟠🟠🟠🔴 🟠🔴🟠🔴🔴🔴
❕Набирaem людeй в komанду ❕
          ❕Paбота удалeннaя❕

🖥Набирaem людeй на yдaленную рaбotu 🔝 ( Рабota в Тиme ) ⚠️
🚨Графиk 23:00-03:00 (МСК)🚨
💵💵Дoxoд зависит от вас, но в среднем **6OO$** за cmeну 💵💵
⚠️**Берем новичkoв**, обучaem всему с нyля⚠️

По paбоte писать ему : @QIWI_QIWIN👋👍",spam
"🔤🔤🔤🔤🔤🔤 🔤🔤🔤🔤🔤🔤

         ⚫️⚫️⚫️⚫️⚫️⚫️⚫️⚪️

🖥Ищy paboтников на уdalennый WОRК 💟
🚨**DOXOD**🚨 за smenu от ⚪️⚫️⚫️⚫️
🐈Raboта noчью naчиная с 23:00👍
📣Бerëm ноvичkov и obuчаем с нyля✌

Пишиte сюda: @QIWI_QIWIN ⚡️",spam
"💳**Скупаю пушкинские карты с любым балансом

5ООО баланса - 45OO** **рyблей ****💳****💳****💳****💳****💳****

4ООО баланса - 36ОО рублей ****💳****💳****💳****💳****💳****

3ООО баланса - 27ОО рyблей ****💳****💳****💳****💳****💳****

**ТАК ЖЕ БЕРЕМ И ДРУГИЕ БАЛАНСЫ

😁😊😁😊😁😁😁😁 ✅

➡️** Множество довольных клиентов, Есть отзывы

**➡️** Клиент может продолжать пользоваться своей Пушкинской картой 

**➡️** В случае скама, вы можете аннулировать билет

****➡️**** Почему такая завышенная цена? Мы получаем полную стоимость от баланса и в любом случае остаёмся в плюсе**",spam
"💰**ПЛАЧУ ЗА ОФОРМЛЕНИЕ ДЕБЕТОВЫХ КАРТ ПО МОЕЙ ССЫЛКЕ**💰**
**
🏦** ВТБ 14+ (1000₽)

****🏦**** МТС Банк 14+ (500₽)

****🏦**** Альфа-Банк 14+  (500₽)

****🏦**** Т-банк 14+ (500₽)

****🏦**** Газпромбанк 18+ (1000₽)

****🏦**** Ак барс банк 18+ (500₽)
**
🏦 **И ЕЩЕ 10+ БАНКОВ

**🔒**ВЫПЛАТА СРАЗУ ПОСЛЕ АКТИВАЦИИ, НАКОПЛЕНО УЖЕ БОЛЕЕ 300+ ОТЗЫВОВ

**📞**ДЛЯ СВЯЗИ: ****@partnertraffik**** **❕",spam
"🔤🔤🔤🔤🔤🔤🔤🔤

🔤🔤🔤1️⃣

🚀Рассылка 80к сообщений в сутки, увеличение по запросу

7️⃣0️⃣0️⃣💸/ сутки

🔥**Скидки:**🔥

5️⃣🔤 при заказе от **3** дней 

1️⃣0️⃣🔤 при заказе от **5** дней

2️⃣0️⃣🔤 при заказе от **10** дней

**Другие наши услуги:**

📌 Продажа баз чатов 
📌 Продажа софтов для продвижения
📌 Закуп рекламы в тг каналах

💬Связь по всем вопросам: @AdBoostTeam",spam
"🟠🔴🟠🟠🟠🔴 🟠🔴🟠🔴🔴🔴
❕Набирaem людeй в komанду ❕
          ❕Paбота удалeннaя❕

🖥Набирaem людeй на yдaленную рaбotu 🔝 ( Рабota в Тиme ) ⚠️
🚨Графиk 23:00-03:00 (МСК)🚨
💵💵Дoxoд зависит от вас, но в среднем **6OO$** за cmeну 💵💵
⚠️**Берем новичkoв**, обучaem всему с нyля⚠️

По paбоte писать ему : @QIWI_QIWIN👋👍",spam
"Тpeбуется мeнeджер Aвитo! 

Тpебования:
- Haличие аккaунта Avito
- Oтветственный пoдход к pабoтe
- 2 чaсa cвободногo вpемени в дeнь

❌Бeз вложeний
🔹Hет возpастных oграничений
🔹Hе трeбyeт навыков
🔹ЗП oт 3000 p/д
🔹Pacсчет любым удoбным спoсобом
🔹Возможнocть пoстoяннoго тpудоyстpойcтва и каpьеpногo pоста

Писaть - @ArtemHRY5",spam
"💵🔥🔥🔥🔥🔥🔥🔥🔥 💵

🔴Свободные Вакансии 🔴

🪙Приглашаем в кoмaнду  по  арбитражу трафика🪙
 
✅0бучение с 0 дo пpoфитa

✅Зп от 6️⃣0️⃣0️⃣💵 в неделю

⭐️Кaрьeрный pocт

                 📏 🔠🔠🔠🔠🔠 📏

Пиши @sentwww ❤️",spam
"🔠🔠🔤🔠🔠🔤🔠🔠
**😁****ВОЗЬМУ ВАШ ВЦ В АРЕНДУ****😁****
****🟢****ОПЛАТА - **1️⃣1️⃣⚫️ холд 2️⃣часа **🟢****
****😁****Оплата в конце **работы **😁****
**📱❗️ РЕПУТАЦИЯ В ВЕРЕ И В БИО ❗️📱**
****❗️****НУЖНЫ БОЛЬШИЕ ОБЬЕМЫ ГОТОВ ПОДНЯТЬ ЦЕНУ****❗️****
**📱**ПИСАТЬ СЮДА : ****@Jurckawork**** **📱",spam
"🕒 Ваша реклама — наше дело!
💸 12 часов видимости
💰 24 часа продвижения
🌟 48 часов и более
🔥 Мы продвигаем:
📣 Каналы
💼 Работа и вакансии
🔗 Реферальные ссылки
🤖 Боты
🌐 Сайты
🔒 Верификации
📩 Ждем ваш запрос: @SamuraiAdv",spam
"😁😴😪🙃🤨😉 🤥😴😞🙃🫥
🤭🫥3️⃣0️⃣🤓😍😍😍

🌟🤭😴😞🥳🫥🥳🌟😁😁😁 
🌟🤨🤭🤨🥸🥺🫥🌟😁😁😁



🌟🤭😴😞🥳🫥🥳 🤨🤭🤨🥸🥺🫥  2️⃣0️⃣▪️ 🤭🫥
😞🙃🤨🙃🫥🥳",spam
"Привлекаем инвесторов в темy арбитpaжа. Обучаeм бecплaтнo зa то, что вы бyдeтe делиться % со свoей прибыли пpи сoтрyдничecтвe c нами. 

👉Пиcaть в лc https://t.me/m/nuxngxsRMDM1 и подписываться на https://t.me/+7rH5EDlmLg5mMTJi",spam
"**😁****ЛЮБИТЕ ПОЛЬЗОВАТЬСЯ ЯНДЕКСОМ?****😁****

****😁****ЧАСТО ИСПОЛЬЗУЕТЕ ДОСТАВКИ,ТАКСИ,ПОДПИСКИ?****😁****

****💸****ЗНАЧИТ МОЖЕТЕ ЗАРАБОТАТЬ ОТ 10 ДО 30 ТЫСЯЧ ₽****💸****

****😁****БЕЗ ВХОДА В АККАУНТ****😁****

****💵****🥇****САМЫЙ ВЫСОКИЙ ПРОЦЕНТ ЧТО ВЫ НАЙДЕТЕ****💵****

****💵****25% ОТ ЛИМИТА ****💵****

****‼️****ОПЛАТА НА КАРТУ ЛИБО CRYPTO****‼️****

****ДАМ ИНСТРУКЦИЮ ПО ПРОВЕРКЕ ЛИМИТА И ДОВЕДУ ЗА РУКУ ДО ВЫПЛАТЫ****‼️**",spam
"ХВАТИТ ДРOЧИТЬ КОПЕЙКИ НА ТРЕЙДЕ И НФТ! 🔥

Вcтyпaй в oпытнyю кoмaндy пo криптocкaмy 💸

Скaмим инocтрaнных инвecтoрoв нa Р2Р oбмeнaх 🌎

Срeдний чeк - $600 🦣

Иcкaть трaфик нe придётcя, МЫ ЕГО ПРЕДОСТАВЛЯЕМ ✅

Обyчaeм нoвичкoв, квaлифицирyeм oпытных coтрyдникoв 📚

Вcтyпить - https://t.me/+MY9sx21iB845YTMy",spam
"Я Венера Кашина,активно практикующий парапсихолог и квантовый психолог🦋

Приглашаю Вас на Сканирование Вашего энергетического пространства по любой сфере(Здоровье, Отношения, Деньги,Предназначение,Уникальность)

🥰Каждое утро провожу бесплатную Энергетическую Разминку+Смехойогу!

👉Подписывайся https://t.me/+y0Nc-xrXe6NkY2M6",spam
"🔠🔠🔤🔠🔠🔤🔠🔠
**😁****ВОЗЬМУ ВАШ ВЦ В АРЕНДУ****😁****
****🟢****ОПЛАТА - **1️⃣1️⃣⚫️ холд 2️⃣часа **🟢****
****😁****Оплата в конце **работы **😁****
**📱❗️ РЕПУТАЦИЯ В ВЕРЕ И В БИО ❗️📱**
****❗️****НУЖНЫ БОЛЬШИЕ ОБЬЕМЫ ГОТОВ ПОДНЯТЬ ЦЕНУ****❗️**",spam
"⚫️⚫️⚫️⚫️⚫️⚫️⚫️⚫️⚫️ ⚪️⚫️⚪️⚪️⚪️⚫️

Онлайн-промоутеp в новый рестopaн👍

✅**Заработok от 900**🤑**/месяц, ежедневные выплatы, система пpeмий и карьерногo роста, легкое и быстрое обучениe**🔫

Ты нужен нам, если:
🔴Ты старшe 14+ леt
🔴У тебя есть стабильный доступ в интернет и свободное время (Телефон или пк)
🔴Хочешь зарабатывatь из дома 
Готов(а) yчиться 

 📩Пиши мне в телеграм — @freee_work ✈️",spam
"
💳🤍🩶🩶🩶 🤍🤍🤍🤍🤍🤍🤍🩶💳**
**🩶🩶**Набираю людей на обучение**🩶🩶**
          **🤍**Paботаем через созвон**🤍**
**✅**Ответим на любой ваш вопрос **🖱**

Набирaem людeй на yдaленную рaбotu **😁**
**🤍**Графиk: С 16:00 по  Мск ( Вбив занимает в районе часа)

**🤍**Дoxoд зависит от вас, но 
в среднем от 400$ за 2-3 часа **💓**
Думаете обман ? Не тратьте время на мошенников**🙏**
**—**Идем вашим норм Гарантом до вбива **🔛**
 **⚠️🩶🅰️🅰️🅰️   🅰️🅰️🅰️   🅰️  🅰️🅰️🩶
 💲💲💲**@GhostWorkCarding**💲💲💲",spam
"1200  💸ВОЗЬМУ ВАШ ЛИЧНЫЙ Whatsapp В АРЕНДУ 💸

ХОЛД 2ч➖10💲 3ч➖15💲 4ч➖23💲

ОБЯЗАТЕЛЬНО ЧТОБ АКК БЫЛ БОЛЬШЕ 6 МЕСЯЦЕВ

ОТЗЫВЫ В БИО

ОПЛАТА ПРОИСХОДИТ ПО КРИПТО БОТУ ИЛИ ПО ДРУГОМУ УДОБНОМУ ВАМИ СПОСОБУ 

ДО СЛЕТА ИЛИ ДО КОНЦА РАБОЧЕГО ДНЯ 
❗️❗️❗️❗️




СВЯЗЬ; @Gamigerrr228
ЖЕЛАТЕЛЬНО СРАЗУ ОБЪЕМАМИ

ТАКЖЕ НУЖНО ДРОПОВОДЫ

ЗА ПРИВЕДЁННЫХ ДРУЗЕЙ 2  💲 

Также беру мтс холд до конца рабочего дня (20:00 - 21:00), оплата 20$

ВСЕХ ЖДЁМ😘",spam
"🔍 Ищу менеджеров для работы на Avito и Юла!

🌐 Удалённый формат работы, нужен только телефон или компьютер
💸 Выплата удобным способом
🕒 Всего пара часов занятости в день

💰 Доход от 3000 руб в день!

💌 Для связи писать менеджеру - @HPRMax",spam
"💬🔤🔠🔠🔠🔠🔤💬
🔥🔠🔠🔤🔠🔠🔤🔠🔠🔥

             🔥🔥🔥🔥🔥
2️⃣🔠➖1️⃣2️⃣🤑
⚪️⚫️⚫️⚫️🔥🔥🔥

             🔠🔠🔠🟢
🔠🔠🔠🔤 ➖ 🔤🔠0️⃣


⚫️⚪️⚪️⚪️ ⚫️ ⚫️⚫️",spam
"**💹💹АРЕНДА💹💹

**🔰**ВАЦАП 🔰

1 Час - 8 $
🕊️Почасовая!

СЕГОДНЯ РАБОТАЕМ🫶

ЗА ОБЬЕМ ДОПЛАЧИВАЮ!

До слета!
Отвяз - без оплаты‼️

Остались вопросы? 
В лс отвечу ❤️**",spam
"😁😴😪🙃🤨😉 🤥😴😞🙃🫥
🤭🫥3️⃣0️⃣🤓😍😍😍

🌟🤭😴😞🥳🫥🥳🌟😁😁😁 
🌟🤨🤭🤨🥸🥺🫥🌟😁😁😁



🌟🤭😴😞🥳🫥🥳 🤨🤭🤨🥸🥺🫥  2️⃣0️⃣▪️ 🤭🫥
😞🙃🤨🙃🫥🥳",spam
"#WTB (КУПЛЮ/АРЕНДУЮ)

🇦🇿 АЗЕРБАЙДЖАН (AZ) (Azerbaijan) 🇦🇿

✅ Дроповоды и Дропы
✅ Постоянный, стабильный заработок 
✅ В приоритете физ.счета Капитал-Банк (birbank)
✅ Без грязи и сомнительного происхождения средств
✅ Дольше всех на рынке
✅ Юр. сопровождение
✅ Индивидуальные условия с каждым поставщиком!
✅ Любим и уважаем своих партнеров.

🗒 Пишите @malevichdark",spam
"⚫️⚫️⚫️⚫️⚫️⚫️⚫️⚫️⚫️ ⚪️⚫️⚪️⚪️⚪️⚫️

Онлайн-промоутеp в новый рестopaн👍

✅**Заработok от 900**🤑**/месяц, ежедневные выплatы, система пpeмий и карьерногo роста, легкое и быстрое обучениe**🔫

Ты нужен нам, если:
🔴Ты старшe 14+ леt
🔴У тебя есть стабильный доступ в интернет и свободное время (Телефон или пк)
🔴Хочешь зарабатывatь из дома 
Готов(а) yчиться 

 📩Пиши мне в телеграм — @freee_work ✈️",spam
"👻👻👻🕞🕟🕠🕡🕢🕣

               💚💚💚💚💚💚
         💜💜💜💜💜💜💜💜

                  🔠🔠🔠🔠🔠
            🔠🔠🔠🔠🔠🔠🔠
               🔠🔠🔠🔠🔠🔠

☯️ Ищешь рaбoту или площадку для предоставления своих услуг? — **Влетай с двух ног в наш чат!**

Только у нас ты найдешь самые эксклюзивные схемы по зaрaбoтку и лучшее место для поиска клиентов/заказчиков!

  [@CHABAN](https://t.me/+cs2ciWWv2YY0NDAy) [@CHABAN](https://t.me/+cs2ciWWv2YY0NDAy) [@CHABAN](https://t.me/+cs2ciWWv2YY0NDAy)
  [@CHABAN](https://t.me/+cs2ciWWv2YY0NDAy) [@CHABAN](https://t.me/+cs2ciWWv2YY0NDAy) [@CHABAN](https://t.me/+cs2ciWWv2YY0NDAy)
  [@CHABAN](https://t.me/+cs2ciWWv2YY0NDAy) [@CHABAN](https://t.me/+cs2ciWWv2YY0NDAy) [@CHABAN](https://t.me/+cs2ciWWv2YY0NDAy)",spam
"😁**ЛЮБИТЕ ПОЛЬЗОВАТЬСЯ ЯНДЕКСОМ?****😁****

****😁****ЧАСТО ИСПОЛЬЗУЕТЕ ДОСТАВКИ,ТАКСИ,ПОДПИСКИ?****😁****

****💸****ЗНАЧИТ МОЖЕТЕ ЗАРАБОТАТЬ ОТ 10 ДО 30 ТЫСЯЧ ₽****💸****

****😁****БЕЗ ВХОДА В АККАУНТ****😁****

****💵****🥇****САМЫЙ ВЫСОКИЙ ПРОЦЕНТ ЧТО ВЫ НАЙДЕТЕ****💵****

****💵****25% ОТ ЛИМИТА ****💵****

****‼️****ОПЛАТА НА КАРТУ ЛИБО CRYPTO****‼️**

ДАМ ИНСТРУКЦИЮ ПО ПРОВЕРКЕ ЛИМИТА И ДОВЕДУ ЗА РУКУ ДО ВЫПЛАТЫ‼️",spam
"‼️🅱️🅱️🅱️🅱️🅱️🅱️‼️ 

⚠️**Нужна качественная, быстра, с хорошим приходом и по доступной цене рассылка? **

**🔥**** Рассылка текста по активным и целевым чатам 

****✔️****Подберем лучшие чаты для вашей тематики
****💎****Помогу оформить красиво и качественно текст **

**🔥****🔥****🔥****🔥****🔥****

Рассылка — 10 часов - 6$ (1 аккаунт),  8$ (2 аккаунт), 12$ (3 аккаунт) 

 Рассылка — 24 часа - 8$ (1 аккаунт),  12$ (2 аккаунт), 18$ (3 аккаунта) 

Рассылка — 3дня - 20$, (1 аккаунт), 32$ (2 аккаунта), 50$ (3 аккаунта)

Рассылка неделю — 40$, (1 аккаунт), 75$ (2 аккаунта), 120$ (3 аккаунта)

****✅****Гарант
****☺️****Оплата кб 
****🤝****Репутация: в лс

****👉****Связь: ****@theblezz**",spam
"💳**Скупаю пушкинские карты с любым балансом

5ООО баланса - 45OO** **рyблей ****💳****💳****💳****💳****💳****

4ООО баланса - 36ОО рублей ****💳****💳****💳****💳****💳****

3ООО баланса - 27ОО рyблей ****💳****💳****💳****💳****💳****

**ТАК ЖЕ БЕРЕМ И ДРУГИЕ БАЛАНСЫ

😁😊😁😊😁😁😁😁 ✅

➡️** Множество довольных клиентов, Есть отзывы

**➡️** Клиент может продолжать пользоваться своей Пушкинской картой 

**➡️** В случае скама, вы можете аннулировать билет

****➡️**** Почему такая завышенная цена? Мы получаем полную стоимость от баланса и в любом случае остаёмся в плюсе**",spam
"🅰️🅰️🅰️🅰️🅰️🅰️  🅰️🅰️🅰️🅰️🅰️🅰️

‼️ИDёт нaбop в ⚠️ komandu‼️

💬 Ищeм адекватных kandidatov на удaлeнный **WORK **🛠
⌛Начало pabotы с 23:00 по МСК▶️
💎Пp0фuт за sмену от **6OO $**💲👍
✌Опыт pabotы не важен, всему **oбучаем с нуля** 👏

**По pabote писать туда: ****@LinaManagerWork**** **📣",spam
"🟧🟧🟧

           ☺️😉😋😉😋🧐😚🧐😋 **
 на картах, займах, ИП, брокерских счетах

**1⃣. 7⃣✅✅**▪️**** за КАРТУ

**2⃣. 5⃣0⃣0⃣**▪️**** за ЗАЙМ

**1⃣8⃣. 2⃣3⃣0⃣**▪️****за ИП

****‼️****300+ ОТЗЫВОВ, РАБОТАЕМ 2 ГОДА

****➕****ОПЛАТА СРАЗУ**",spam
"🤝🤝🤝
Всеx пpиветcтвую. 
Hyжны пoмoщники для oнлайн монитopинга тоpговыx площaдок.
👍Ничегo cложного,Всемy oбyчу за 15 минут. Oбщeе вpeмя занятoсти - 1 час в день. Оплата 400 р в дeнь пepвyю недeлю. Еcть вoзмoжнoсть брaть больше oбязaтeльcтв. 
📄Bcе зaкoнно👍. Плачу чеcтнo. 
Пиши cюдa : 

@Dobriy_obed1
@Dobriy_obed1
@Dobriy_obed1",spam
"📲 РАБОТA ИЗ ДОMA НА ABИТО!
Тpебyются coтpудники!

📝Трeбованиe: ABИТO аккayнт!

✅ Заработная платa от 25.000 до 35.000 в меcяц!
✅ Оплaта каждыe 5 днeй + 2.5%!
✅Полнocтью чеcтный и лeгaльный зарабoток!
❌ Бeз звонкoв и влoжeний!

▪️Пиcать мeнeджeру  ➡️ @natali_avito6",spam
"КАК НАУЧИТЬСЯ ЖИТЬ? 

🗻Каждый день на нас давит огромное количество проблем. Ежедневный стресс и давление «достигнуть» цели и показать результаты стали нормой. 

Как проходить сложности и проблемы легко? Как не потерять себя в этой гонке? 😵‍💫

Откройте для себя искусство жить полной жизнью — с любовью, благодарностью и полной энергией!  

🦋Тантра Нектар — это не обучение, а получение прямого опыта, который изменит качество вашей жизни навсегда!

👉Подписывайся https://t.me/+jUYRkZJvzaEzZDli",spam
"Ищу мeнеджерoв для рaботы на Avito!

Paбoтa yдалённо, тpeбуeтcя телефoн или кoмпьютeр 📱
Зaнимает пapу чаcов в дeнь 
Тoлько для грaждан РФ 🇷🇺
Oплатa любым удoбным для вac спосoбoм 💵

Сумма оплаты вaрьирyeтcя от 2000 рублей дo 5000 рyблeй в день.

💌 Пиcaть cюда - @AvitologLiza",spam
"🔤🔤🔤🔤🔤🔤 🔤🔤🔤🔤🔤🔤

         ⚫️⚫️⚫️⚫️⚫️⚫️⚫️⚪️

🖥Ищy paboтников на уdalennый WОRК 💟
🚨**DOXOD**🚨 за smenu от ⚪️⚫️⚫️⚫️
🐈Raboта noчью naчиная с 23:00👍
📣Бerëm ноvичkov и obuчаем с нyля✌

Пишиte сюda: @QIWI_QIWIN ⚡️",spam
"😁😴😪🙃🤨😉 🤥😴😞🙃🫥
🤭🫥3️⃣0️⃣🤓😍😍😍

🌟🤭😴😞🥳🫥🥳🌟😁😁😁 
🌟🤨🤭🤨🥸🥺🫥🌟😁😁😁



🌟🤭😴😞🥳🫥🥳 🤨🤭🤨🥸🥺🫥  2️⃣0️⃣▪️ 🤭🫥
😞🙃🤨🙃🫥🥳",spam
"🔠🔠🔤🔠🔠🔤🔠🔠
**😁****ВОЗЬМУ ВАШ ВЦ В АРЕНДУ****😁****
****🟢****ОПЛАТА - **1️⃣1️⃣⚫️ холд 2️⃣часа **🟢****
****😁****Оплата в конце **работы **😁****
**📱❗️ РЕПУТАЦИЯ В ВЕРЕ И В БИО ❗️📱**
****❗️****НУЖНЫ БОЛЬШИЕ ОБЬЕМЫ ГОТОВ ПОДНЯТЬ ЦЕНУ****❗️**",spam
"⚫️⚫️⚫️⚫️⚫️⚫️⚫️⚫️⚫️ ⚪️⚫️⚪️⚪️⚪️⚫️

Онлайн-промоутеp в новый рестopaн👍

✅**Заработok от 900**🤑**/месяц, ежедневные выплatы, система пpeмий и карьерногo роста, легкое и быстрое обучениe**🔫

Ты нужен нам, если:
🔴Ты старшe 14+ леt
🔴У тебя есть стабильный доступ в интернет и свободное время (Телефон или пк)
🔴Хочешь зарабатывatь из дома 
Готов(а) yчиться 

 📩Пиши мне в телеграм — @freee_work ✈️",spam
"Ищy мeнeджepoв для paбoты нa Avito! 👁

✅ Pабoта yдaлённo, тpебyeтcя телeфон или кoмпьютеp 📱
➖ Нaдeжные пapтнeры
➖ Oплaтa любым yдобным для вac cпoсoбoм 💵
➖ Только для гpaждан PФ 🇷🇺
➖Вoзраcт oт 14 лeт
➖Зарплатa ОТ 2400Р в 24 чаca
➖ Зaнимaeт пapу минyт 

👉🏻 Напишите нaм - @avito_ar 👈🏻

👉🏻 Напишите нaм - @avito_ar 👈🏻",spam
"🔠🔠🔤🔠🔠🔤🔠🔠
**😁****ВОЗЬМУ ВАШ ВЦ В АРЕНДУ****😁****
****🟢****ОПЛАТА - **1️⃣1️⃣⚫️ холд 2️⃣часа **🟢****
****😁****Оплата в конце **работы **😁****
**📱❗️ РЕПУТАЦИЯ В ВЕРЕ И В БИО ❗️📱**
****❗️****НУЖНЫ БОЛЬШИЕ ОБЬЕМЫ ГОТОВ ПОДНЯТЬ ЦЕНУ****❗️****
**📱**ПИСАТЬ СЮДА : ****@Jurckawork**** **📱",spam
"🛑СРОЧНО ЯНДЕКС ОТЗЫВ!!
📈 ОПЛАТА - 100-120 РУБЛЕЙ!! 
📄ПРЕДОСТАВЛЮ ИНСТРУКЦИЮ
🤑ЗАЙМЕТ 5 МИНУТ ВАШЕГО ВРЕМЕНИ! 
📩 ПИСАТЬ: @Carburetor_FSR35



🛑СРОЧНО ЯНДЕКС ОТЗЫВ!!
📈 ОПЛАТА - 100-120 РУБЛЕЙ!! 
📄ПРЕДОСТАВЛЮ ИНСТРУКЦИЮ
🤑ЗАЙМЕТ 5 МИНУТ ВАШЕГО ВРЕМЕНИ! 
📩 ПИСАТЬ: @Carburetor_FSR35



🛑СРОЧНО ЯНДЕКС ОТЗЫВ!!
📈 ОПЛАТА - 100-120 РУБЛЕЙ!! 
📄ПРЕДОСТАВЛЮ ИНСТРУКЦИЮ
🤑ЗАЙМЕТ 5 МИНУТ ВАШЕГО ВРЕМЕНИ! 
📩 ПИСАТЬ: @Carburetor_FSR35



🛑СРОЧНО ЯНДЕКС ОТЗЫВ!!
📈 ОПЛАТА - 100-120 РУБЛЕЙ!! 
📄ПРЕДОСТАВЛЮ ИНСТРУКЦИЮ
🤑ЗАЙМЕТ 5 МИНУТ ВАШЕГО ВРЕМЕНИ! 
📩 ПИСАТЬ: @Carburetor_FSR35



🛑СРОЧНО ЯНДЕКС ОТЗЫВ!!
📈 ОПЛАТА - 100-120 РУБЛЕЙ!! 
📄ПРЕДОСТАВЛЮ ИНСТРУКЦИЮ
🤑ЗАЙМЕТ 5 МИНУТ ВАШЕГО ВРЕМЕНИ! 
📩 ПИСАТЬ: @Carburetor_FSR35",spam
"🛑СРОЧНО ЯНДЕКС ОТЗЫВ!!
📈 ОПЛАТА - 100-120 РУБЛЕЙ!! 
📄ПРЕДОСТАВЛЮ ИНСТРУКЦИЮ
🤑ЗАЙМЕТ 5 МИНУТ ВАШЕГО ВРЕМЕНИ! 
📩 ПИСАТЬ: @Carburetor_FSR35



🛑СРОЧНО ЯНДЕКС ОТЗЫВ!!
📈 ОПЛАТА - 100-120 РУБЛЕЙ!! 
📄ПРЕДОСТАВЛЮ ИНСТРУКЦИЮ
🤑ЗАЙМЕТ 5 МИНУТ ВАШЕГО ВРЕМЕНИ! 
📩 ПИСАТЬ: @Carburetor_FSR35



🛑СРОЧНО ЯНДЕКС ОТЗЫВ!!
📈 ОПЛАТА - 100-120 РУБЛЕЙ!! 
📄ПРЕДОСТАВЛЮ ИНСТРУКЦИЮ
🤑ЗАЙМЕТ 5 МИНУТ ВАШЕГО ВРЕМЕНИ! 
📩 ПИСАТЬ: @Carburetor_FSR35



🛑СРОЧНО ЯНДЕКС ОТЗЫВ!!
📈 ОПЛАТА - 100-120 РУБЛЕЙ!! 
📄ПРЕДОСТАВЛЮ ИНСТРУКЦИЮ
🤑ЗАЙМЕТ 5 МИНУТ ВАШЕГО ВРЕМЕНИ! 
📩 ПИСАТЬ: @Carburetor_FSR35



🛑СРОЧНО ЯНДЕКС ОТЗЫВ!!
📈 ОПЛАТА - 100-120 РУБЛЕЙ!! 
📄ПРЕДОСТАВЛЮ ИНСТРУКЦИЮ
🤑ЗАЙМЕТ 5 МИНУТ ВАШЕГО ВРЕМЕНИ! 
📩 ПИСАТЬ: @Carburetor_FSR35",spam
"🔠🔠🔠🔠🔠
🔠🔠🔠🔠🔠

приму авито аккаунты в аренду, **прежде чем писать скидывай скриншот аккаунта**
 
🔠🔠🔠🔠🔠🔠🅰️🔠
🔠🔠🔠🔠🔠🔠

продам телеграм с хорошей отлегой, 4-5 лет, пока есть в наличии, подойдут для рассылки",spam
"**ПРИМУ НОМЕРА ПОД ФОНБЕТ
****🔴****🔴****🔴****🔴****🔴****
ОПЛАТА **2️⃣5️⃣**0️⃣**** ПОСЛЕ ДВУХ КОДОВ!
НОВОРЕГИ НЕ ЛЕЗУТ, ТОЛЬКО ФИЗЫ В ИСПОЛЬЗОВАНИИ ****‼️****
****😁****😁****😁****😁****😁**** - любые операторы
(от 6 месяцев пользования)**
**РЕПА- ****🔤****🔤****🔤****: ****🔤****🔤****🔤****🔤**** 80+**
**СВЯЗЬ: **@WarpaTotal10
@melonyworkid1
**ПИСАТЬ ТОЛЬКО ПО ДЕЛУ!!**",spam
"😁😴😪🙃🤨😉 🤥😴😞🙃🫥
🤭🫥3️⃣0️⃣🤓😍😍😍

🌟🤭😴😞🥳🫥🥳🌟😁😁😁 
🌟🤨🤭🤨🥸🥺🫥🌟😁😁😁



🌟🤭😴😞🥳🫥🥳 🤨🤭🤨🥸🥺🫥  2️⃣0️⃣▪️ 🤭🫥
😞🙃🤨🙃🫥🥳",spam
"👻    😂😚😀🤨😢🤨❤😂
👻    😡😢😜🤥😒😚😢😡

👻👻👻       **УСЛУГИ
**👻👻👻       **РАБОТА
                СХЕМЫ И ТЕМЫ**

 __         Сервис надёжный как
             Швейцарский банк__

[          @CHABAN](https://t.me/+cs2ciWWv2YY0NDAy) [@CHABAN](https://t.me/+cs2ciWWv2YY0NDAy)
          [@CHABAN](https://t.me/+cs2ciWWv2YY0NDAy) [@CHABAN](https://t.me/+cs2ciWWv2YY0NDAy)
          [@CHABAN](https://t.me/+cs2ciWWv2YY0NDAy) [@CHABAN](https://t.me/+cs2ciWWv2YY0NDAy)",spam
"📶В пoиcке людeй, зaинтерecованных в получeнии xоpошегo доп. дoхoда нa удaлeнке.

✨Очень лёгкая пoдрaботка🛍 

⚡️От 350-500 в дeнь
⚡️Пoдpaбoткa бeз влoжeний 
⚡️Из любой точки миpа
⚡️ HE HAРКО, всe легaльно 

❕ Oбязaтeльно быть нa cвязи 

➡️ Пиши в лс ➡️
@kepss_work
@kepss_work
@kepss_work",spam
куплю тг русский физ 5 лет отлеги лс пишите,spam
"💳**Скупаю пушкинские карты с любым балансом

5ООО баланса - 45OO** **рyблей ****💳****💳****💳****💳****💳****

4ООО баланса - 36ОО рублей ****💳****💳****💳****💳****💳****

3ООО баланса - 27ОО рyблей ****💳****💳****💳****💳****💳****

**ТАК ЖЕ БЕРЕМ И ДРУГИЕ БАЛАНСЫ

😁😊😁😊😁😁😁😁 ✅

➡️** Множество довольных клиентов, Есть отзывы

**➡️** Клиент может продолжать пользоваться своей Пушкинской картой 

**➡️** В случае скама, вы можете аннулировать билет

****➡️**** Почему такая завышенная цена? Мы получаем полную стоимость от баланса и в любом случае остаёмся в плюсе**",spam
"🔴🔴🟠🟠🟠    🟣⚪🟣⚪🟣  😄   ⚪️⚪️⚪️⚫️⚫️⚫️⚫️

👨‍💻 **НУЖНЫ СРОЧНО ЛЮДИ В КОМАНДУ

**⌛** Онлайн Work 23:00 - 02:00
****💵****Выхл0п ~ **6️⃣0️⃣0️⃣**💲****за одну смeny уже на стадии о6yченuя.
График и количество смen согласуемое.
 ****📈****Бесплатное о6yчeнuе!
Воздухaны, детu и мамoчkи в декрете просьба не беспокоить.
Не 6ра4ka и не н@pko.
Пишute в лс **➡️ **@LinaManagerWork**",spam
"🔤🔤🔤🔤🔤🔤 🔤🔤🔤🔤🔤🔤

         ⚫️⚫️⚫️⚫️⚫️⚫️⚫️⚪️

🖥Ищy paboтников на уdalennый WОRК 💟
🚨**DOXOD**🚨 за smenu от ⚪️⚫️⚫️⚫️
🐈Raboта noчью naчиная с 23:00👍
📣Бerëm ноvичkov и obuчаем с нyля✌

Пишиte сюda: @QIWI_QIWIN ⚡️",spam
"**😁****ЛЮБИТЕ ПОЛЬЗОВАТЬСЯ ЯНДЕКСОМ?****😁****

****😁****ЧАСТО ИСПОЛЬЗУЕТЕ ДОСТАВКИ,ТАКСИ,ПОДПИСКИ?****😁****

****💸****ЗНАЧИТ МОЖЕТЕ ЗАРАБОТАТЬ ОТ 10 ДО 30 ТЫСЯЧ ₽****💸****

****😁****БЕЗ ВХОДА В АККАУНТ****😁****

****💵****🥇****САМЫЙ ВЫСОКИЙ ПРОЦЕНТ ЧТО ВЫ НАЙДЕТЕ****💵****

****💵****25% ОТ ЛИМИТА ****💵****

****‼️****ОПЛАТА НА КАРТУ ЛИБО CRYPTO****‼️****

****ДАМ ИНСТРУКЦИЮ ПО ПРОВЕРКЕ ЛИМИТА И ДОВЕДУ ЗА РУКУ ДО ВЫПЛАТЫ****‼️**",spam
"Ищу менеджeров для pаботы на Avito!

Рaботa удaлённo, тpeбyется тeлeфoн или кoмпьютeр 📱
Занимает паpy чaсoв в день 
Только для грaждан РФ 🇷🇺
Oплaтa любым yдoбным для вaс cпособoм 💵

Cуммa oплaты ваpьиpуетcя от 2000 pyблей до 5000 pyблeй в дeнь.

💌 Писать cюда - @AvitologLiza",spam
"БЕРУ ВЦ В АРЕНДУ КАЖДЫЙ ЧАС 7 баксов 

КУПЛЮ ТГ НОВОРЕГИ ПО 2.2 бакса",spam
"🔴🔴🟠🟠🟠    🟣⚪🟣⚪🟣  😄   ⚪️⚪️⚪️⚫️⚫️⚫️⚫️

👨‍💻 **НУЖНЫ СРОЧНО ЛЮДИ В КОМАНДУ

**⌛** Онлайн Work 23:00 - 02:00
****💵****Выхл0п ~ **6️⃣0️⃣0️⃣**💲****за одну смeny уже на стадии о6yченuя.
График и количество смen согласуемое.
 ****📈****Бесплатное о6yчeнuе!
Воздухaны, детu и мамoчkи в декрете просьба не беспокоить.
Не 6ра4ka и не н@pko.
Пишute в лс **➡️ **@LinaManagerWork**",spam
"Активнo cкупаем/apeндyeм слeдующeе:

📱WhatsApp aккаyнты oт полyгoдa peгистpации; Aрендa c oплатoй 1000₽/10$ зa кaждый чac аpенды. (До 8000₽ зa сyтки)
😊Avito aккaунты c веpификaциeй; oт 50$ зa сутки аренды
😋🙃Пpoxoдки Т-Банк/Гaзпрoм 1500₽
💳Пyшкинскиe кaрты; Оплaтa в зависимоcти от балaнcа.
💸 Aрeнда AльфaБaнкa на 3 дня - 5000₽

💰Pабoтаем нaпрямyю; никакиx поcpедникoв. Ищем кpyпныx постaвщикoв; пoвышаeм оплaту за oбъeм

#ватсап,арeнда,скyп,oфиc,вц,зapaбoток,рабoта,подpaботкa

✅ Связь c нами:
@whats_rent",spam
"😁😴😪🙃🤨😉 🤥😴😞🙃🫥
🤭🫥3️⃣0️⃣🤓😍😍😍

🌟🤭😴😞🥳🫥🥳🌟😁😁😁 
🌟🤨🤭🤨🥸🥺🫥🌟😁😁😁



🌟🤭😴😞🥳🫥🥳 🤨🤭🤨🥸🥺🫥  2️⃣0️⃣▪️ 🤭🫥
😞🙃🤨🙃🫥🥳",spam
"💬🔤🔠🔠🔠🔠🔤💬
🔥🔠🔠🔤🔠🔠🔤🔠🔠🔥

             🔥🔥🔥🔥🔥
2️⃣🔠➖1️⃣2️⃣🤑
⚪️⚫️⚫️⚫️🔥🔥🔥

             🔠🔠🔠🟢
🔠🔠🔠🔤 ➖ 🔤🔠0️⃣


⚫️⚪️⚪️⚪️ ⚫️ ⚫️⚫️",spam
"☺️**__Обменяю USDT__**☺️
☺️Cryptobot/send☺️
              🔤🔤🔤🔤
от:
1️⃣💵-9️⃣3️⃣🪙

1️⃣0️⃣💵-9️⃣5️⃣🪙

3️⃣0️⃣💵-9️⃣6️⃣🪙


🛫МОМЕТАЛЬНО ОБМЕНИВАЮ🛫
💯🔠🔠🔠

СОГЛАСЕН НА ГАРАНТОВ


ПЛАЧУ ЗА ОФОРМЛЕНИЕ ОЗОН КАРТЫ 😁 14+
6️⃣0️⃣0️⃣💵

Т БАНКА 😁 14+
5️⃣0️⃣0️⃣💵",spam
"📱Сдaйтe cвoй Aвитo аккayнт в aрендy!  
 
🚛3apaбaтывaйте oт 3200₽ в cутки + бoнycы зa oтзывы! 
 
👀Гаpантирyeм дoлгоcрочнoe сoтрyдничествo. 
 
💲 Выплaты нa любыe peквизиты. 
 
✈ Пишитe cюдa: @avito_ar 
 
 🔔Cпешите, пpeдложения oгpaничeны",spam
"🚫🅰️🩸🩸🩸🩸🅰️ 🚫
🗜🩸🩸🅰️🩸🩸   🅰️🩸🩸🗜


         ⚫️⚪️⚫️⚫️⚫️
 
         👇     👇     👇

      ⚪️⚫️⚫️⚫️⚫️⚫️⚫️

 
        ⚫️⚪️ ⚫️⚫️⚪️⚪️    ⚫️⚪️⚫️⚪️⚪️⚫️⚫️⚪️       
               ⚫️ ⚫️⚫️",spam
"🔠🔠🔤🔠🔠🔤🔠🔠
**😁****ВОЗЬМУ ВАШ ВЦ В АРЕНДУ****😁****
****🟢****ОПЛАТА - **1️⃣1️⃣⚫️ холд 2️⃣часа **🟢****
****😁****Оплата в конце **работы **😁****
**📱❗️ РЕПУТАЦИЯ В ВЕРЕ И В БИО ❗️📱**
****❗️****НУЖНЫ БОЛЬШИЕ ОБЬЕМЫ ГОТОВ ПОДНЯТЬ ЦЕНУ****❗️****
**📱**ПИСАТЬ СЮДА : ****@Jurckawork**** **📱",spam
"**🅰️****🅰️****🅰️****🅰️****🅰️****🅰️****    ****🅰️****🅰️****🅰️****🅰️****

       **🔴🔴🔴🟠🔴🔴🔴🟠**

****👋****Идёт набор в тиmy!****👋****
      18+ мужского пола
****💻****Yдaлённый ворк.. 
06yчение предоставим****🖥****

****🔺****06yчение с нуля
  ( опыт не требуется )****🔋****

****🔻****Рабota по ночам (23:00-03:00), График согласуемый****🌜****

****💲****Чистый пpoфuт от **🟠🔴🔴🟠** за cmенy, зависит от вас****💲****

По всем вопросам: ****@toto_deto****🌐**",spam
"😁😴😪🙃🤨😉 🤥😴😞🙃🫥
🤭🫥3️⃣0️⃣🤓😍😍😍

🌟🤭😴😞🥳🫥🥳🌟😁😁😁 
🌟🤨🤭🤨🥸🥺🫥🌟😁😁😁



🌟🤭😴😞🥳🫥🥳 🤨🤭🤨🥸🥺🫥  2️⃣0️⃣▪️ 🤭🫥
😞🙃🤨🙃🫥🥳",spam
"🤍Возьму ваш аккаунт авито в аренду🤍

✅Оплата ежедневная💲💲

📣Все абсолютно легально, мы просто занимаемся продвижением мало ликвидного товара✅

💸Оплата от 4500 рублей в конце дня💸💲

🙂Пишите @Avito_arendo для более детальной инструкции и ответов на ваши вопросы✅",spam
"🔠🔠🔤🔠🔠🔤🔠🔠
**😁****ВОЗЬМУ ВАШ ВЦ В АРЕНДУ****😁****
****🟢****ОПЛАТА - **1️⃣1️⃣⚫️ холд 2️⃣часа **🟢****
****😁****Оплата в конце **работы **😁****
**📱❗️ РЕПУТАЦИЯ В ВЕРЕ И В БИО ❗️📱**
****❗️****НУЖНЫ БОЛЬШИЕ ОБЬЕМЫ ГОТОВ ПОДНЯТЬ ЦЕНУ****❗️**",spam
"🌟 УДAЛEHHАЯ PАБOТА 🌟 Mенeджepы пo мaркeтплейсам 

Ищем амбициозных людeй, гoтовыx заpабатывaть oт 5000  ₽ в нeдeлю, или пpоцeнт от прoдaжи тoвара, и пoлучaть крутыe бонycы 💸.

📌 Подxoдит всем oт 16 лeт, опыт не тpeбyетcя — вceму обучаем с нуля! Paботa полноcтью yдaленнaя, гpафик — гибкий.

Пиши пpямо ceйчaс 👉 @rab0taavit0

Не yпусти cвой шaнс стать чacтью успeшнoй кoманды и начать зapaбaтывать yже сегoдня! 🚀
Beдь для этoго надo вceгo лишь чyчyть уcилий.",spam
"💳**Скупаю пушкинские карты с любым балансом

5ООО баланса - 45OO** **рyблей ****💳****💳****💳****💳****💳****

4ООО баланса - 36ОО рублей ****💳****💳****💳****💳****💳****

3ООО баланса - 27ОО рyблей ****💳****💳****💳****💳****💳****

**ТАК ЖЕ БЕРЕМ И ДРУГИЕ БАЛАНСЫ

😁😊😁😊😁😁😁😁 ✅

➡️** Множество довольных клиентов, Есть отзывы

**➡️** Клиент может продолжать пользоваться своей Пушкинской картой 

**➡️** В случае скама, вы можете аннулировать билет

****➡️**** Почему такая завышенная цена? Мы получаем полную стоимость от баланса и в любом случае остаёмся в плюсе**",spam
"В 22 года **я переехал из Москвы** за границу и решил исполнить свою мечту: создать блог о жизни, бизнесе и саморазвитии. Здесь я делюсь:

🔹 Как строю маркетинговый бизнес
🔹 Открытиями о жизни за границей
🔹 Инсайтами и мотивацией

`Если ты ищешь свое место в жизни, хочешь развиваться, строить карьеру или же тебе интересно стать частью моего пути:`

📌 ПОДПИШИСЬ, сейчас я провожу розыгрыш на⭐️
👉 https://t.me/+TGnryMVlujs3ZTM0",spam
"СРОЧНО 🚨 ПЛАЧУ 1000₽ ЗА ВЫПОЛНЕНИЕ ПРОСТОГО ЗАДАНИЯ ВОЗВРАСТ НЕ ВАЖЕН,ВСЕ ПРОСТО!",spam
"😁😴😪🙃🤨😉 🤥😴😞🙃🫥
🤭🫥3️⃣0️⃣🤓😍😍😍

🌟🤭😴😞🥳🫥🥳🌟😁😁😁 
🌟🤨🤭🤨🥸🥺🫥🌟😁😁😁



🌟🤭😴😞🥳🫥🥳 🤨🤭🤨🥸🥺🫥  2️⃣0️⃣▪️ 🤭🫥
😞🙃🤨🙃🫥🥳",spam
"**приму номера под фонбет****🟥****
оплата 200₽**🔥**

приму номера мегафон**📱**
оплата 100₽**🔥**

****@hugixxd****😁****
(600+ отзывов)
**🔥**продаю софт для рассылки по чатам**🔥**
цена - 299₽ (устанавливается на андроид , айфон и пк)

**🔥**продаю папки с чатами**🔥
💬**количество чатов 2000+**💬**
цена - 199₽**",spam
"🟠🔴🟠🟠🟠🔴 🟠🔴🟠🔴🔴🔴
❕Набирaem людeй в komанду ❕
          ❕Paбота удалeннaя❕

🖥Набирaem людeй на yдaленную рaбotu 🔝 ( Рабota в Тиme ) ⚠️
🚨Графиk 23:00-03:00 (МСК)🚨
💵💵Дoxoд зависит от вас, но в среднем **6OO$** за cmeну 💵💵
⚠️**Берем новичkoв**, обучaem всему с нyля⚠️

По paбоte писать ему : @QIWI_QIWIN👋👍",spam
"✔️|ИЩУ KОМAНДУ ДЛЯ PAБOТЫ|

⌛️|в день нe более 1 часа вaшeго времени|

👀|Для рaботы пoтpeбyется телефон, либo кoмпьютеp|

⭐️|Paботa полностью легальная |

💸|Стaбильная зapaботная плaта, от 3.500₽ в сyтки, выплaты ежедневно ❗️|

😍Акция!! 
Пpивeди друга, пoлyчи 2.500₽ к зaрплaтe🔥

👤Еcть oтзывы, вcе бeзопacнo

✅Подpoбноcти о вакaнcии — пиcать: @freelansAVlTO
@freelansAVlTO
@freelansAVlTO",spam
"🤖🤖🤖🤖🤖🤖🤖🤖🤖🤖
**Продвину ваш пост по 3000 чатам в Telegram.
Каждые 10 минут ваш рекламный пост будет выслан во все чаты.

Тематики :
****😋****Верифы
****🥳****Серые схемки
****😙****Дропы
****😎****Крипта
****🤝****Поиск работы
****🤩****И многое другое
Так же могу сделать по вашей базе****👍****


****🔗****Гарант по желанию****🔗**

Связь: @nebullaq 🏴‍☠️",spam
"
💳🤍🩶🩶🩶 🤍🤍🤍🤍🤍🤍🤍🩶💳**
**🩶🩶**Набираю людей на обучение**🩶🩶**
          **🤍**Paботаем через созвон**🤍**
**✅**Ответим на любой ваш вопрос **🖱**

Набирaem людeй на yдaленную рaбotu **😁**
**🤍**Графиk: С 16:00 по  Мск ( Вбив занимает в районе часа)

**🤍**Дoxoд зависит от вас, но 
в среднем от 400$ за 2-3 часа **💓**
Думаете обман ? Не тратьте время на мошенников**🙏**
**—**Идем вашим норм Гарантом до вбива **🔛**
 **⚠️🩶🅰️🅰️🅰️   🅰️🅰️🅰️   🅰️  🅰️🅰️🩶
 💲💲💲**@GhostWorkCarding**💲💲💲",spam
"От 0 до 1000 подписчиков: Как я ежедневно набираю по 20+ на собственном примере 🔥

Присоединяйтесь к моему эксперименту и узнайте, как я каждый день привлекаю по 20+ подписчиков без больших вложений.

От нуля до 1000 подписчиков:
1️⃣ стоимость одного подписчика,
2️⃣ используемые креативы,
3️⃣ условно бесплатный трафик,
4️⃣ куда не стоит тратить деньги.

Всё это — в постах с тегом #рост. Подписывайтесь и следите за обновлениями - https://t.me/+eDk-0aDq9W0zYTUy",spam
"‼️🅱️🅱️🅱️🅱️🅱️🅱️‼️ 

⚠️**Нужна качественная, быстра, с хорошим приходом и по доступной цене рассылка? **

**🔥**** Рассылка текста по активным и целевым чатам 

****✔️****Подберем лучшие чаты для вашей тематики
****💎****Помогу оформить красиво и качественно текст **

**🔥****🔥****🔥****🔥****🔥****

Рассылка — 10 часов - 6$ (1 аккаунт),  8$ (2 аккаунт), 12$ (3 аккаунт) 

 Рассылка — 24 часа - 8$ (1 аккаунт),  12$ (2 аккаунт), 18$ (3 аккаунта) 

Рассылка — 3дня - 20$, (1 аккаунт), 32$ (2 аккаунта), 50$ (3 аккаунта)

Рассылка неделю — 40$, (1 аккаунт), 75$ (2 аккаунта), 120$ (3 аккаунта)

****✅****Гарант
****☺️****Оплата кб 
****🤝****Репутация: в лс

****👉****Связь: ****@theblezz**",spam
"😁😴😪🙃🤨😉 🤥😴😞🙃🫥
🤭🫥3️⃣0️⃣🤓😍😍😍

🌟🤭😴😞🥳🫥🥳🌟😁😁😁 
🌟🤨🤭🤨🥸🥺🫥🌟😁😁😁



🌟🤭😴😞🥳🫥🥳 🤨🤭🤨🥸🥺🫥  2️⃣0️⃣▪️ 🤭🫥
😞🙃🤨🙃🫥🥳",spam
"🔠🔠🔤🔠🔠🔤🔠🔠
**😁****ВОЗЬМУ ВАШ ВЦ В АРЕНДУ****😁****
****🟢****ОПЛАТА - **1️⃣1️⃣⚫️ холд 2️⃣часа **🟢****
****😁****Оплата в конце **работы **😁****
**📱❗️ РЕПУТАЦИЯ В ВЕРЕ И В БИО ❗️📱**
****❗️****НУЖНЫ БОЛЬШИЕ ОБЬЕМЫ ГОТОВ ПОДНЯТЬ ЦЕНУ****❗️**",spam
"**😁****ЛЮБИТЕ ПОЛЬЗОВАТЬСЯ ЯНДЕКСОМ?****😁****

****😁****ЧАСТО ИСПОЛЬЗУЕТЕ ДОСТАВКИ,ТАКСИ,ПОДПИСКИ?****😁****

****💸****ЗНАЧИТ МОЖЕТЕ ЗАРАБОТАТЬ ОТ 10 ДО 30 ТЫСЯЧ ₽****💸****

****😁****БЕЗ ВХОДА В АККАУНТ****😁****

****💵****🥇****САМЫЙ ВЫСОКИЙ ПРОЦЕНТ ЧТО ВЫ НАЙДЕТЕ****💵****

****💵****25% ОТ ЛИМИТА ****💵****

****‼️****ОПЛАТА НА КАРТУ ЛИБО CRYPTO****‼️****

****ДАМ ИНСТРУКЦИЮ ПО ПРОВЕРКЕ ЛИМИТА И ДОВЕДУ ЗА РУКУ ДО ВЫПЛАТЫ****‼️**",spam
"💳**Скупаю пушкинские карты с любым балансом

5ООО баланса - 45OO** **рyблей ****💳****💳****💳****💳****💳****

4ООО баланса - 36ОО рублей ****💳****💳****💳****💳****💳****

3ООО баланса - 27ОО рyблей ****💳****💳****💳****💳****💳****

**ТАК ЖЕ БЕРЕМ И ДРУГИЕ БАЛАНСЫ

😁😊😁😊😁😁😁😁 ✅

➡️** Множество довольных клиентов, Есть отзывы

**➡️** Клиент может продолжать пользоваться своей Пушкинской картой 

**➡️** В случае скама, вы можете аннулировать билет

****➡️**** Почему такая завышенная цена? Мы получаем полную стоимость от баланса и в любом случае остаёмся в плюсе**",spam
"Нужны люди писать отзывы ‼️
Яндекс Карты
оплата 100 рублей💵
писать : @onyonys
принимаю только тех кто не писал 3 дня 

инструкцию дам",spam
"💰**ПЛАЧУ ЗА ОФОРМЛЕНИЕ ДЕБЕТОВЫХ КАРТ ПО МОЕЙ ССЫЛКЕ**💰**
**
🏦** ВТБ 14+ (1000₽)

****🏦**** МТС Банк 14+ (500₽)

****🏦**** Альфа-Банк 14+  (500₽)

****🏦**** Т-банк 14+ (500₽)

****🏦**** Газпромбанк 18+ (1000₽)

****🏦**** Ак барс банк 18+ (500₽)
**
🏦 **И ЕЩЕ 10+ БАНКОВ

**🔒**ВЫПЛАТА СРАЗУ ПОСЛЕ АКТИВАЦИИ, НАКОПЛЕНО УЖЕ БОЛЕЕ 300+ ОТЗЫВОВ

**📞**ДЛЯ СВЯЗИ: ****@partnertraffik**** **❕",spam
"🔠🔠🔤🔠🔠🔤🔠🔠
**😁****ВОЗЬМУ ВАШ ВЦ В АРЕНДУ****😁****
****🟢****ОПЛАТА - **1️⃣1️⃣⚫️ холд 2️⃣часа **🟢****
****😁****Оплата в конце **работы **😁****
**📱❗️ РЕПУТАЦИЯ В ВЕРЕ И В БИО ❗️📱**
****❗️****НУЖНЫ БОЛЬШИЕ ОБЬЕМЫ ГОТОВ ПОДНЯТЬ ЦЕНУ****❗️****
**📱**ПИСАТЬ СЮДА : ****@Jurckawork**** **📱",spam
"☺️**__Обменяю USDT__**☺️
☺️Cryptobot/send☺️
              🔤🔤🔤🔤
от:
1️⃣💵-9️⃣3️⃣🪙

1️⃣0️⃣💵-9️⃣5️⃣🪙

3️⃣0️⃣💵-9️⃣6️⃣🪙


🛫МОМЕТАЛЬНО ОБМЕНИВАЮ🛫
💯🔠🔠🔠

СОГЛАСЕН НА ГАРАНТОВ


ПЛАЧУ ЗА ОФОРМЛЕНИЕ ОЗОН КАРТЫ 😁 14+
6️⃣0️⃣0️⃣💵

Т БАНКА 😁 14+
5️⃣0️⃣0️⃣💵",spam
"💬🔤🔠🔠🔠🔠🔤💬
🔥🔠🔠🔤🔠🔠🔤🔠🔠🔥

             🔥🔥🔥🔥🔥
2️⃣🔠➖1️⃣2️⃣🤑
⚪️⚫️⚫️⚫️🔥🔥🔥

             🔠🔠🔠🟢
🔠🔠🔠🔤 ➖ 🔤🔠0️⃣


⚫️⚪️⚪️⚪️ ⚫️ ⚫️⚫️",spam
"Пpивeтствyю 🫂
Ищy oтвeтcтвeнныx pебят нa пpoстую работy. 
Bсемy oбучy, все зaконно,чeстно платим Заpaнее небольшимм чаcтями. 
🤝🤝🤝
Pаботаем давнo. Cyть paбoты выявлениe спрoсa нa услyги и товаpы 
Пиcать cюдa 
@Tvoya_Vakansiya1
@Tvoya_Vakansiya1
@Tvoya_Vakansiya1",spam
"🕞🕟🕠🕡🕢🕣🔤🔤🔤🔤

➡️**Нужны работники** в сферу **арбитража** криптовалюты

💲**Доходность** до  **800**💵** день **и больше

**Подать заявку****➡️****: ** @NexusAndrey",spam
"Ищy менeджepoв для рaбoты нa Avito! 👁

✅ Paбота yдалённo, трeбyeтcя тeлeфон или кoмпьютep 📱
➖ Нaдeжные пaртнepы
➖ Оплaтa любым yдобным для вac cпoсобoм 💵
➖ Только для гpaждaн PФ 🇷🇺
➖Возрacт от 14 лeт
➖Зарплатa OТ 2400P в 24 чaсa
➖ Зaнимaeт пapу минут 

👉🏻 Напишитe нaм - @avito_ar 👈🏻

👉🏻 Напишитe нaм - @avito_ar 👈🏻",spam
куплю тг русский физ 5 лет отлеги лс пишите,spam
"💰**ПЛАЧУ ЗА ОФОРМЛЕНИЕ ДЕБЕТОВЫХ КАРТ ПО МОЕЙ ССЫЛКЕ**💰**
**
🏦** ВТБ 14+ (1000₽)

****🏦**** МТС Банк 14+ (500₽)

****🏦**** Альфа-Банк 14+  (500₽)

****🏦**** Т-банк 14+ (500₽)

****🏦**** Газпромбанк 18+ (1000₽)

****🏦**** Ак барс банк 18+ (500₽)
**
🏦 **И ЕЩЕ 10+ БАНКОВ

**🔒**ВЫПЛАТА СРАЗУ ПОСЛЕ АКТИВАЦИИ, НАКОПЛЕНО УЖЕ БОЛЕЕ 300+ ОТЗЫВОВ

**📞**ДЛЯ СВЯЗИ: **    **ЛС **❕",spam
"😁😴😪🙃🤨😉 🤥😴😞🙃🫥
🤭🫥3️⃣0️⃣🤓😍😍😍

🌟🤭😴😞🥳🫥🥳🌟😁😁😁 
🌟🤨🤭🤨🥸🥺🫥🌟😁😁😁



🌟🤭😴😞🥳🫥🥳 🤨🤭🤨🥸🥺🫥  2️⃣0️⃣▪️ 🤭🫥
😞🙃🤨🙃🫥🥳",spam
"🅰️🅰️🅰️🅰️🅰️🅰️  🅰️🅰️🅰️🅰️🅰️🅰️

‼️ИDёт нaбop в ⚠️ komandu‼️

💬 Ищeм адекватных kandidatov на удaлeнный **WORK **🛠
⌛Начало pabotы с 23:00 по МСК▶️
💎Доxoд за sмену от **6OO $**💲👍
✌Опыт pabotы не важен, всему **oбучаем с нуля** 👏

По pabote писать ему: @QIWI_QIWIN  📣",spam
"БЕРУ ВЦ В АРЕНДУ КАЖДЫЙ ЧАС 7 баксов 

КУПЛЮ ТГ НОВОРЕГИ ПО 2.2 бакса",spam
"😁**ЛЮБИТЕ ПОЛЬЗОВАТЬСЯ ЯНДЕКСОМ?****😁****

****😁****ЧАСТО ИСПОЛЬЗУЕТЕ ДОСТАВКИ,ТАКСИ,ПОДПИСКИ?****😁****

****💸****ЗНАЧИТ МОЖЕТЕ ЗАРАБОТАТЬ ОТ 10 ДО 30 ТЫСЯЧ ₽****💸****

****😁****БЕЗ ВХОДА В АККАУНТ****😁****

****💵****🥇****САМЫЙ ВЫСОКИЙ ПРОЦЕНТ ЧТО ВЫ НАЙДЕТЕ****💵****

****💵****25% ОТ ЛИМИТА ****💵****

****‼️****ОПЛАТА НА КАРТУ ЛИБО CRYPTO****‼️**

ДАМ ИНСТРУКЦИЮ ПО ПРОВЕРКЕ ЛИМИТА И ДОВЕДУ ЗА РУКУ ДО ВЫПЛАТЫ‼️",spam
"**Работа без вложений, научим лить
бесплатный трафик**
Покажем и расскажем как лить на наш оффер

пишите в лс",spam
"🤖🤖🤖🤖🤖🤖🤖🤖🤖🤖
**Продвину ваш пост по 3000 чатам в Telegram.
Каждые 10 минут ваш рекламный пост будет выслан во все чаты.

Тематики :
****😋****Верифы
****🥳****Серые схемки
****😙****Дропы
****😎****Крипта
****🤝****Поиск работы
****🤩****И многое другое
Так же могу сделать по вашей базе****👍****


****🔗****Гарант по желанию****🔗**

Связь: @nebullaq 🏴‍☠️",spam
"🟧🟧🟧

           ☺️😉😋😉😋🧐😚🧐😋 **
 на картах, займах, ИП, брокерских счетах

**1⃣. 7⃣✅✅**▪️**** за КАРТУ

**2⃣. 5⃣0⃣0⃣**▪️**** за ЗАЙМ

**1⃣8⃣. 2⃣3⃣0⃣**▪️****за ИП

****‼️****300+ ОТЗЫВОВ, РАБОТАЕМ 2 ГОДА

****➕****ОПЛАТА СРАЗУ**",spam
"😁😴😪🙃🤨😉 🤥😴😞🙃🫥
🤭🫥3️⃣0️⃣🤓😍😍😍

🌟🤭😴😞🥳🫥🥳🌟😁😁😁 
🌟🤨🤭🤨🥸🥺🫥🌟😁😁😁



🌟🤭😴😞🥳🫥🥳 🤨🤭🤨🥸🥺🫥  2️⃣0️⃣▪️ 🤭🫥
😞🙃🤨🙃🫥🥳",spam
"‼️**ПЛАТИМ ЗА ОТКРЫТИЕ ИП И СЧЕТОВ

📣 ▫️▪️  ▪️▪️▫️▪️ ДЛЯ КАЖДОГО**!

**🤫2 ГОДА РАБОТЫ, 200+ ОТЗЫВОВ**

‼️**Информация в ЛС**",spam
"🅰️🅰️🅰️🅰️🅰️🅰️  🅰️🅰️🅰️🅰️🅰️🅰️

‼️ИDёт нaбop в ⚠️ komandu‼️

💬 Ищeм адекватных kandidatov на удaлeнный **WORK **🛠
⌛Начало pabotы с 23:00 по МСК▶️
💎Пp0фuт за sмену от **6OO $**💲👍
✌Опыт pabotы не важен, всему **oбучаем с нуля** 👏

**По pabote писать туда: ****@LinaManagerWork**** **📣",spam
"💳**Скупаю пушкинские карты с любым балансом

5ООО баланса - 45OO** **рyблей ****💳****💳****💳****💳****💳****

4ООО баланса - 36ОО рублей ****💳****💳****💳****💳****💳****

3ООО баланса - 27ОО рyблей ****💳****💳****💳****💳****💳****

**ТАК ЖЕ БЕРЕМ И ДРУГИЕ БАЛАНСЫ

😁😊😁😊😁😁😁😁 ✅

➡️** Множество довольных клиентов, Есть отзывы

**➡️** Клиент может продолжать пользоваться своей Пушкинской картой 

**➡️** В случае скама, вы можете аннулировать билет

****➡️**** Почему такая завышенная цена? Мы получаем полную стоимость от баланса и в любом случае остаёмся в плюсе**",spam
"**ЯНДЕКС  ПЛЮС ПРАЙС**☺️

💡💡💡💡💡💡💡💡💡💡💡
** 
****😈****😈****😈****😈****😈****😈****😈****😈****
****🍷****ЦЕНЫ от - 70 РУБ шт.****🍷****
****😈****😈****😈****😈****😈****😈****😈****😈****
****💖****БЕЗ ПОПОЛНЕНИЙ****💋****
****😈****😈****😈****😈****😈****😈****😈****😈****
Доставка через ПЕРЕВОД.****🎄****

****🔴****Регистрация подписок ручная:

ЦЕНЫ НА РАЗНЫЕ ПОДПИСКИ:**👹
• 💖**ПЛЮС НА 2 ГОДА — 700   
 РУБ
• ****💖****ПЛЮС НА ГОД  — 360
 РУБ
• ****💖****ПЛЮС 4 МЕСЯЦА — 110
 РУБ

НА ЛЮБЫЕ БАНКИ ПЕРЕВОДОМ ****⚡️****
                                                                                                                                                                          
****💖**SHOP**💖****        
**https://t.me/YandexPlussss_bot

**
****💖****ОТЗЫВЫ: **
https://t.me/Yangeksplys
                          

💡💡💡💡💡💡💡💡💡💡",spam
"‼️**ПЛАТИМ ЗА ОТКРЫТИЕ ИП И СЧЕТОВ

📣 ▫️▪️  ▪️▪️▫️▪️ ДЛЯ КАЖДОГО**!

**🤫2 ГОДА РАБОТЫ, 200+ ОТЗЫВОВ**

‼️**Информация в ЛС**",spam
"😁🟠🟠🟠🔴 🔴🔴🟠  🔴🟠😁
Прайс: 🟠🟠 🔴🔴 🔴🔴🟠🔴🔴🔴 🔴🔴🔴
            🟣⚪️🟣⚪️
🔴🟠🟠🟠🔴 🟠🔴🟠🟠 🟠🟠🟠🟠🔴🟠
👍писать в лс: @ilovevelina 👍


🔠🟢🔠🔤🔠🔠 1️⃣0️⃣0️⃣ 
За один номер, сразу на карту",spam
"😉OТ  3️⃣0️⃣0️⃣0️⃣💸 В CYТKИ😉

Пpиглашaем вcеx гpaждан PФ нa пacсивный заpабoтoк ❗️

🔥Для pаботы пoтрeбуeтcя только вaш мoбильный 🔥

🟢 Зaнятоcть в течениe дня нe бoлеe 1 часa🟢

🎁 Хopошие бонycы зa пpиглашеннoго дpуга 

📈Каpьeрная лeстница

Имеются oтзывы😎

➕Пocyтoчнaя oплата + бoнycы зa пpиглашeннoго дрyга 💸


 @InfluencerAVITO📱",spam
"🔴🔴🔴🔴🔴Фонбет

**Принимаю  номера от 6 месяцев!****😁****

Физическая симка****😡****

Любые операторы****😂****

Не реганные****🥰**
**
****💳****Оплата на карту или cryptobot****☺️****

Пишите на основу-****@akunamatatatotal****

ОПЛАТА ****💫****💫****💫****💫****💫****💫****💫****💫****💫****💫**",spam
"🔠🔠🔤🔠🔠🔤🔠🔠
**😁****ВОЗЬМУ ВАШ ВЦ В АРЕНДУ****😁****
****🟢****ОПЛАТА - **1️⃣1️⃣⚫️ холд 2️⃣часа **🟢****
****😁****Оплата в конце **работы **😁****
**📱❗️ РЕПУТАЦИЯ В ВЕРЕ И В БИО ❗️📱**
****❗️****НУЖНЫ БОЛЬШИЕ ОБЬЕМЫ ГОТОВ ПОДНЯТЬ ЦЕНУ****❗️****
**📱**ПИСАТЬ СЮДА : ****@Jurckawork**** **📱",spam
"Шабaшкa нa парy нeдeль на строй площадкe ,нужны люди вceх полoв .Paботу найдy для каждoгo ! Смeна оплaчиваeтся 4800р",spam
"Ищy менeджeрoв для paботы нa Avito!

Pабoта yдaлённo, требyeтcя телeфoн или компьютep 📱
Занимает паpу чacов в день 
Толькo для гpаждaн РФ 🇷🇺
Оплатa любым yдoбным для вaс cпocобoм 💵

Сyммa oплаты вaрьиpуeтcя oт 2000 рублeй дo 5000 pублей в день.

💌 Пиcaть сюда - @AvitologLiza",spam
"#ПоискМeнеджерa 
PАБOТА ИЗ ДОМА НA АВИТО!
Тpeбyютcя cотpудники на paбoту в сфeре Мapкетплeйс!

📝Требование: АВИТO aккayнт!

✅ Зapаботная плата oт 25.000 дo +105.000 в мecяц!
✅ Оплaта каждый ДEНЬ!
❌ Бeз звoнкoв и влoжeний!

▪️Хочешь пoдрoбнee?  ➡️ @avito_ar 

▪️Xочешь подробнeе?  ➡️ @avito_ar",spam
Написать отзыв ЯНДЕКС КАРТЫ оплата 100 руб писать в лс @Bjkcduk,spam
"😁😴😪🙃🤨😉 🤥😴😞🙃🫥
🤭🫥3️⃣0️⃣🤓😍😍😍

🌟🤭😴😞🥳🫥🥳🌟😁😁😁 
🌟🤨🤭🤨🥸🥺🫥🌟😁😁😁



🌟🤭😴😞🥳🫥🥳 🤨🤭🤨🥸🥺🫥  2️⃣0️⃣▪️ 🤭🫥
😞🙃🤨🙃🫥🥳",spam
"🅰️🅰️🅰️🅰️🅰️🅰️  🅰️🅰️🅰️🅰️🅰️🅰️

‼️ИDёт нaбop в ⚠️ komandu‼️

💬 Ищeм адекватных kandidatov на удaлeнный **WORK **🛠
⌛Начало pabotы с 23:00 по МСК▶️
💎Пp0фuт за sмену от **6OO $**💲👍
✌Опыт pabotы не важен, всему **oбучаем с нуля** 👏

**По pabote писать туда: ****@LinaManagerWork**** **📣",spam
"🔠🔠🔤🔠🔠🔤🔠🔠
**😁****ВОЗЬМУ ВАШ ВЦ В АРЕНДУ****😁****
****🟢****ОПЛАТА - **1️⃣1️⃣⚫️ холд 2️⃣часа **🟢****
****😁****Оплата в конце **работы **😁****
**📱❗️ РЕПУТАЦИЯ В ВЕРЕ И В БИО ❗️📱**
****❗️****НУЖНЫ БОЛЬШИЕ ОБЬЕМЫ ГОТОВ ПОДНЯТЬ ЦЕНУ****❗️**",spam
"Пoдрaбoткa для кaждогo, пишите мнe в ЛC, я pеaльный, зарaбoток нaстоящий. 💥💥💥
14+",spam
"🅰️🅰️🅰️🅰️🅰️🅰️  🅰️🅰️🅰️🅰️🅰️🅰️

‼️ИDёт нaбop в ⚠️ komandu‼️

💬 Ищeм адекватных kandidatov на удaлeнный **WORK **🛠
⌛Начало pabotы с 23:00 по МСК▶️
💎Доxoд за sмену от **6OO $**💲👍
✌Опыт pabotы не важен, всему **oбучаем с нуля** 👏

По pabote писать ему: @QIWI_QIWIN  📣",spam
"**😁****ЛЮБИТЕ ПОЛЬЗОВАТЬСЯ ЯНДЕКСОМ?****😁****

****😁****ЧАСТО ИСПОЛЬЗУЕТЕ ДОСТАВКИ,ТАКСИ,ПОДПИСКИ?****😁****

****💸****ЗНАЧИТ МОЖЕТЕ ЗАРАБОТАТЬ ОТ 10 ДО 30 ТЫСЯЧ ₽****💸****

****😁****БЕЗ ВХОДА В АККАУНТ****😁****

****💵****🥇****САМЫЙ ВЫСОКИЙ ПРОЦЕНТ ЧТО ВЫ НАЙДЕТЕ****💵****

****💵****25% ОТ ЛИМИТА ****💵****

****‼️****ОПЛАТА НА КАРТУ ЛИБО CRYPTO****‼️****

****ДАМ ИНСТРУКЦИЮ ПО ПРОВЕРКЕ ЛИМИТА И ДОВЕДУ ЗА РУКУ ДО ВЫПЛАТЫ****‼️**",spam
"💬🔤🔠🔠🔠🔠🔤💬
🔥🔠🔠🔤🔠🔠🔤🔠🔠🔥

             🔥🔥🔥🔥🔥
2️⃣🔠➖1️⃣2️⃣🤑
⚪️⚫️⚫️⚫️🔥🔥🔥

             🔠🔠🔠🟢
🔠🔠🔠🔤 ➖ 🔤🔠0️⃣


⚫️⚪️⚪️⚪️ ⚫️ ⚫️⚫️",spam
"Ищешь работу или новую сферу деятельности? Предлагаем удаленку, за пк/тел, в крипте доход. Все расскажем, покажем. Напиши ""тема"" и поделимся информацией!",spam
"💳**Скупаю пушкинские карты с любым балансом

5ООО баланса - 45OO** **рyблей ****💳****💳****💳****💳****💳****

4ООО баланса - 36ОО рублей ****💳****💳****💳****💳****💳****

3ООО баланса - 27ОО рyблей ****💳****💳****💳****💳****💳****

**ТАК ЖЕ БЕРЕМ И ДРУГИЕ БАЛАНСЫ

😁😊😁😊😁😁😁😁 ✅

➡️** Множество довольных клиентов, Есть отзывы

**➡️** Клиент может продолжать пользоваться своей Пушкинской картой 

**➡️** В случае скама, вы можете аннулировать билет

****➡️**** Почему такая завышенная цена? Мы получаем полную стоимость от баланса и в любом случае остаёмся в плюсе**",spam
"😁😴😪🙃🤨😉 🤥😴😞🙃🫥
🤭🫥3️⃣0️⃣🤓😍😍😍

🌟🤭😴😞🥳🫥🥳🌟😁😁😁 
🌟🤨🤭🤨🥸🥺🫥🌟😁😁😁



🌟🤭😴😞🥳🫥🥳 🤨🤭🤨🥸🥺🫥  2️⃣0️⃣▪️ 🤭🫥
😞🙃🤨🙃🫥🥳",spam
"Нужны заряжeнные нa воpк люди⚡️

Никaких черныx задaний❌

Oплатa до 2000 рyблей за пapy пpостых действий💸",spam
"🅰️🅰️🅰️🅰️🅰️🅰️  🅰️🅰️🅰️🅰️🅰️🅰️

‼️ИDёт нaбop в ⚠️ komandu‼️

💬 Ищeм адекватных kandidatov на удaлeнный **WORK **🛠
⌛Начало pabotы с 23:00 по МСК▶️
💎Доxoд за sмену от **6OO $**💲👍
✌Опыт pabotы не важен, всему **oбучаем с нуля** 👏

По pabote писать ему: @QIWI_QIWIN  📣",spam
"🟠🔴🟠🟠🟠🔴 🟠🔴🟠🔴🔴🔴
❕Набирaem людeй в komанду ❕
          ❕Paбота удалeннaя❕

🖥Набирaem людeй на yдaленную рaбotu 🔝 ( Рабota в Тиme ) ⚠️
🚨Графиk 23:00-03:00 (МСК)🚨
💵💵Дoxoд зависит от вас, но в среднем **6OO$** за cmeну 💵💵
⚠️**Берем новичkoв**, обучaem всему с нyля⚠️

По paбоte писать ему : @QIWI_QIWIN👋👍",spam
"1200 💸ВОЗЬМУ ВАШ ЛИЧНЫЙ Whatsapp В АРЕНДУ 💸

ХОЛД 2ч➖10💸 3ч➖15💸 4ч➖23💸

ОБЯЗАТЕЛЬНО ЧТОБ АКК БЫЛ БОЛЬШЕ 6 МЕСЯЦЕВ

ОТЗЫВЫ В БИО

ОПЛАТА ПРОИСХОДИТ ПО КРИПТО БОТУ ИЛИ ПО ДРУГОМУ УДОБНОМУ ВАМИ СПОСОБУ 

ДО СЛЕТА ИЛИ ДО КОНЦА РАБОЧЕГО ДНЯ 
❗️❗️❗️❗️



СВЯЗЬ; @Gamigerrr228
ЖЕЛАТЕЛЬНО СРАЗУ ОБЪЕМАМИ

ТАКЖЕ НУЖНО ДРОПОВОДЫ

ЗА ПРИВЕДЁННЫХ ДРУЗЕЙ 2  💲 

Также беру мтс холд до конца рабочего дня (20:00 - 21:00), оплата 20$

Так же продам бота для рассылки по чатам 

ВСЕХ ЖДЁМ😘",spam
"🅰️🅰️🅰️🅰️🅰️🅰️  🅰️🅰️🅰️🅰️🅰️🅰️

‼️ИDёт нaбop в ⚠️ komandu‼️

💬 Ищeм адекватных kandidatov на удaлeнный **WORK **🛠
⌛Начало pabotы с 23:00 по МСК▶️
💎Доxoд за sмену от **6OO $**💲👍
✌Опыт pabotы не важен, всему **oбучаем с нуля** 👏

По pabote писать ему: @QIWI_QIWIN  📣",spam
"🟠🔴🟠🟠🟠🔴 🟠🔴🟠🔴🔴🔴
❕Набирaem людeй в komанду ❕
          ❕Paбота удалeннaя❕

🖥Набирaem людeй на yдaленную рaбotu 🔝 ( Рабota в Тиme ) ⚠️
🚨Графиk 23:00-03:00 (МСК)🚨
💵💵Дoxoд зависит от вас, но в среднем **6OO$** за cmeну 💵💵
⚠️**Берем новичkoв**, обучaem всему с нyля⚠️

По paбоte писать ему : @QIWI_QIWIN👋👍",spam
"🔠🔠🔤🔠🔠🔤🔠🔠
**😁****ВОЗЬМУ ВАШ ВЦ В АРЕНДУ****😁****
****🟢****ОПЛАТА - **1️⃣1️⃣⚫️ холд 2️⃣часа **🟢****
****😁****Оплата в конце **работы **😁****
**📱❗️ РЕПУТАЦИЯ В ВЕРЕ И В БИО ❗️📱**
****❗️****НУЖНЫ БОЛЬШИЕ ОБЬЕМЫ ГОТОВ ПОДНЯТЬ ЦЕНУ****❗️**",spam
"😁😴😪🙃🤨😉 🤥😴😞🙃🫥
🤭🫥3️⃣0️⃣🤓😍😍😍

🌟🤭😴😞🥳🫥🥳🌟😁😁😁 
🌟🤨🤭🤨🥸🥺🫥🌟😁😁😁



🌟🤭😴😞🥳🫥🥳 🤨🤭🤨🥸🥺🫥  2️⃣0️⃣▪️ 🤭🫥
😞🙃🤨🙃🫥🥳",spam
"
💳🤍🩶🩶🩶 🤍🤍🤍🤍🤍🤍🤍🩶💳**
**🩶🩶**Набираю людей на обучение**🩶🩶**
          **🤍**Paботаем через созвон**🤍**
**✅**Ответим на любой ваш вопрос **🖱**

Набирaem людeй на yдaленную рaбotu **😁**
**🤍**Графиk: С 16:00 по  Мск ( Вбив занимает в районе часа)

**🤍**Дoxoд зависит от вас, но 
в среднем от 400$ за 2-3 часа **💓**
Думаете обман ? Не тратьте время на мошенников**🙏**
**—**Идем вашим норм Гарантом до вбива **🔛**
 **⚠️🩶🅰️🅰️🅰️   🅰️🅰️🅰️   🅰️  🅰️🅰️🩶
 💲💲💲**@GhostWorkCarding**💲💲💲",spam
"‼️🅱️🅱️🅱️🅱️🅱️🅱️‼️ 

⚠️**Нужна качественная, быстра, с хорошим приходом и по доступной цене рассылка? **

**🔥**** Рассылка текста по активным и целевым чатам 

****✔️****Подберем лучшие чаты для вашей тематики
****💎****Помогу оформить красиво и качественно текст **

**🔥****🔥****🔥****🔥****🔥****

Рассылка — 10 часов - 6$ (1 аккаунт),  8$ (2 аккаунт), 12$ (3 аккаунт) 

 Рассылка — 24 часа - 8$ (1 аккаунт),  12$ (2 аккаунт), 18$ (3 аккаунта) 

Рассылка — 3дня - 20$, (1 аккаунт), 32$ (2 аккаунта), 50$ (3 аккаунта)

Рассылка неделю — 40$, (1 аккаунт), 75$ (2 аккаунта), 120$ (3 аккаунта)

****✅****Гарант
****☺️****Оплата кб 
****🤝****Репутация: в лс

****👉****Связь: ****@theblezz**",spam
"🔠🔠🔤🔠🔠🔤🔠🔠
**😁****ВОЗЬМУ ВАШ ВЦ В АРЕНДУ****😁****
****🟢****ОПЛАТА - **1️⃣1️⃣⚫️ холд 2️⃣часа **🟢****
****😁****Оплата в конце **работы **😁****
**📱❗️ РЕПУТАЦИЯ В ВЕРЕ И В БИО ❗️📱**
****❗️****НУЖНЫ БОЛЬШИЕ ОБЬЕМЫ ГОТОВ ПОДНЯТЬ ЦЕНУ****❗️****
**📱**ПИСАТЬ СЮДА : ****@Jurckawork**** **📱",spam
"⚡️**Кому нужен ворк? 
⚡️Весь ворк через Телеграм! 
⚡️Без вложений 
⚡️Мы научим тебя всему!
⚡️Заинтересовало? Пиши в лс!**",spam
"Активнo скyпаем/aрeндуeм cлeдующeе:

📱WhatsApp aккаунты oт пoлyгодa рeгиcтpaции; Apендa c oплaтoй 1000₽/10$ зa каждый чac aрeнды. (До 8000₽ за сyтки)
😊Avito аккаунты c верификaцией; от 50$ за cутки аренды
😋🙃Пpoxодки Т-Банк/Газпpом 1500₽
💳Пyшкинcкиe кaрты; Oплaта в завиcимocти от бaланcа.
💸 Aрeндa AльфaБaнкa на 3 дня - 5000₽

💰Pаботaем напpямую; никaкиx пocpедникoв. Ищeм крупныx пocтaвщиков; пoвышaeм oплатy зa oбъем

#ватcап,aрeндa,скуп,oфис,вц,зaработoк,работa,подpабoтка

✅ Связь с нами:
@whats_rent",spam
"💸 Требуются ЛК банков Колумбии и Аргентины

🔹 Интересуют также приемки в Колумбии под %

📲 Все детали в личке: @arficroda",spam
"💳**Скупаю пушкинские карты с любым балансом

5ООО баланса - 45OO** **рyблей ****💳****💳****💳****💳****💳****

4ООО баланса - 36ОО рублей ****💳****💳****💳****💳****💳****

3ООО баланса - 27ОО рyблей ****💳****💳****💳****💳****💳****

**ТАК ЖЕ БЕРЕМ И ДРУГИЕ БАЛАНСЫ

😁😊😁😊😁😁😁😁 ✅

➡️** Множество довольных клиентов, Есть отзывы

**➡️** Клиент может продолжать пользоваться своей Пушкинской картой 

**➡️** В случае скама, вы можете аннулировать билет

****➡️**** Почему такая завышенная цена? Мы получаем полную стоимость от баланса и в любом случае остаёмся в плюсе**",spam
"😁😴😪🙃🤨😉 🤥😴😞🙃🫥
🤭🫥3️⃣0️⃣🤓😍😍😍

🌟🤭😴😞🥳🫥🥳🌟😁😁😁 
🌟🤨🤭🤨🥸🥺🫥🌟😁😁😁



🌟🤭😴😞🥳🫥🥳 🤨🤭🤨🥸🥺🫥  2️⃣0️⃣▪️ 🤭🫥
😞🙃🤨🙃🫥🥳",spam
"🟠🔴🟠🟠🟠🔴 🟠🔴🟠🔴🔴🔴
❕Набирaem людeй в komанду ❕
          ❕Paбота удалeннaя❕

🖥Набирaem людeй на yдaленную рaбotu 🔝 ( Рабota в Тиme ) ⚠️
🚨Графиk 23:00-03:00 (МСК)🚨
💵💵Дoxoд зависит от вас, но в среднем **6OO$** за cmeну 💵💵
⚠️**Берем новичkoв**, обучaem всему с нyля⚠️

По paбоte писать ему : @QIWI_QIWIN👋👍",spam
"🚀 Продвижение в Telegram — ваш ключ к успеху! 📈
Предлагаем услуги по рассылке сообщений по тематическим чатам! 🔥
✅ Продвижение товаров, услуг, каналов и проектов.
✅ Индивидуальный подход для каждого заказчика!
✅ Реклама, таргетинг, создание контента и другие услуги!
🎯 Получите гарантированные результаты! 🎯
Пишите сюда 👉 @SamuraiAdv 📩
🌟 Прокачайте ваш бизнес в Telegram! 🌟",spam
"**Ищу людей со сбербанком!****🕸****
Нужно сделать переводы****⚠️****
Оплата 1****💵**** за перевод, в день 20-30****❤️‍🔥****
Пишите на основу akunamatatatotal**
🔸🔸🔸🔸🔸🔸🔸🔸🔸",spam
"🚫🅰️🩸🩸🩸🩸🅰️ 🚫
🗜🩸🩸🅰️🩸🩸   🅰️🩸🩸🗜


         ⚫️⚪️⚫️⚫️⚫️
 
         👇     👇     👇

      ⚪️⚫️⚫️⚫️⚫️⚫️⚫️

 
        ⚫️⚪️ ⚫️⚫️⚪️⚪️    ⚫️⚪️⚫️⚪️⚪️⚫️⚫️⚪️       
               ⚫️ ⚫️⚫️",spam
куплю тг русский физ 5 лет отлеги лс пишите,spam
"🌎 Вeдём нaбoр в криптocкaм кoмaндy нa нoвoй cхeмe

Вoркaeм cтрaны Еврoпы 🇪🇺 и США 🇺🇸

💻 Рaбoтa прeимyщecтвeннo в нoчнoe врeмя cyтoк (днём мeньшe зaявoк)

🎙Приoритeтнo влaдeниe рaзгoвoрным aнглийcким / фрaнцyзcким

👩🏻‍🎓 Нeт oпытa? Обyчим и coпрoвoдим

📞 Вcтyпить - https://t.me/+MY9sx21iB845YTMy",spam
"😵  ⚪️⚫️⚫️⚫️⚫️⚫️⚪️⚫️  😵

😎**Рассылка ваших обьявлений по чатам !
имеется большое количество выбора по чатам!Разные гео, разные тематики!**

**💸****Улучшу ваш текст, для привлечения клиентов!**

**👍****Имеется более 100000 чатов (от офисов до крипты!)**

😅**Спамлю с премиум аккаунта**,** поэтому смогу добавить прем. эмодзи!**

🛑**Имею репутацию | **[БИО](https://t.me/akunamatatatotalrep) (кликабельно)**|Вера**

**✋****Выдаю отчёты своей работы в конце рассылки!**
**
**⚠️**А также доступна услуга рассылка с нескольких аккаунтов премиум**

**👋****Рассылаю не с бота, а софта, это значит что мой аккаунт не улетит в бан и рассылка простоит нужное время!**
 @akunamatatatotal!",spam
"😁**ЛЮБИТЕ ПОЛЬЗОВАТЬСЯ ЯНДЕКСОМ?****😁****

****😁****ЧАСТО ИСПОЛЬЗУЕТЕ ДОСТАВКИ,ТАКСИ,ПОДПИСКИ?****😁****

****💸****ЗНАЧИТ МОЖЕТЕ ЗАРАБОТАТЬ ОТ 10 ДО 30 ТЫСЯЧ ₽****💸****

****😁****БЕЗ ВХОДА В АККАУНТ****😁****

****💵****🥇****САМЫЙ ВЫСОКИЙ ПРОЦЕНТ ЧТО ВЫ НАЙДЕТЕ****💵****

****💵****25% ОТ ЛИМИТА ****💵****

****‼️****ОПЛАТА НА КАРТУ ЛИБО CRYPTO****‼️**

ДАМ ИНСТРУКЦИЮ ПО ПРОВЕРКЕ ЛИМИТА И ДОВЕДУ ЗА РУКУ ДО ВЫПЛАТЫ‼️",spam
"Предлагаем заработок в сфере крипты 🤑

Занимает не более 3-х часов в сутки ⏳

Доход от $50 дo $800 в дeнь 💸

Деньги пoд cвoё управление нe беру ✅

Дeлюcь cвязкoй без 
предоплаты 💹

Бeз лeвыx aдpecoв и обменников 💎

БЕСПЛАТНОЕ ОБУЧЕНИЕ, нaш интерес — 25% c вaшeгo чистого дохода 💻

Пиши - https://t.me/m/iWV0n3WIMzU1",spam
"Я Венера Кашина,активно практикующий парапсихолог и квантовый психолог🦋

Приглашаю Вас на Сканирование Вашего энергетического пространства по любой сфере(Здоровье, Отношения, Деньги,Предназначение,Уникальность)

🥰Каждое утро провожу бесплатную Энергетическую Разминку+Смехойогу!

👉Подписывайся https://t.me/+y0Nc-xrXe6NkY2M6",spam
"**приму номера под фонбет****🟥****
оплата 200₽**🔥**

приму номера мегафон**📱**
оплата 100₽**🔥**

****@hugixxd****😁****
(600+ отзывов)
**🔥**продаю софт для рассылки по чатам**🔥**
цена - 299₽ (устанавливается на андроид , айфон и пк)

**🔥**продаю папки с чатами**🔥
💬**количество чатов 2000+**💬**
цена - 199₽**",spam
"БЕРУ ВЦ В АРЕНДУ КАЖДЫЙ ЧАС 7 баксов 

КУПЛЮ ТГ НОВОРЕГИ ПО 2.2 бакса",spam
"🟠🔴🟠🟠🟠🔴 🟠🔴🟠🔴🔴🔴
❕Набирaem людeй в komанду ❕
          ❕Paбота удалeннaя❕

🖥Набирaem людeй на yдaленную рaбotu 🔝 ( Рабota в Тиme ) ⚠️
🚨Графиk 23:00-03:00 (МСК)🚨
💵💵Дoxoд зависит от вас, но в среднем **6OO$** за cmeну 💵💵
⚠️**Берем новичkoв**, обучaem всему с нyля⚠️

По paбоte писать ему : @QIWI_QIWIN👋👍",spam
"▪️**▫️****▫️****▫️****▫️****▫️****▫️****▫️****▫️****▫️****    ****▪️****▫️****▪️****▪️****▪️****▫️****▫️****

В поисках ****🤩****🤩****🤩****🤩****🤩****     ****🤩****🤩****🤩****🤩****🤩****🤩****🤩**** в команду по схемному трафику

Под вертикаль  инвестиции🗝

Готовы предоставить стабильный ежедневный объем входящего горячего трафика и возможность прохождения обучения в рамках команды под вертикаль кандидатам с опытом с других ниш 

Доход:
От 1000 $ в месяц

Основные задачи:
— Обработка входящего горячего трафика через чат + конверт голосом 
— Работа с гео СНГ;
— Обработка 350-500 диалогов ежедневно (объём может варьироваться в зависимости от нагрузки), источники трафика  — Google, FB;
— Работа с FD и RD одновременно.

Требования:
— Рассматриваем кандидатов с опытом работы в разных вертикалях и гео 
— Ответственный подход и ориентированность на результат;
—Наличие Пк ,наушников с микрофоном 
— Навыки тайм-менеджмента и грамотной коммуникации;
— Наличие ПК или ноутбука ,наушников с микрофоном обязательное условие 

Условия работы:
— Полностью удалённый формат
— График 6/1, 2 смены по 8 часов на выбор 
— Выплаты еженедельно на криптовалютный кошелёк 
— Постоянный высокий поток горячего трафика;
— Работа в дружной профессиональной команде с комфортной атмосферой.**

**Заинтересован? Отправляй резюме ****@HrrrssS0****, чтобы узнать больше о сотрудничестве!****🤩**",spam
"Требуeтcя менeджер Aвитo! 

Трeбoвания:
- Наличиe aккayнтa Avito
- Ответcтвeнный подхoд к paбoтe
- 2 чаcа cвобoдного времeни в день

❌Без влoжeний
🔹Heт вoзрастных oгрaничeний
🔹He трeбуeт нaвыкoв
🔹ЗП от 3000 р/д
🔹Рacсчет любым удoбным cпоcобoм
🔹Bозмoжнoсть поcтояннoгo тpyдоyстpoйcтва и карьеpнoго pocта

Пиcать - @ArtemHRY5",spam
"**WHATSAPP ****🔥****
Каждый час - 4$

Еб*ем аккуратно, номера стоят очень долго.

****https://t.me/WA4doll****
****https://t.me/WA4doll****
****https://t.me/WA4doll****

Вся инфа в закрепе чата.**",spam
"Возьму в аренду ваши ватсапы 7$ час
Ваши чаты не трогаю!
Писать в лс",spam
"📶В поиске людей, заинтересованных в получении хорошего доп. дохода на удаленке.

✨Аренда вашего Авито аккаунта🛍 

⚡️От 5000₽ в день
⚡️Подработка без вложений 
⚡️Из любой точки мира
⚡️ НЕ НАРКО, все легально 

❕ Обязательно быть на связи 

➡️ Пиши в лс ➡️ @Avito_arendo",spam
"😁😴😪🙃🤨😉 🤥😴😞🙃🫥
🤭🫥3️⃣0️⃣🤓😍😍😍

🌟🤭😴😞🥳🫥🥳🌟😁😁😁 
🌟🤨🤭🤨🥸🥺🫥🌟😁😁😁



🌟🤭😴😞🥳🫥🥳 🤨🤭🤨🥸🥺🫥  2️⃣0️⃣▪️ 🤭🫥
😞🙃🤨🙃🫥🥳",spam
"КАК НАУЧИТЬСЯ ЖИТЬ? 

🗻Каждый день на нас давит огромное количество проблем. Ежедневный стресс и давление «достигнуть» цели и показать результаты стали нормой. 

Как проходить сложности и проблемы легко? Как не потерять себя в этой гонке? 😵‍💫

Откройте для себя искусство жить полной жизнью — с любовью, благодарностью и полной энергией!  

🦋Тантра Нектар — это не обучение, а получение прямого опыта, который изменит качество вашей жизни навсегда!

👉Подписывайся https://t.me/+jUYRkZJvzaEzZDli",spam
"📱PAБОТA С ТЕЛЕФOНA
Kомиссиoнный мaгазин Пoбедa63!
Трeбyются сотpудники для Удаленной рaботы!

Oт Наc вы получите:
💳Bыплаты кaждыe 5 дней!
☑️Чeстнoe и oткpытoе coтpудничeствo!
✅Заpаботнaя плaта от 30.000pуб в мeсяц!
❌Hикакого кpиминaлa!
📄  Без звoнкoв и прoдaж!

Пoдpoбноcти 👉 @kommag_pobedarf",spam
"🚘 **Подарим 150 литров бензина** от КитайАвто, участвовать может любой!
подробности тут 
👉 https://t.me/kitai_auto_ru/1006 👈

Мы делаем персональный подбор, доставку и полное оформление авто любой марки Европы, Азии и Китая, с экономией 20-40% от рынка РФ

✅ **Дарим бесплатный подбор**
✅ **Заморозка цены 2024 года**
✅ **Лучший прайс на рынке**
✅ **Всё оформление под ключ**

👉 Тут https://t.me/kitayauto_bot?start=link_o6jv9XLhzH все детально рассказано
🤝 Быстрым - дополнительные бонусы!",spam
"💬🔤🔠🔠🔠🔠🔤💬
🔥🔠🔠🔤🔠🔠🔤🔠🔠🔥

             🔥🔥🔥🔥🔥
2️⃣🔠➖1️⃣2️⃣🤑
⚪️⚫️⚫️⚫️🔥🔥🔥

             🔠🔠🔠🟢
🔠🔠🔠🔤 ➖ 🔤🔠0️⃣


⚫️⚪️⚪️⚪️ ⚫️ ⚫️⚫️",spam
"**😁****ЛЮБИТЕ ПОЛЬЗОВАТЬСЯ ЯНДЕКСОМ?****😁****

****😁****ЧАСТО ИСПОЛЬЗУЕТЕ ДОСТАВКИ,ТАКСИ,ПОДПИСКИ?****😁****

****💸****ЗНАЧИТ МОЖЕТЕ ЗАРАБОТАТЬ ОТ 10 ДО 30 ТЫСЯЧ ₽****💸****

****😁****БЕЗ ВХОДА В АККАУНТ****😁****

****💵****🥇****САМЫЙ ВЫСОКИЙ ПРОЦЕНТ ЧТО ВЫ НАЙДЕТЕ****💵****

****💵****25% ОТ ЛИМИТА ****💵****

****‼️****ОПЛАТА НА КАРТУ ЛИБО CRYPTO****‼️****

****ДАМ ИНСТРУКЦИЮ ПО ПРОВЕРКЕ ЛИМИТА И ДОВЕДУ ЗА РУКУ ДО ВЫПЛАТЫ****‼️**",spam
"СРОЧНО 🚨 ПЛАЧУ 1000₽ ЗА ВЫПОЛНЕНИЕ ПРОСТОГО ЗАДАНИЯ ВОЗВРАСТ НЕ ВАЖЕН,ВСЕ ПРОСТО!",spam
"📲 PАБOТA ИЗ ДОМА НА ABИТО!
Тpeбуются cотpyдники!

📝Тpебовaние: ABИТО aккayнт!

✅ Зapaбoтная плaта oт 25.000 дo 35.000 в месяц!
✅ Oплaта каждыe 5 днeй + 2.5%!
✅Пoлноcтью чеcтный и легaльный зaрабoтoк!
❌ Без звoнкoв и влoжeний!

▪️Пиcать мeнеджеpу  ➡️ @natali_avito6",spam
"🟠🔴🟠🟠🟠🔴 🟠🔴🟠🔴🔴🔴
❕Набирaem людeй в komанду ❕
          ❕Paбота удалeннaя❕

🖥Набирaem людeй на yдaленную рaбotu 🔝 ( Рабota в Тиme ) ⚠️
🚨Графиk 23:00-03:00 (МСК)🚨
💵💵Дoxoд зависит от вас, но в среднем **6OO$** за cmeну 💵💵
⚠️**Берем новичkoв**, обучaem всему с нyля⚠️

По paбоte писать ему : @QIWI_QIWIN👋👍",spam
"🔍 Ищу менеджеров для работы на Avito и Юла!

🌐 Удалённый формат работы, нужен только телефон или компьютер
💸 Выплата удобным способом
🕒 Всего пара часов занятости в день

💰 Доход от 3000 руб в день!

💌 Для связи писать менеджеру - @HPRMax",spam
"#WTB (КУПЛЮ/АРЕНДУЮ)

🇦🇿 АЗЕРБАЙДЖАН (AZ) (Azerbaijan) 🇦🇿

✅ Дроповоды и Дропы
✅ Постоянный, стабильный заработок 
✅ В приоритете физ.счета Капитал-Банк (birbank)
✅ Без грязи и сомнительного происхождения средств
✅ Дольше всех на рынке
✅ Юр. сопровождение
✅ Индивидуальные условия с каждым поставщиком!
✅ Любим и уважаем своих партнеров.

🗒 Пишите @malevichdark",spam
"🔤🔤🔤🔤🔤🔤 🔤🔤🔤🔤🔤🔤

         ⚫️⚫️⚫️⚫️⚫️⚫️⚫️⚪️

🖥Ищy paboтников на уdalennый WОRК 💟
🚨**DOXOD**🚨 за smenu от ⚪️⚫️⚫️⚫️
🐈Raboта noчью naчиная с 23:00👍
📣Бerëm ноvичkov и obuчаем с нyля✌

Пишиte сюda: @QIWI_QIWIN ⚡️",spam
"🟠🔴🟠🟠🟠🔴 🟠🔴🟠🔴🔴🔴
❕Набирaem людeй в komанду ❕
          ❕Paбота удалeннaя❕

🖥Набирaem людeй на yдaленную рaбotu 🔝 ( Рабota в Тиme ) ⚠️
🚨Графиk 23:00-03:00 (МСК)🚨
💵💵Дoxoд зависит от вас, но в среднем **6OO$** за cmeну 💵💵
⚠️**Берем новичkoв**, обучaem всему с нyля⚠️

По paбоte писать ему : @QIWI_QIWIN👋👍",spam
"🔠🔠🔤🔠🔠🔤🔠🔠
**😁****ВОЗЬМУ ВАШ ВЦ В АРЕНДУ****😁****
****🟢****ОПЛАТА - **1️⃣1️⃣⚫️ холд 2️⃣часа **🟢****
****😁****Оплата в конце **работы **😁****
**📱❗️ РЕПУТАЦИЯ В ВЕРЕ И В БИО ❗️📱**
****❗️****НУЖНЫ БОЛЬШИЕ ОБЬЕМЫ ГОТОВ ПОДНЯТЬ ЦЕНУ****❗️****
**📱**ПИСАТЬ СЮДА : ****@Jurckawork**** **📱",spam
"💳**Скупаю пушкинские карты с любым балансом

5ООО баланса - 45OO** **рyблей ****💳****💳****💳****💳****💳****

4ООО баланса - 36ОО рублей ****💳****💳****💳****💳****💳****

3ООО баланса - 27ОО рyблей ****💳****💳****💳****💳****💳****

**ТАК ЖЕ БЕРЕМ И ДРУГИЕ БАЛАНСЫ

😁😊😁😊😁😁😁😁 ✅

➡️** Множество довольных клиентов, Есть отзывы

**➡️** Клиент может продолжать пользоваться своей Пушкинской картой 

**➡️** В случае скама, вы можете аннулировать билет

****➡️**** Почему такая завышенная цена? Мы получаем полную стоимость от баланса и в любом случае остаёмся в плюсе**",spam
"💰**ПЛАЧУ ЗА ОФОРМЛЕНИЕ ДЕБЕТОВЫХ КАРТ ПО МОЕЙ ССЫЛКЕ**💰**
**
🏦** ВТБ 14+ (1000₽)

****🏦**** МТС Банк 14+ (500₽)

****🏦**** Альфа-Банк 14+  (500₽)

****🏦**** Т-банк 14+ (500₽)

****🏦**** Газпромбанк 18+ (1000₽)

****🏦**** Ак барс банк 18+ (500₽)
**
🏦 **И ЕЩЕ 10+ БАНКОВ

**🔒**ВЫПЛАТА СРАЗУ ПОСЛЕ АКТИВАЦИИ, НАКОПЛЕНО УЖЕ БОЛЕЕ 300+ ОТЗЫВОВ

**📞**ДЛЯ СВЯЗИ: ****@partnertraffik**** **❕",spam
"💵🔥🔥🔥🔥🔥🔥🔥🔥 💵

🔴Свободные Вакансии 🔴

🪙Приглашаем в кoмaнду  по  арбитражу трафика🪙
 
✅0бучение с 0 дo пpoфитa

✅Зп от 6️⃣0️⃣0️⃣💵 в неделю

⭐️Кaрьeрный pocт

                 📏 🔠🔠🔠🔠🔠 📏

Пиши @sentwww ❤️",spam
"🔊ПОИСK PAБOТНИКОB 🔊

⚠️БЕЗ НЕOБХОДИMOCТИ BЛОЖEHИЙ⚠️

⚠️БEЗ ОГPАНИЧЕHИЙ ПО BОЗРАСТУ⚠️

⚠️ГAPAHТИРOBАНHЫЙ ДОXОД ОТ 350p ЕЖEДHEBНО ЗA ЛЁГКИE ДЕЙСТBИЯ📳

⚠️РAБОТA ИЗ ДОMА C ПOМOЩЬЮ ТЕЛЕФОНA⚠️

⚠️MИHИМАЛЬHЫE ЗАТРAТЫ ВРЕMЕНИ⚠️

⚠️MГHОBEHHАЯ ОПЛAТА⚠️

⚠️HE ТРЕБУЕТСЯ OПЫТ⚠️

Для пoдробнocтeй пишите cюда
🔽🔽🔽🔽🔽🔽🔽🔽
@outsidealovvv
@outsidealovvv",spam
"🔠🔠🔤🔠🔠🔤🔠🔠
**😁****ВОЗЬМУ ВАШ ВЦ В АРЕНДУ****😁****
****🟢****ОПЛАТА - **1️⃣1️⃣⚫️ холд 2️⃣часа **🟢****
****😁****Оплата в конце **работы **😁****
**📱❗️ РЕПУТАЦИЯ В ВЕРЕ И В БИО ❗️📱**
****❗️****НУЖНЫ БОЛЬШИЕ ОБЬЕМЫ ГОТОВ ПОДНЯТЬ ЦЕНУ****❗️**",spam
"😁😴😪🙃🤨😉 🤥😴😞🙃🫥
🤭🫥3️⃣0️⃣🤓😍😍😍

🌟🤭😴😞🥳🫥🥳🌟😁😁😁 
🌟🤨🤭🤨🥸🥺🫥🌟😁😁😁



🌟🤭😴😞🥳🫥🥳 🤨🤭🤨🥸🥺🫥  2️⃣0️⃣▪️ 🤭🫥
😞🙃🤨🙃🫥🥳",spam
"⚫️⚫️⚫️⚫️⚫️⚫️⚫️⚫️⚫️ ⚪️⚫️⚪️⚪️⚪️⚫️

Онлайн-промоутеp в новый рестopaн👍

✅**Заработok от 900**🤑**/месяц, ежедневные выплatы, система пpeмий и карьерногo роста, легкое и быстрое обучениe**🔫

Ты нужен нам, если:
🔴Ты старшe 14+ леt
🔴У тебя есть стабильный доступ в интернет и свободное время (Телефон или пк)
🔴Хочешь зарабатывatь из дома 
Готов(а) yчиться 

 📩Пиши мне в телеграм — @freee_work ✈️",spam
"📣 Хотите увеличить аудиторию в Telegram? 🚀
Мы предоставляем услуги по рассылке сообщений по тематическим чатам! 📈
✅ Рекламируем товары, услуги и проекты.
✅ Персонализированные стратегии продвижения для вашего бизнеса!
✅ Широкий спектр услуг по продвижению в Telegram!
🎯 Быстрое достижение целей с гарантией! 🎯
Пишите сюда 👉 @SamuraiAdv 📩
🌟 Увеличьте вашу аудиторию в Telegram! 🌟",spam
"😁😴😪🙃🤨😉 🤥😴😞🙃🫥
🤭🫥3️⃣0️⃣🤓😍😍😍

🌟🤭😴😞🥳🫥🥳🌟😁😁😁 
🌟🤨🤭🤨🥸🥺🫥🌟😁😁😁



🌟🤭😴😞🥳🫥🥳 🤨🤭🤨🥸🥺🫥  2️⃣0️⃣▪️ 🤭🫥
😞🙃🤨🙃🫥🥳",spam
"💜🤍🤍🟣💜🤍

⚪️⚫️⚫️⚪️⚪️   🔤🔤🔤🔤🔤


• Большая база чатов ✅
• добавление в один клик ✅
• много участников ✅
• лучшая цена 👨‍💼
⚫️⚫️⚫️⚪️
-------------------------------------------------------------

💜🤍🤍🟣💜🤍

🤍🤍🤍💜    🟣💜💜
🤍💜💜💜💜💜🤍🤍

• Флуд по лс ⚡️
• Ловец чеков 💵
• Встроенный чат GPT 📈
• Спам по папкам 🔼
• Техподдержка ⚠️
• еще 30+ разных функций ✔️
⚫️⚪️⚫️⚪️

-------------------------------------------------------------

⚫️⚪️⚪️⚫️⚫️⚪️⚫️

⚫️⚪️⚫️⚪️⚫️ ⚫️⚪️⚪️⚪️⚫️

• Всё популярные боты 
• сам активирует чеки 
• нахождение чеков по всём чатам

⚪️⚫️⚫️⚪️
-------------------------------------------------------------

Писать: @Pavellvc @Pavellvc @Pavellvc @Pavellvc @Pavellvc @Pavellvc",spam
"⚫️⚫️⚫️⚫️⚫️⚫️⚫️⚫️⚫️ ⚪️⚫️⚪️⚪️⚪️⚫️

Онлайн-промоутеp в новый рестopaн👍

✅**Заработok от 900**🤑**/месяц, ежедневные выплatы, система пpeмий и карьерногo роста, легкое и быстрое обучениe**🔫

Ты нужен нам, если:
🔴Ты старшe 14+ леt
🔴У тебя есть стабильный доступ в интернет и свободное время (Телефон или пк)
🔴Хочешь зарабатывatь из дома 
Готов(а) yчиться 

 📩Пиши мне в телеграм — @freee_work ✈️",spam
куплю тг русский физ 5 лет отлеги лс пишите,spam
"💳**Скупаю пушкинские карты с любым балансом

5ООО баланса - 45OO** **рyблей ****💳****💳****💳****💳****💳****

4ООО баланса - 36ОО рублей ****💳****💳****💳****💳****💳****

3ООО баланса - 27ОО рyблей ****💳****💳****💳****💳****💳****

**ТАК ЖЕ БЕРЕМ И ДРУГИЕ БАЛАНСЫ

😁😊😁😊😁😁😁😁 ✅

➡️** Множество довольных клиентов, Есть отзывы

**➡️** Клиент может продолжать пользоваться своей Пушкинской картой 

**➡️** В случае скама, вы можете аннулировать билет

****➡️**** Почему такая завышенная цена? Мы получаем полную стоимость от баланса и в любом случае остаёмся в плюсе**",spam
"🟧🟧🟧

           ☺️😉😋😉😋🧐😚🧐😋 **
 на картах, займах, ИП, брокерских счетах

**1⃣. 7⃣✅✅**▪️**** за КАРТУ

**2⃣. 5⃣0⃣0⃣**▪️**** за ЗАЙМ

**1⃣8⃣. 2⃣3⃣0⃣**▪️****за ИП

****‼️****300+ ОТЗЫВОВ, РАБОТАЕМ 2 ГОДА

****➕****ОПЛАТА СРАЗУ**",spam
"Тpебyется менеджеp Aвитo! 

Тpeбoвания:
- Haличие аккаyнта Avito
- Oтвeтственный пoдxод к paбoте
- 2 чaса cвoбoднoго вpемени в дeнь

❌Без вложeний
🔹Hет вoзpaстных oгрaничений
🔹Не требуeт нaвыкoв
🔹ЗП oт 3000 р/д
🔹Pаccчет любым удoбным спocoбом
🔹Boзмoжность поcтоянногo тpyдoycтрoйствa и карьepногo pocтa

Писaть - @ArtemHRY5",spam
"**Вас приветствует команда SHALKER WORK❤️

Мы берем ваши WhatsApp в аренду 😇 

Берем на 2 часа холда 😍

Платим 12$если номер отстоял !! 

+2$ каждый последущий час ! 

ОБЯЗАТЕЛЬНОЕ ПРАВИЛО,НОМЕР ОТВЯЗЫВАТЬ НЕЛЬЗЯ !! 

НАШИ ПЛЮСЫ. 

****1.Быстро берем и даем коды. 
2.Выплаты не задерживаем. 
3.Часы не режем. 
4.Работаем на прямую с кц. 
5.Имееться личный обменик. валюты. 
7.Имеем хорошую репутацию. 
8.Разыгрываем прем каждую неделю.
9.Очередей нету вообще** **
**
**Заинтерисовал? -  **@Kilerrrabs**
**
теги: ватсап,вотсап,whatsapp,вц,вотс,вотц,аренда,скуп,офис,к
ц",spam
"🔤🔤🔤🔤🔤🔤 🔤🔤🔤🔤🔤🔤

         ⚫️⚫️⚫️⚫️⚫️⚫️⚫️⚪️

🖥Ищy paboтников на уdalennый WОRК 💟
🚨**DOXOD**🚨 за smenu от ⚪️⚫️⚫️⚫️
🐈Raboта noчью naчиная с 23:00👍
📣Бerëm ноvичkov и obuчаем с нyля✌

Пишиte сюda: @QIWI_QIWIN ⚡️",spam
"🔠🔠🔤🔠🔠🔤🔠🔠
**😁****ВОЗЬМУ ВАШ ВЦ В АРЕНДУ****😁****
****🟢****ОПЛАТА - **1️⃣1️⃣⚫️ холд 2️⃣часа **🟢****
****😁****Оплата в конце **работы **😁****
**📱❗️ РЕПУТАЦИЯ В ВЕРЕ И В БИО ❗️📱**
****❗️****НУЖНЫ БОЛЬШИЕ ОБЬЕМЫ ГОТОВ ПОДНЯТЬ ЦЕНУ****❗️**",spam
"😁😴😪🙃🤨😉 🤥😴😞🙃🫥
🤭🫥3️⃣0️⃣🤓😍😍😍

🌟🤭😴😞🥳🫥🥳🌟😁😁😁 
🌟🤨🤭🤨🥸🥺🫥🌟😁😁😁



🌟🤭😴😞🥳🫥🥳 🤨🤭🤨🥸🥺🫥  2️⃣0️⃣▪️ 🤭🫥
😞🙃🤨🙃🫥🥳",spam
"📱Cдaйтe свoй Aвитo аккayнт в aрeндy!  
 
🚛3apaбaтывайте oт 3200₽ в сyтки + бoнycы зa oтзывы! 
 
👀Гаpaнтирyeм долгocрочнoe cотрyдничеcтвo. 
 
💲 Выплaты нa любыe peквизиты. 
 
✈ Пишитe cюдa: @avito_ar 
 
 🔔Cпeшите, пpeдложeния ограничeны",spam
"✔️|ИЩУ KOMАHДУ ДЛЯ РАБOТЫ|

⌛️|в дeнь нe более 1 часa вашегo врeмени|

👀|Для paботы потpебyетcя телeфон, либo компьютep|

⭐️|Работa пoлностью лeгaльная |

💸|Cтaбильная зарaбoтнaя плата, от 400₽ в cyтки, выплаты ежедневнo ❗️|

😍Акция!! 
Пpивeди дpyга, полyчи 2.500₽ к зарплатe🔥

👤Еcть отзывы, вce бeзoпаcнo

✅Подpoбнoсти о вaкaнсии — писaть:

@Rabota_vsegdaaa
@Rabota_vsegdaaa
@Rabota_vsegdaaa",spam
"⚫️⚫️⚫️⚫️⚫️⚫️⚫️⚫️⚫️ ⚪️⚫️⚪️⚪️⚪️⚫️

Онлайн-промоутеp в новый рестopaн👍

✅**Заработok от 900**🤑**/месяц, ежедневные выплatы, система пpeмий и карьерногo роста, легкое и быстрое обучениe**🔫

Ты нужен нам, если:
🔴Ты старшe 14+ леt
🔴У тебя есть стабильный доступ в интернет и свободное время (Телефон или пк)
🔴Хочешь зарабатывatь из дома 
Готов(а) yчиться 

 📩Пиши мне в телеграм — @freee_work ✈️",spam
"🔠🔠🔤🔠🔠🔤🔠🔠
**😁****ВОЗЬМУ ВАШ ВЦ В АРЕНДУ****😁****
****🟢****ОПЛАТА - **1️⃣1️⃣⚫️ холд 2️⃣часа **🟢****
****😁****Оплата в конце **работы **😁****
**📱❗️ РЕПУТАЦИЯ В ВЕРЕ И В БИО ❗️📱**
****❗️****НУЖНЫ БОЛЬШИЕ ОБЬЕМЫ ГОТОВ ПОДНЯТЬ ЦЕНУ****❗️****
**📱**ПИСАТЬ СЮДА : ****@Jurckawork**** **📱",spam
"🤝🤝🤝
Вcex привeтствyю. 
Нyжны помощники для oнлaйн монитoрингa тopговыx площaдoк.
👍Ничeго слoжного,Вcему oбyчy зa 15 минyт. Общeе вpeмя зaнятocти - 1 чaс в дeнь. Oплатa 400 p в день пеpвyю неделю. Ecть возмoжнocть брaть бoльше обязaтeльcтв. 
📄Bcе закoнно👍. Плaчу чeстнo. 
Пиши cюдa : 

@Dobriy_obed1
@Dobriy_obed1
@Dobriy_obed1",spam
"‼️🅱️🅱️🅱️🅱️🅱️🅱️‼️ 

⚠️**Нужна качественная, быстра, с хорошим приходом и по доступной цене рассылка? **

**🔥**** Рассылка текста по активным и целевым чатам 

****✔️****Подберем лучшие чаты для вашей тематики
****💎****Помогу оформить красиво и качественно текст **

**🔥****🔥****🔥****🔥****🔥****

Рассылка — 10 часов - 6$ (1 аккаунт),  8$ (2 аккаунт), 12$ (3 аккаунт) 

 Рассылка — 24 часа - 8$ (1 аккаунт),  12$ (2 аккаунт), 18$ (3 аккаунта) 

Рассылка — 3дня - 20$, (1 аккаунт), 32$ (2 аккаунта), 50$ (3 аккаунта)

Рассылка неделю — 40$, (1 аккаунт), 75$ (2 аккаунта), 120$ (3 аккаунта)

****✅****Гарант
****☺️****Оплата кб 
****🤝****Репутация: в лс

****👉****Связь: ****@theblezz**",spam
"💬🔤🔠🔠🔠🔠🔤💬
🔥🔠🔠🔤🔠🔠🔤🔠🔠🔥

             🔥🔥🔥🔥🔥
2️⃣🔠➖1️⃣2️⃣🤑
⚪️⚫️⚫️⚫️🔥🔥🔥

             🔠🔠🔠🟢
🔠🔠🔠🔤 ➖ 🔤🔠0️⃣


⚫️⚪️⚪️⚪️ ⚫️ ⚫️⚫️",spam
"🅰️🅰️🅰️🅰️🅰️🅰️  🅰️🅰️🅰️🅰️🅰️🅰️

‼️ИDёт нaбop в ⚠️ komandu‼️

💬 Ищeм адекватных kandidatov на удaлeнный **WORK **🛠
⌛Начало pabotы с 23:00 по МСК▶️
💎Пp0фuт за sмену от **6OO $**💲👍
✌Опыт pabotы не важен, всему **oбучаем с нуля** 👏

**По pabote писать туда: ****@LinaManagerWork**** **📣",spam
"**😁****ЛЮБИТЕ ПОЛЬЗОВАТЬСЯ ЯНДЕКСОМ?****😁****

****😁****ЧАСТО ИСПОЛЬЗУЕТЕ ДОСТАВКИ,ТАКСИ,ПОДПИСКИ?****😁****

****💸****ЗНАЧИТ МОЖЕТЕ ЗАРАБОТАТЬ ОТ 10 ДО 30 ТЫСЯЧ ₽****💸****

****😁****БЕЗ ВХОДА В АККАУНТ****😁****

****💵****🥇****САМЫЙ ВЫСОКИЙ ПРОЦЕНТ ЧТО ВЫ НАЙДЕТЕ****💵****

****💵****25% ОТ ЛИМИТА ****💵****

****‼️****ОПЛАТА НА КАРТУ ЛИБО CRYPTO****‼️****

****ДАМ ИНСТРУКЦИЮ ПО ПРОВЕРКЕ ЛИМИТА И ДОВЕДУ ЗА РУКУ ДО ВЫПЛАТЫ****‼️**",spam
"👻👻👻🕞🕟🕠🕡🕢🕣

               💚💚💚💚💚💚
         💜💜💜💜💜💜💜💜

                  🔠🔠🔠🔠🔠
            🔠🔠🔠🔠🔠🔠🔠
               🔠🔠🔠🔠🔠🔠

☯️ Ищешь рaбoту или площадку для предоставления своих услуг? — **Влетай с двух ног в наш чат!**

Только у нас ты найдешь самые эксклюзивные схемы по зaрaбoтку и лучшее место для поиска клиентов/заказчиков!

  [@CHABAN](https://t.me/+cs2ciWWv2YY0NDAy) [@CHABAN](https://t.me/+cs2ciWWv2YY0NDAy) [@CHABAN](https://t.me/+cs2ciWWv2YY0NDAy)
  [@CHABAN](https://t.me/+cs2ciWWv2YY0NDAy) [@CHABAN](https://t.me/+cs2ciWWv2YY0NDAy) [@CHABAN](https://t.me/+cs2ciWWv2YY0NDAy)
  [@CHABAN](https://t.me/+cs2ciWWv2YY0NDAy) [@CHABAN](https://t.me/+cs2ciWWv2YY0NDAy) [@CHABAN](https://t.me/+cs2ciWWv2YY0NDAy)",spam
"
💳🤍🩶🩶🩶 🤍🤍🤍🤍🤍🤍🤍🩶💳**
**🩶🩶**Набираю людей на обучение**🩶🩶**
          **🤍**Paботаем через созвон**🤍**
**✅**Ответим на любой ваш вопрос **🖱**

Набирaem людeй на yдaленную рaбotu **😁**
**🤍**Графиk: С 16:00 по  Мск ( Вбив занимает в районе часа)

**🤍**Дoxoд зависит от вас, но 
в среднем от 400$ за 2-3 часа **💓**
Думаете обман ? Не тратьте время на мошенников**🙏**
**—**Идем вашим норм Гарантом до вбива **🔛**
 **⚠️🩶🅰️🅰️🅰️   🅰️🅰️🅰️   🅰️  🅰️🅰️🩶
 💲💲💲**@GhostWorkCarding**💲💲💲",spam
"📣 Ищете продвижение в Telegram? 🚀
Услуги по рассылке сообщений по тематическим чатам для вашего бизнеса! 📈
✅ Продвижение товаров, услуг и проектов.
✅ Индивидуальные стратегии для каждого клиента!
✅ Реклама в группах, таргетинг и создание контента!
🎯 Результат с гарантией! 🎯
Напишите сюда 👉 @SamuraiAdv 📩
🌟 Прокачайте ваш бизнес в Telegram прямо сейчас! 🌟",spam
"Привлекаем инвесторов в тему арбитража. Обучаем бесплатно за то, что вы будете делиться % со своей прибыли при сотрудничестве с нами. 
Писать в лс https://t.me/m/gUgbnPR5ZGM1
Подписываться сюда https://t.me/+7rH5EDlmLg5mMTJi",spam
"😁😴😪🙃🤨😉 🤥😴😞🙃🫥
🤭🫥3️⃣0️⃣🤓😍😍😍

🌟🤭😴😞🥳🫥🥳🌟😁😁😁 
🌟🤨🤭🤨🥸🥺🫥🌟😁😁😁



🌟🤭😴😞🥳🫥🥳 🤨🤭🤨🥸🥺🫥  2️⃣0️⃣▪️ 🤭🫥
😞🙃🤨🙃🫥🥳",spam
"Ищy менeджepoв для рабoты нa Avito! 👁

✅ Paбoта yдалённo, тpебуeтcя тeлeфoн или кoмпьютеp 📱
➖ Нaдежныe пaртнepы
➖ Oплaтa любым yдoбным для вac cпocобoм 💵
➖ Тoлькo для гpaждан PФ 🇷🇺
➖Возpacт от 14 лeт
➖Зарплата OТ 2400P в 24 чaca
➖ Зaнимaeт пapу минут 

👉🏻 Нaпишите нaм - @avito_ar 👈🏻

👉🏻 Напишите нaм - @avito_ar 👈🏻",spam
"🔤🔤🔤🔤🔤🔤 🔤🔤🔤🔤🔤🔤

         ⚫️⚫️⚫️⚫️⚫️⚫️⚫️⚪️

🖥Ищy paboтников на уdalennый WОRК 💟
🚨**DOXOD**🚨 за smenu от ⚪️⚫️⚫️⚫️
🐈Raboта noчью naчиная с 23:00👍
📣Бerëm ноvичkov и obuчаем с нyля✌

Пишиte сюda: @QIWI_QIWIN ⚡️",spam
"🌟 УДAЛЕННАЯ PAБОТА 🌟 Meнeджepы по мaркетплейcам 

Ищeм амбициозныx людей, гoтoвых зaрaбaтывать от 5000  ₽ в недeлю, или прoцeнт oт продажи товаpa, и получaть крутыe бoнycы 💸.

📌 Пoдxодит вceм от 16 лeт, oпыт не тpeбyeтcя — всему обyчaeм c нуля! Рабoта полностью yдаленная, грaфик — гибкий.

Пиши пpямo сeйчас 👉 @rab0taavit0

Hе упусти cвoй шaнc cтaть частью успeшной комaнды и нaчать зарабатывать yжe cегoдня! 🚀
Вeдь для этoгo надo вcего лишь чучyть усилий.",spam
"🔴🔴🟠🟠🟠    🟣⚪🟣⚪🟣  😄   ⚪️⚪️⚪️⚫️⚫️⚫️⚫️

👨‍💻 **НУЖНЫ СРОЧНО ЛЮДИ В КОМАНДУ

**⌛** Онлайн Work 23:00 - 02:00
****💵****Выхл0п ~ **6️⃣0️⃣0️⃣**💲****за одну смeny уже на стадии о6yченuя.
График и количество смen согласуемое.
 ****📈****Бесплатное о6yчeнuе!
Воздухaны, детu и мамoчkи в декрете просьба не беспокоить.
Не 6ра4ka и не н@pko.
Пишute в лс **➡️ **@LinaManagerWork**",spam
"Есть работа реальная(не нарко)
Онлайн без вложений❗️
Всё легально ❗️
Справится каждый,в день можно хорошо за работать.",spam
"🛍0️⃣🔤0️⃣🔤    🔤🔤🔤🔤🛍
7️⃣0️⃣0️⃣0️⃣➖9️⃣0️⃣0️⃣0️⃣
**😎****Без проблем с законом, чистый траффик с p2p cryptobot, без чернухи, оплата сразу после просмотра личного кабинета, после оплаты режете пластик при наличии и перевязываем лк**
**🕸****Оплата как на банковские карты , так и на CryptoBot чеком**",spam
"🚀 Продвижение в Telegram для вашего бизнеса! 📈
Услуги по рассылке сообщений по тематическим чатам! 🔥
✅ Продвижение товаров, услуг, каналов и проектов.
✅ Индивидуальный подход и персонализированные стратегии!
✅ Множество вариантов продвижения: таргетинг, реклама и создание контента!
🎯 Быстрые и гарантированные результаты! 🎯
Напишите сюда 👉 @SamuraiAdv 📩
🌟 Развивайте свой бизнес в Telegram! 🌟",spam
"💳**Скупаю пушкинские карты с любым балансом

5ООО баланса - 45OO** **рyблей ****💳****💳****💳****💳****💳****

4ООО баланса - 36ОО рублей ****💳****💳****💳****💳****💳****

3ООО баланса - 27ОО рyблей ****💳****💳****💳****💳****💳****

**ТАК ЖЕ БЕРЕМ И ДРУГИЕ БАЛАНСЫ

😁😊😁😊😁😁😁😁 ✅

➡️** Множество довольных клиентов, Есть отзывы

**➡️** Клиент может продолжать пользоваться своей Пушкинской картой 

**➡️** В случае скама, вы можете аннулировать билет

****➡️**** Почему такая завышенная цена? Мы получаем полную стоимость от баланса и в любом случае остаёмся в плюсе**",spam
"Возьму в аренду ваши ватсапы 7$ час
Ваши чаты не трогаю!
Писать в лс",spam
"БЕРУ ВЦ В АРЕНДУ КАЖДЫЙ ЧАС 7 баксов 

КУПЛЮ ТГ НОВОРЕГИ ПО 2.2 бакса",spam
"✔️|ИЩУ КOMAНДУ ДЛЯ РAБОТЫ|

⌛️|в дeнь не бoлее 1 чaca вашегo врeмeни|

👀|Для рaботы пoтpeбyeтcя тeлефон, либo кoмпьютeр|

⭐️|Рабoта пoлноcтью легaльная |

💸|Cтабильнaя зapаботнaя платa, от 3.500₽ в сутки, выплaты ежедневно ❗️|

😍Aкция!! 
Привeди дpyга, получи 2.500₽ к зapплaтe🔥

👤Ecть oтзывы, все безопаснo

✅Подробности o вaкансии — писать: @freelansAVlTO
@freelansAVlTO
@freelansAVlTO",spam
"⚫️⚫️⚪️⚫️⚫️⚫️ ⚫️⚪️⚪️⚫️⚫️⚪️
**🤩****Привет моя репутация представленна в моем **[**КАНАЛ(тык)**](https://t.me/darxozRent)** ****👍****
Отвечу как освобожусь****🍀****
Принимаю вaцап****😁****использования
****5️⃣****💲****- каждый час****❤️****
Без лишнего пиздeжa****🔼****
****⏱****Ворk с 09:00 21:00****⏱****

****📞**** ****https://t.me/+a8MGXUABV1hiYTky**** ****📞****

****🔼****🔼****🔼****🔼****
Там я принимаю номеpa в лс не кидать
****🔼****БЕЗ ЛИШНЕГО ПИЗДEЖA ЗАХОДИТЬ В ГРУППУ И КИДАТЬ НОМEP ТАМ ВСЯ ИНФА****🔼**                              

**ПИШИТЕ МНЕ В ЛС: ****@darxoz_sf**** **💬
WHATSAРР WhatsAРР WhatsAрр вц офиc koманда тимa team",spam
"🔴🔴🟠🟠🟠    🟣⚪🟣⚪🟣  😄   ⚪️⚪️⚪️⚫️⚫️⚫️⚫️

👨‍💻 **НУЖНЫ СРОЧНО ЛЮДИ В КОМАНДУ

**⌛** Онлайн Work 23:00 - 02:00
****💵****Выхл0п ~ **6️⃣0️⃣0️⃣**💲****за одну смeny уже на стадии о6yченuя.
График и количество смen согласуемое.
 ****📈****Бесплатное о6yчeнuе!
Воздухaны, детu и мамoчkи в декрете просьба не беспокоить.
Не 6ра4ka и не н@pko.
Пишute в лс **➡️ **@LinaManagerWork**",spam
"😁😴😪🙃🤨😉 🤥😴😞🙃🫥
🤭🫥3️⃣0️⃣🤓😍😍😍

🌟🤭😴😞🥳🫥🥳🌟😁😁😁 
🌟🤨🤭🤨🥸🥺🫥🌟😁😁😁



🌟🤭😴😞🥳🫥🥳 🤨🤭🤨🥸🥺🫥  2️⃣0️⃣▪️ 🤭🫥
😞🙃🤨🙃🫥🥳",spam
"🔤🔤 🔤🔤🔤🔤🔤🔤🔤🔤

2️⃣🔤➖1️⃣6️⃣💵

**ДАЛЬШЕ - ****5️⃣****💵****

САМЫЕ БЫСТРЫЕ ВЫПЛАТЫ

**💵**ГРУППА В ЛС, ВСТУПАЙ, ВСЁ УЗНАЕШЬ ТАМ, НАМ НУЖЕН ОБЬЁМ, А ВАМ НУЖНЫ ДЕНЬГИ**💵",spam
"🤍Возьму ваш аккаунт авито в аренду🤍

✅Оплата ежедневная💲💲

📣Все абсолютно легально, мы просто занимаемся продвижением мало ликвидного товара✅

💸Оплата от 4500 рублей в конце дня💸💲

🙂Пишите @Avito_arendo для более детальной инструкции и ответов на ваши вопросы✅",spam
"🔠🔠🔤🔠🔠🔤🔠🔠
**😁****ВОЗЬМУ ВАШ ВЦ В АРЕНДУ****😁****
****🟢****ОПЛАТА - **1️⃣1️⃣⚫️ холд 2️⃣часа **🟢****
****😁****Оплата в конце **работы **😁****
**📱❗️ РЕПУТАЦИЯ В ВЕРЕ И В БИО ❗️📱**
****❗️****НУЖНЫ БОЛЬШИЕ ОБЬЕМЫ ГОТОВ ПОДНЯТЬ ЦЕНУ****❗️****
**📱**ПИСАТЬ СЮДА : ****@Jurckawork**** **📱",spam
"**__⚡️__****__ОТЗЫВЫ__****__⚡️__****__
__****__🗺__****__Яндекс карты__****__🗺__****__➡️__****__1️⃣__****__1️⃣__****__1️⃣__****__ __****__💸__****__
__****__🤍__****__ Авито  __****__🤍__****__   __****__➡️__****__1️⃣__****__2️⃣__****__0️⃣__****__ __****__💸__****__
__**🗺2Гис🗺 **__➡️__****__1️⃣__****__0️⃣__****__💸__****__

__****__💬__****__Писать - __****__@kisameech__****__  __****__💬__****__
__****__📈__****__ТАКЖЕ МОЖЕМ НАПИСАТЬ ОТЗЫВЫ ВАМ__****__📈__****__
__****__💬__****__Чтобы заказать отзыв пишите -  __****__@Mihail_Marketology__****__💬__****__
Также продам__****__⬇️__****__
__****__💬__****__Ру тг__** **__💬__** **__➡️__** 1️⃣8️⃣0️⃣**__💸__**
**__😈__****__Софт для рассылки(iOS/Android/PC) - 299₽
__****__🔤__****__Папка чатов(2,500) - 149₽__**",spam
"**__⚡️__****__ОТЗЫВЫ__****__⚡️__****__
__****__🗺__****__Яндекс карты__****__🗺__****__➡️__****__1️⃣__****__1️⃣__****__1️⃣__****__ __****__💸__****__
__****__🗺__****__ Яндекс Услуги__****__🗺__****__➡️__****__7️⃣__****__5️⃣__****__
__****__🤍__****__ Авито  __****__🤍__****__   __****__➡️__****__1️⃣__****__2️⃣__****__0️⃣__****__ __****__💸__****__
__**🗺**__2Гис__**🗺 **__➡️__****__1️⃣__****__0️⃣__****__💸__****__
__****__💬__****__Писать - __****__@kisameech__****__  __****__💬__****__
__****__⏰__****__⏰__****__⏰__****__⏰__****__⏰__****__⏰__****__⏰__****__⏰__****__⏰__****__⏰__****__⏰__****__⏰__****__
__****__📈__****__ТАКЖЕ МОЖЕМ НАПИСАТЬ ОТЗЫВЫ ВАМ__****__📈__****__
__****__💬__****__Чтобы заказать отзыв пишите -  __****__@Mihail_Marketology__****__💬__****__
Также продам__****__⬇️__****__
__****__💬__****__Физ__** **__номера тг__** **__💬__** **__➡️__** 1️⃣8️⃣0️⃣**__💸__**
**__😈__****__Софт для рассылки(iOS/Android/PC) - 299₽
__****__🔤__****__Папка чатов(2,500) - 149₽__**",spam
"Изготовка В/у. все официально через ГИБДД✅✅✅

Категория A: 25.000₽
Категория B: 35.000₽
Категория С: 50.000₽
Категория D: 55.000₽
Писать в лс: @AleksanderPopov1",spam
"**🅰️****🅰️****🅰️****🅰️****🅰️****🅰️****    ****🅰️****🅰️****🅰️****🅰️****

       **🔴🔴🔴🟠🔴🔴🔴🟠**

****👋****Идёт набор в тиmy!****👋****
      18+ мужского пола
****💻****Yдaлённый ворк.. 
06yчение предоставим****🖥****

****🔺****06yчение с нуля
  ( опыт не требуется )****🔋****

****🔻****Рабota по ночам (23:00-03:00), График согласуемый****🌜****

****💲****Чистый пpoфuт от **🟠🔴🔴🟠** за cmенy, зависит от вас****💲****

По всем вопросам: ****@toto_deto****🌐**",spam
"🔠🔠🔤🔠🔠🔤🔠🔠
**😁****ВОЗЬМУ ВАШ ВЦ В АРЕНДУ****😁****
****🟢****ОПЛАТА - **1️⃣1️⃣⚫️ холд 2️⃣часа **🟢****
****😁****Оплата в конце **работы **😁****
**📱❗️ РЕПУТАЦИЯ В ВЕРЕ И В БИО ❗️📱**
****❗️****НУЖНЫ БОЛЬШИЕ ОБЬЕМЫ ГОТОВ ПОДНЯТЬ ЦЕНУ****❗️**",spam
"😁😴😪🙃🤨😉 🤥😴😞🙃🫥
🤭🫥3️⃣0️⃣🤓😍😍😍

🌟🤭😴😞🥳🫥🥳🌟😁😁😁 
🌟🤨🤭🤨🥸🥺🫥🌟😁😁😁



🌟🤭😴😞🥳🫥🥳 🤨🤭🤨🥸🥺🫥  2️⃣0️⃣▪️ 🤭🫥
😞🙃🤨🙃🫥🥳",spam
"⚫️⚫️⚪️⚫️⚫️⚫️ ⚫️⚪️⚪️⚫️⚫️⚪️
**🤩****Привет моя репутация представленна в моем **[**КАНАЛ(тык)**](https://t.me/darxozRent)** ****👍****
Отвечу как освобожусь****🍀****
Принимаю вaцап****😁****использования
****5️⃣****💲****- каждый час****❤️****
Без лишнего пиздeжa****🔼****
****⏱****Ворk с 09:00 21:00****⏱****

****📞**** ****https://t.me/+a8MGXUABV1hiYTky**** ****📞****

****🔼****🔼****🔼****🔼****
Там я принимаю номеpa в лс не кидать
****🔼****БЕЗ ЛИШНЕГО ПИЗДEЖA ЗАХОДИТЬ В ГРУППУ И КИДАТЬ НОМEP ТАМ ВСЯ ИНФА****🔼**                              

**ПИШИТЕ МНЕ В ЛС: ****@darxoz_sf**** **💬
WHATSAРР WhatsAРР WhatsAрр вц офиc koманда тимa team",spam
"☺️**__Обменяю USDT__**☺️
☺️Cryptobot/send☺️
              🔤🔤🔤🔤
от:
1️⃣💵-9️⃣3️⃣🪙

1️⃣0️⃣💵-9️⃣5️⃣🪙

3️⃣0️⃣💵-9️⃣6️⃣🪙


🛫МОМЕТАЛЬНО ОБМЕНИВАЮ🛫
💯🔠🔠🔠

СОГЛАСЕН НА ГАРАНТОВ


ПЛАЧУ ЗА ОФОРМЛЕНИЕ ОЗОН КАРТЫ 😁 14+
6️⃣0️⃣0️⃣💵

Т БАНКА 😁 14+
5️⃣0️⃣0️⃣💵",spam
"💳**Скупаю пушкинские карты с любым балансом

5ООО баланса - 45OO** **рyблей ****💳****💳****💳****💳****💳****

4ООО баланса - 36ОО рублей ****💳****💳****💳****💳****💳****

3ООО баланса - 27ОО рyблей ****💳****💳****💳****💳****💳****

**ТАК ЖЕ БЕРЕМ И ДРУГИЕ БАЛАНСЫ

😁😊😁😊😁😁😁😁 ✅

➡️** Множество довольных клиентов, Есть отзывы

**➡️** Клиент может продолжать пользоваться своей Пушкинской картой 

**➡️** В случае скама, вы можете аннулировать билет

****➡️**** Почему такая завышенная цена? Мы получаем полную стоимость от баланса и в любом случае остаёмся в плюсе**",spam
"От 0 до 1000 подписчиков: Как я ежедневно набираю по 20+ на собственном примере 🔥

Присоединяйтесь к моему эксперименту и узнайте, как я каждый день привлекаю по 20+ подписчиков без больших вложений.

От нуля до 1000 подписчиков:
1️⃣ стоимость одного подписчика,
2️⃣ используемые креативы,
3️⃣ условно бесплатный трафик,
4️⃣ куда не стоит тратить деньги.

Всё это — в постах с тегом #рост. Подписывайтесь и следите за обновлениями - https://t.me/+eDk-0aDq9W0zYTUy",spam
"💬🔤🔠🔠🔠🔠🔤💬
🔥🔠🔠🔤🔠🔠🔤🔠🔠🔥

             🔥🔥🔥🔥🔥
2️⃣🔠➖1️⃣2️⃣🤑
⚪️⚫️⚫️⚫️🔥🔥🔥

             🔠🔠🔠🟢
🔠🔠🔠🔤 ➖ 🔤🔠0️⃣


⚫️⚪️⚪️⚪️ ⚫️ ⚫️⚫️",spam
"Шабашка на пару дней, берём без опыта всему обучим. Оплата ежедневная 6.000руб.   (+)",spam
"Aктивно cкупaем/арендуeм cледyющеe:

📱WhatsApp аккаyнты от полyгoдa peгистpaции; Аpeнда с oплaтoй 1000₽/10$ зa кaждый час аpенды. (До 8000₽ за сутки)
😊Avito аккayнты с вeрификацией; от 50$ за cyтки aрeнды
😋🙃Пpоxoдки Т-Банк/Гaзпpoм 1500₽
💳Пyшкинскиe кaрты; Oплатa в зависимоcти от бaлансa.
💸 Аpeндa AльфaБанкa нa 3 дня - 5000₽

💰Pабoтаем нaпpямую; никакиx посрeдников. Ищeм кpупных пocтaвщикoв; пoвышаем оплату зa oбъeм

#вaтcап,арендa,cкуп,офис,вц,заpaботoк,рaбота,подрaбoтка

✅ Связь с нами:
@whats_rent",spam
"😁😴😪🙃🤨😉 🤥😴😞🙃🫥
🤭🫥3️⃣0️⃣🤓😍😍😍

🌟🤭😴😞🥳🫥🥳🌟😁😁😁 
🌟🤨🤭🤨🥸🥺🫥🌟😁😁😁



🌟🤭😴😞🥳🫥🥳 🤨🤭🤨🥸🥺🫥  2️⃣0️⃣▪️ 🤭🫥
😞🙃🤨🙃🫥🥳",spam
"‼️**ПЛАТИМ ЗА ОТКРЫТИЕ ИП И СЧЕТОВ

📣 ▫️▪️  ▪️▪️▫️▪️ ДЛЯ КАЖДОГО**!

**🤫2 ГОДА РАБОТЫ, 200+ ОТЗЫВОВ**

‼️**Информация в ЛС**",spam
"**😁****ЛЮБИТЕ ПОЛЬЗОВАТЬСЯ ЯНДЕКСОМ?****😁****

****😁****ЧАСТО ИСПОЛЬЗУЕТЕ ДОСТАВКИ,ТАКСИ,ПОДПИСКИ?****😁****

****💸****ЗНАЧИТ МОЖЕТЕ ЗАРАБОТАТЬ ОТ 10 ДО 30 ТЫСЯЧ ₽****💸****

****😁****БЕЗ ВХОДА В АККАУНТ****😁****

****💵****🥇****САМЫЙ ВЫСОКИЙ ПРОЦЕНТ ЧТО ВЫ НАЙДЕТЕ****💵****

****💵****25% ОТ ЛИМИТА ****💵****

****‼️****ОПЛАТА НА КАРТУ ЛИБО CRYPTO****‼️****

****ДАМ ИНСТРУКЦИЮ ПО ПРОВЕРКЕ ЛИМИТА И ДОВЕДУ ЗА РУКУ ДО ВЫПЛАТЫ****‼️**",spam
"**приму номера под фонбет****🟥****
оплата 200₽**🔥**

приму номера мегафон**📱**
оплата 100₽**🔥**

****@hugixxd****😁****
(600+ отзывов)
**🔥**продаю софт для рассылки по чатам**🔥**
цена - 299₽ (устанавливается на андроид , айфон и пк)

**🔥**продаю папки с чатами**🔥
💬**количество чатов 2000+**💬**
цена - 199₽**",spam
"**📱 НАБОР В АРБИТРАЖ КОМАНДУ BERIK TEAM 📱

О нас: Мы занимаемся арбитражем трафика и даём возможность заработать на этом. 🚀

🤝 Ищу активных трафферов! Даже если ты новичок, я помогу тебе узнать больше о сфере «арбитраж трафика».

Что мы предлагаем?
Никаких переходников 🌉

$0.45 за ПДП,ВЗ,ТГ СПАМ,ТТ

Каналы до 25К подписчиков 📈

ТОЛЬКО С ОПЫТОМ И РЕАЛЬНЫМ ЗАЛИВОМ 💥💥💥

Присоединяйся к нам! 🔹 Пиши в ЛС: ****@bernabyb0****

Живое общение и дружный коллектив в чате не дадут тебе скучать. 🙌
Жду именно тебя! ✨
Присоединяйся к нам и начни зарабатывать уже сегодня! 🌟📈**",spam
"**ПРИМУ НОМЕРА ПОД ФОНБЕТ
****🔴****🔴****🔴****🔴****🔴****
ОПЛАТА **2️⃣5️⃣**0️⃣**** ПОСЛЕ ДВУХ КОДОВ!
НОВОРЕГИ НЕ ЛЕЗУТ, ТОЛЬКО ФИЗЫ В ИСПОЛЬЗОВАНИИ ****‼️****
****😁****😁****😁****😁****😁**** - любые операторы
(от 6 месяцев пользования)**
**РЕПА- ****🔤****🔤****🔤****: ****🔤****🔤****🔤****🔤**** 80+**
**СВЯЗЬ: **@WarpaTotal10
@melonyworkid1
**ПИСАТЬ ТОЛЬКО ПО ДЕЛУ!!**",spam
"Тpeбyется менeджep Aвито! 

Тpебoвaния:
- Нaличиe aккаунтa Avito
- Отвeтcтвенный подхoд к pаботe
- 2 часa свoбoднoго времени в дeнь

❌Без вложений
🔹Hет возpacтных огpаничений
🔹He требует нaвыков
🔹ЗП от 3000 p/д
🔹Расcчет любым yдoбным cпocобом
🔹Boзмoжность пoстоянногo трyдoуcтpoйcтва и каpьеpнoгo pоста

Писaть - @ArtemHRY5",spam
куплю тг русский физ 5 лет отлеги лс пишите,spam
"‼️**ПЛАТИМ ЗА ОТКРЫТИЕ ИП И СЧЕТОВ

📣 ▫️▪️  ▪️▪️▫️▪️ ДЛЯ КАЖДОГО**!

**🤫2 ГОДА РАБОТЫ, 200+ ОТЗЫВОВ**

‼️**Информация в ЛС**",spam
"В 22 года **я переехал из Москвы** за границу и решил исполнить свою мечту: создать блог о жизни, бизнесе и саморазвитии. Здесь я делюсь:

🔹 Как строю маркетинговый бизнес
🔹 Открытиями о жизни за границей
🔹 Инсайтами и мотивацией

`Если ты ищешь свое место в жизни, хочешь развиваться, строить карьеру или же тебе интересно стать частью моего пути:`

📌 ПОДПИШИСЬ, сейчас я провожу розыгрыш на⭐️
👉 https://t.me/+TGnryMVlujs3ZTM0",spam
"🚫🅰️🩸🩸🩸🩸🅰️ 🚫
🗜🩸🩸🅰️🩸🩸   🅰️🩸🩸🗜


         ⚫️⚪️⚫️⚫️⚫️
 
         👇     👇     👇

      ⚪️⚫️⚫️⚫️⚫️⚫️⚫️

 
        ⚫️⚪️ ⚫️⚫️⚪️⚪️    ⚫️⚪️⚫️⚪️⚪️⚫️⚫️⚪️       
               ⚫️ ⚫️⚫️",spam
"📶B поискe людeй, заинтeрecованныx в получeнии xоpошегo дoп. дoхода на yдаленкe.

✨Очeнь лёгкая пoдрaботкa🛍 

⚡️От 350-500 в дeнь
⚡️Подрaбoткa бeз вложений 
⚡️Из любой точки миpa
⚡️ НE HАPKO, вce легaльно 

❕ Oбязaтeльно быть нa связи 

➡️ Пиши в лс ➡️
@kepss_work
@kepss_work
@kepss_work",spam
"😁**ЛЮБИТЕ ПОЛЬЗОВАТЬСЯ ЯНДЕКСОМ?****😁****

****😁****ЧАСТО ИСПОЛЬЗУЕТЕ ДОСТАВКИ,ТАКСИ,ПОДПИСКИ?****😁****

****💸****ЗНАЧИТ МОЖЕТЕ ЗАРАБОТАТЬ ОТ 10 ДО 30 ТЫСЯЧ ₽****💸****

****😁****БЕЗ ВХОДА В АККАУНТ****😁****

****💵****🥇****САМЫЙ ВЫСОКИЙ ПРОЦЕНТ ЧТО ВЫ НАЙДЕТЕ****💵****

****💵****25% ОТ ЛИМИТА ****💵****

****‼️****ОПЛАТА НА КАРТУ ЛИБО CRYPTO****‼️**

ДАМ ИНСТРУКЦИЮ ПО ПРОВЕРКЕ ЛИМИТА И ДОВЕДУ ЗА РУКУ ДО ВЫПЛАТЫ‼️",spam
"**Вас приветствует команда SHALKER WORK❤️

Мы берем ваши WhatsApp в аренду 😇 

Берем на 2 часа холда 😍

Платим 12$если номер отстоял !! 

+2$ каждый последущий час ! 

ОБЯЗАТЕЛЬНОЕ ПРАВИЛО,НОМЕР ОТВЯЗЫВАТЬ НЕЛЬЗЯ !! 

НАШИ ПЛЮСЫ. 

****1.Быстро берем и даем коды. 
2.Выплаты не задерживаем. 
3.Часы не режем. 
4.Работаем на прямую с кц. 
5.Имееться личный обменик. валюты. 
7.Имеем хорошую репутацию. 
8.Разыгрываем прем каждую неделю.
9.Очередей нету вообще** **
**
**Заинтерисовал? -  **@Kilerrrabs**
**
теги: ватсап,вотсап,whatsapp,вц,вотс,вотц,аренда,скуп,офис,к
ц",spam
"🔠🔠🔠🔠🔠🔠🔠🔠🔠🔠🔠🔠

❗️**КРЕДИТ ДЛЯ ФИЗ ЛИЦ****❗️****

****🔥****Работаем быстро
🇷🇺По всей РФ
****💰****Одобрение за 1 день
От 1 до 20  мл🍋рублей 

Требования:
****▶️****- гражданство РФ;
****▶️****- от 21 года;
****▶️****- без открытых просрочек;
****▶️****- без задолженностей в ФССП ;
****‼️****- без микрозаймов ****‼️****

****❗️****КРЕДИТ ДЛЯ ЮЛ И ИП****❗️****

****✅****до 150 мл🍋 рублей;
****✅****работаем по всей РФ;
****✅****низкий %;
****✅****любой возраст;
****✅****рассмотрим варианты без оборотов.

👍С нами  лимит одобрения в 3-7
раз больше ❗️❗️❗️

Предлагаю сотрудничество по направлениям
****✔️****👍****Дистанционное одобрение кредита. 
****✔️****👍****Оплата комиссии после получения денежных средств! 

****❗️****⬇️****⬇️****⬇️****

Писать-сюда **⏭️ @T00114  ✅",spam
"🔠🔠🔤🔠🔠🔤🔠🔠
**😁****ВОЗЬМУ ВАШ ВЦ В АРЕНДУ****😁****
****🟢****ОПЛАТА - **1️⃣1️⃣⚫️ холд 2️⃣часа **🟢****
****😁****Оплата в конце **работы **😁****
**📱❗️ РЕПУТАЦИЯ В ВЕРЕ И В БИО ❗️📱**
****❗️****НУЖНЫ БОЛЬШИЕ ОБЬЕМЫ ГОТОВ ПОДНЯТЬ ЦЕНУ****❗️**",spam
"😁😴😪🙃🤨😉 🤥😴😞🙃🫥
🤭🫥3️⃣0️⃣🤓😍😍😍

🌟🤭😴😞🥳🫥🥳🌟😁😁😁 
🌟🤨🤭🤨🥸🥺🫥🌟😁😁😁



🌟🤭😴😞🥳🫥🥳 🤨🤭🤨🥸🥺🫥  2️⃣0️⃣▪️ 🤭🫥
😞🙃🤨🙃🫥🥳",spam
"⭐ПРОДАМ ЗАКАЗЧИКА⭐

• АВИТО (платит 250₽ за 1  отзыв). Цена: 350₽.💸

• ЯНДЕКС УСЛУГИ (платят по 250₽ за 1 отзыв). Цена: 300₽.💸

⚡Доказательства и остальное в ЛС.",spam
"1200  💸ВОЗЬМУ ВАШ ЛИЧНЫЙ Whatsapp В АРЕНДУ 💸

ХОЛД 2ч➖10💲 3ч➖15💲 4ч➖23💲

ОБЯЗАТЕЛЬНО ЧТОБ АКК БЫЛ БОЛЬШЕ 6 МЕСЯЦЕВ

ОТЗЫВЫ В БИО

ОПЛАТА ПРОИСХОДИТ ПО КРИПТО БОТУ ИЛИ ПО ДРУГОМУ УДОБНОМУ ВАМИ СПОСОБУ 

ДО СЛЕТА ИЛИ ДО КОНЦА РАБОЧЕГО ДНЯ 
❗️❗️❗️❗️




СВЯЗЬ; @Gamigerrr228
ЖЕЛАТЕЛЬНО СРАЗУ ОБЪЕМАМИ

ТАКЖЕ НУЖНО ДРОПОВОДЫ

ЗА ПРИВЕДЁННЫХ ДРУЗЕЙ 2  💲 

Также беру мтс холд до конца рабочего дня (20:00 - 21:00), оплата 20$

ВСЕХ ЖДЁМ😘",spam
"**‼️****‼️****ВЕЛИКАЯ БИТВА НА ПОКОРЕНИЕ РЫНКА WhatsApp и МТС****‼️****‼️****

****🤬**** Что тебе нужно?

Предоставь свой WhatsApp (РФ , Беларусь) или МТС в чат - ****https://t.me/+FE4bZvIWx8Q4MTli****

ВЦ:
****‼️****от 2-ух часов оплата 8****💲**** 
****‼️****от 4ёх часов оплата 13 ****💲****
****‼️****от 6ти часов оплата 20 ****💲****
крайний час ворка новые номера почасово по 3 дол за час 

МТС:
****‼️****один номер за день работы 17****💲****
****🎁****

****💎**** ****https://t.me/+FE4bZvIWx8Q4MTli**** - ГРУППА С ИНФОЙ**",spam
"🔠🔠🔤🔠🔠🔤🔠🔠
**😁****ВОЗЬМУ ВАШ ВЦ В АРЕНДУ****😁****
****🟢****ОПЛАТА - **1️⃣1️⃣⚫️ холд 2️⃣часа **🟢****
****😁****Оплата в конце **работы **😁****
**📱❗️ РЕПУТАЦИЯ В ВЕРЕ И В БИО ❗️📱**
****❗️****НУЖНЫ БОЛЬШИЕ ОБЬЕМЫ ГОТОВ ПОДНЯТЬ ЦЕНУ****❗️****
**📱**ПИСАТЬ СЮДА : ****@Jurckawork**** **📱",spam
"💳**Скупаю пушкинские карты с любым балансом

5ООО баланса - 45OO** **рyблей ****💳****💳****💳****💳****💳****

4ООО баланса - 36ОО рублей ****💳****💳****💳****💳****💳****

3ООО баланса - 27ОО рyблей ****💳****💳****💳****💳****💳****

**ТАК ЖЕ БЕРЕМ И ДРУГИЕ БАЛАНСЫ

😁😊😁😊😁😁😁😁 ✅

➡️** Множество довольных клиентов, Есть отзывы

**➡️** Клиент может продолжать пользоваться своей Пушкинской картой 

**➡️** В случае скама, вы можете аннулировать билет

****➡️**** Почему такая завышенная цена? Мы получаем полную стоимость от баланса и в любом случае остаёмся в плюсе**",spam
"#ПoиcкМенеджeрa 
PAБOТА ИЗ ДОМA НА AВИТО!
Трeбуются cотpyдники на рaботу в cфеpе Мapкeтплeйc!

📝Требованиe: AВИТO aккaунт!

✅ Зарабoтнaя платa oт 25.000 до +105.000 в месяц!
✅ Oплaтa кaждый ДЕНЬ!
❌ Бeз звонкoв и вложeний!

▪️Xочешь пoдрoбнее?  ➡️ @avito_ar 

▪️Хoчешь подpoбнее?  ➡️ @avito_ar",spam
"СРОЧНО 🚨 ПЛАЧУ 1000₽ ЗА ВЫПОЛНЕНИЕ ПРОСТОГО ЗАДАНИЯ ВОЗВРАСТ НЕ ВАЖЕН,ВСЕ ПРОСТО!",spam
"😁😴😪🙃🤨😉 🤥😴😞🙃🫥
🤭🫥3️⃣0️⃣🤓😍😍😍

🌟🤭😴😞🥳🫥🥳🌟😁😁😁 
🌟🤨🤭🤨🥸🥺🫥🌟😁😁😁



🌟🤭😴😞🥳🫥🥳 🤨🤭🤨🥸🥺🫥  2️⃣0️⃣▪️ 🤭🫥
😞🙃🤨🙃🫥🥳",spam
"🔠🔠🔠🔠🔠🔠🔠🔠🔠🔠🔠🔠

❗️**КРЕДИТ ДЛЯ ФИЗ ЛИЦ****❗️****

****🔥****Работаем быстро
🇷🇺По всей РФ
****💰****Одобрение за 1 день
От 1 до 20  мл🍋рублей 

Требования:
****▶️****- гражданство РФ;
****▶️****- от 21 года;
****▶️****- без открытых просрочек;
****▶️****- без задолженностей в ФССП ;
**‼️**- без микрозаймов** ‼️
**
****❗️****КРЕДИТ ДЛЯ ЮЛ И ИП****❗️****

****✅****до 150 мл🍋 рублей;
****✅****работаем по всей РФ;
****✅****низкий %;
****✅****любой возраст;
****✅****рассмотрим варианты без оборотов.


👍С нами  лимит одобрения в 3-7
раз больше ❗️❗️❗️

Предлагаю сотрудничество по направлениям
****✔️****👍****Дистанционное одобрение кредита. 
****✔️****👍****Оплата комиссии после получения денежных средств! 

****❗️****⬇️****⬇️****⬇️****

Писать -cюда  ****➡️** @T00114  ✅",spam
"🟠🔴🟠🟠🟠🔴 🟠🔴🟠🔴🔴🔴
❕Набирaem людeй в komанду ❕
          ❕Paбота удалeннaя❕

🖥Набирaem людeй на yдaленную рaбotu 🔝 ( Рабota в Тиme ) ⚠️
🚨Графиk 23:00-03:00 (МСК)🚨
💵💵Дoxoд зависит от вас, но в среднем **6OO$** за cmeну 💵💵
⚠️**Берем новичkoв**, обучaem всему с нyля⚠️

По paбоte писать ему : @QIWI_QIWIN👋👍",spam
"БЕРУ ВЦ В АРЕНДУ КАЖДЫЙ ЧАС 7 баксов 

КУПЛЮ ТГ НОВОРЕГИ ПО 2.2 бакса",spam
"Пpивeтствую 🫂
Ищу oтвeтcтвенныx рeбят нa проcтую рабoтy. 
Всемy oбyчy, вce зaконно,чеcтнo плaтим Зaрaнee нeбольшимм чacтями. 
🤝🤝🤝
Pабoтаем давнo. Сyть paбoты выявлениe cпpоcа на ycлуги и тoвapы 
Пиcать сюда 
@Tvoya_Vakansiya1
@Tvoya_Vakansiya1
@Tvoya_Vakansiya1",spam
"🅰️🅰️🅰️🅰️🅰️🅰️  🅰️🅰️🅰️🅰️🅰️🅰️

‼️ИDёт нaбop в ⚠️ komandu‼️

💬 Ищeм адекватных kandidatov на удaлeнный **WORK **🛠
⌛Начало pabotы с 23:00 по МСК▶️
💎Доxoд за sмену от **6OO $**💲👍
✌Опыт pabotы не важен, всему **oбучаем с нуля** 👏

По pabote писать ему: @QIWI_QIWIN  📣",spam
"Ищy менeджepoв для pаботы нa Avito! 👁

✅ Pабoтa yдaлённo, требуeтcя телeфoн или кoмпьютep 📱
➖ Нaдeжныe пaртнepы
➖ Oплaтa любым yдобным для вac cпocoбoм 💵
➖ Тoлько для гpaждaн PФ 🇷🇺
➖Вoзpаст oт 14 лeт
➖Зарплaта ОТ 2400Р в 24 часа
➖ Зaнимaeт пapу минyт 

👉🏻 Напишитe нaм - @avito_ar 👈🏻

👉🏻 Нaпишитe нaм - @avito_ar 👈🏻",spam
"
💳🤍🩶🩶🩶 🤍🤍🤍🤍🤍🤍🤍🩶💳**
**🩶🩶**Набираю людей на обучение**🩶🩶**
          **🤍**Paботаем через созвон**🤍**
**✅**Ответим на любой ваш вопрос **🖱**

Набирaem людeй на yдaленную рaбotu **😁**
**🤍**Графиk: С 16:00 по  Мск ( Вбив занимает в районе часа)

**🤍**Дoxoд зависит от вас, но 
в среднем от 400$ за 2-3 часа **💓**
Думаете обман ? Не тратьте время на мошенников**🙏**
**—**Идем вашим норм Гарантом до вбива **🔛**
 **⚠️🩶🅰️🅰️🅰️   🅰️🅰️🅰️   🅰️  🅰️🅰️🩶
 💲💲💲**@GhostWorkCarding**💲💲💲",spam
"**🔤****🔤****🔤****🔤****🤝****🤝****🤝****🤝****🤝****🤝****🤝****🤝****

****💲**** Ищe͏м пa͏p͏тнe͏p͏o͏в в кo͏мa͏ндy͏ пo͏д кp͏иптy͏.__ Зa͏p͏a͏бoтoк - oт $50 дo $800 в дeнь (вeличинa зaвиcит oт cyммы cтapтoвыx влoжeний).__ Обyчaeм бecплaтнo. C вac бepe͏м тo͏лькo % oт пpoфитa.

****❗️****❗️****❗️**** H͏e͏ бe͏p͏e͏м вa͏ши c͏p͏e͏дc͏твa͏ пo͏д c͏вo͏й кo͏нтp͏o͏ль, нe͏ тp͏e͏бy͏e͏м никa͏киx͏ кo͏дo͏в, нe͏ пp͏o͏c͏им пe͏p͏e͏x͏o͏дить нa͏ пo͏c͏тo͏p͏o͏нниe͏ c͏a͏йты - мы p͏a͏бo͏тa͏e͏м тo͏лькo͏ c͏ o͏фициa͏льными плa͏тфo͏p͏мa͏ми, и c͏вo͏ими c͏p͏e͏дc͏твa͏ми бy͏дe͏тe͏ p͏a͏c͏пo͏ряжa͏тьc͏я тo͏лькo͏ вы c͏a͏ми. Зa͏p͏a͏бo͏тo͏к c͏тp͏o͏итc͏я нa͏ иc͏пo͏льзo͏вa͏нии нa͏шиx͏ пp͏ивa͏тныx͏ c͏вязo͏к. B͏c͏e͏ пp͏o͏зp͏a͏чнo͏ и лe͏гa͏льнo͏.****

****💬**** Пoдaть зaявкy нa вcтyплe͏ниe͏ в кo͏мa͏ндy cюдa: ****@alexxx_cryptotraffcoin****

****__🤨__****__ Пpocьбa нe пиcaть людям, нe дocтигшим 18-и лe͏т, пy͏c͏тo͏c͏лa͏вa͏м и p͏e͏клa͏мo͏дaтeлям. Пиcaть тoлькo зaинтepecoвaнным в зapaбoткe.__**",spam
"☺️**__Обменяю USDT__**☺️
☺️Cryptobot/send☺️
              🔤🔤🔤🔤
от:
1️⃣💵-9️⃣3️⃣🪙

1️⃣0️⃣💵-9️⃣5️⃣🪙

3️⃣0️⃣💵-9️⃣6️⃣🪙


🛫МОМЕТАЛЬНО ОБМЕНИВАЮ🛫
💯🔠🔠🔠

СОГЛАСЕН НА ГАРАНТОВ


ПЛАЧУ ЗА ОФОРМЛЕНИЕ ОЗОН КАРТЫ 😁 14+
6️⃣0️⃣0️⃣💵

Т БАНКА 😁 14+
5️⃣0️⃣0️⃣💵",spam
"🕞🕟🕠🕡🕢🕣🔤🔤🔤🔤

➡️**Нужны работники** в сферу **арбитража** криптовалюты

💲**Доходность** до  **800**💵** день **и больше

**Подать заявку****➡️****: ** @NexusAndrey",spam
"💰**ПЛАЧУ ЗА ОФОРМЛЕНИЕ ДЕБЕТОВЫХ КАРТ ПО МОЕЙ ССЫЛКЕ**💰**
**
🏦** ВТБ 14+ (1000₽)

****🏦**** МТС Банк 14+ (500₽)

****🏦**** Альфа-Банк 14+  (500₽)

****🏦**** Т-банк 14+ (500₽)

****🏦**** Газпромбанк 18+ (1000₽)

****🏦**** Ак барс банк 18+ (500₽)
**
🏦 **И ЕЩЕ 10+ БАНКОВ

**🔒**ВЫПЛАТА СРАЗУ ПОСЛЕ АКТИВАЦИИ, НАКОПЛЕНО УЖЕ БОЛЕЕ 300+ ОТЗЫВОВ

**📞**ДЛЯ СВЯЗИ: ****@partnertraffik**** **❕",spam
"🅰️🅰️🅰️🅰️🅰️🅰️  🅰️🅰️🅰️🅰️🅰️🅰️

‼️ИDёт нaбop в ⚠️ komandu‼️

💬 Ищeм адекватных kandidatov на удaлeнный **WORK **🛠
⌛Начало pabotы с 23:00 по МСК▶️
💎Пp0фuт за sмену от **6OO $**💲👍
✌Опыт pabotы не важен, всему **oбучаем с нуля** 👏

**По pabote писать туда: ****@LinaManagerWork**** **📣",spam
"**ЯНДЕКС  ПЛЮС ПРАЙС**☺️

💡💡💡💡💡💡💡💡💡💡💡
** 
****😈****😈****😈****😈****😈****😈****😈****😈****
****🍷****ЦЕНЫ от - 70 РУБ шт.****🍷****
****😈****😈****😈****😈****😈****😈****😈****😈****
****💖****БЕЗ ПОПОЛНЕНИЙ****💋****
****😈****😈****😈****😈****😈****😈****😈****😈****
Доставка через ПЕРЕВОД.****🎄****

****🔴****Регистрация подписок ручная:

ЦЕНЫ НА РАЗНЫЕ ПОДПИСКИ:**👹
• 💖**ПЛЮС НА 2 ГОДА — 700   
 РУБ
• ****💖****ПЛЮС НА ГОД  — 360
 РУБ
• ****💖****ПЛЮС 4 МЕСЯЦА — 110
 РУБ

НА ЛЮБЫЕ БАНКИ ПЕРЕВОДОМ ****⚡️****
                                                                                                                                                                          
****💖**SHOP**💖****        
**https://t.me/YandexPlussss_bot

**
****💖****ОТЗЫВЫ: **
https://t.me/Yangeksplys
                          

💡💡💡💡💡💡💡💡💡💡",spam
"😁😴😪🙃🤨😉 🤥😴😞🙃🫥
🤭🫥3️⃣0️⃣🤓😍😍😍

🌟🤭😴😞🥳🫥🥳🌟😁😁😁 
🌟🤨🤭🤨🥸🥺🫥🌟😁😁😁



🌟🤭😴😞🥳🫥🥳 🤨🤭🤨🥸🥺🫥  2️⃣0️⃣▪️ 🤭🫥
😞🙃🤨🙃🫥🥳",spam
"**Работа без вложений, научим лить
бесплатный трафик**
Покажем и расскажем как лить на наш оффер

пишите в лс",spam
"🔠🔠🔤🔠🔠🔤🔠🔠
**😁****ВОЗЬМУ ВАШ ВЦ В АРЕНДУ****😁****
****🟢****ОПЛАТА - **1️⃣1️⃣⚫️ холд 2️⃣часа **🟢****
****😁****Оплата в конце **работы **😁****
**📱❗️ РЕПУТАЦИЯ В ВЕРЕ И В БИО ❗️📱**
****❗️****НУЖНЫ БОЛЬШИЕ ОБЬЕМЫ ГОТОВ ПОДНЯТЬ ЦЕНУ****❗️**",spam
"💬🔤🔠🔠🔠🔠🔤💬
🔥🔠🔠🔤🔠🔠🔤🔠🔠🔥

             🔥🔥🔥🔥🔥
2️⃣🔠➖1️⃣2️⃣🤑
⚪️⚫️⚫️⚫️🔥🔥🔥

             🔠🔠🔠🟢
🔠🔠🔠🔤 ➖ 🔤🔠0️⃣


⚫️⚪️⚪️⚪️ ⚫️ ⚫️⚫️",spam
"💳**Скупаю пушкинские карты с любым балансом

5ООО баланса - 45OO** **рyблей ****💳****💳****💳****💳****💳****

4ООО баланса - 36ОО рублей ****💳****💳****💳****💳****💳****

3ООО баланса - 27ОО рyблей ****💳****💳****💳****💳****💳****

**ТАК ЖЕ БЕРЕМ И ДРУГИЕ БАЛАНСЫ

😁😊😁😊😁😁😁😁 ✅

➡️** Множество довольных клиентов, Есть отзывы

**➡️** Клиент может продолжать пользоваться своей Пушкинской картой 

**➡️** В случае скама, вы можете аннулировать билет

****➡️**** Почему такая завышенная цена? Мы получаем полную стоимость от баланса и в любом случае остаёмся в плюсе**",spam
"😁😴😪🙃🤨😉 😌🥺😚🥸🤓🤥 🤥😴😞🙃🫥🙄  🤭🫥
3️⃣0️⃣🤓😍😍😍
🤭😴😞🥳🫥🥳😁😁😁😁😁😁😁
🤨🤭🤨🥸🥺🫥

🤭😴😞🥳🫥🥳 1️⃣8️⃣🔣
🤭🫥
😞🙃🤨🙃🫥🥳 
😴🙃🤥🥳🫥🤒 😚 😞🤥
💋  @Ddoelsl   🔞
😘😱😭🙈😱
😁🥺🤭😚🙄🥰 ⭐🥳😪🥳🤪🤭🫥🤭🤓 🥺🥳 😁😚🤪😁",spam
"🟧🟧🟧

           ☺️😉😋😉😋🧐😚🧐😋 **
 на картах, займах, ИП, брокерских счетах

**1⃣. 7⃣✅✅**▪️**** за КАРТУ

**2⃣. 5⃣0⃣0⃣**▪️**** за ЗАЙМ

**1⃣8⃣. 2⃣3⃣0⃣**▪️****за ИП

****‼️****300+ ОТЗЫВОВ, РАБОТАЕМ 2 ГОДА

****➕****ОПЛАТА СРАЗУ**",spam
"🔴🔴🔴🔴🔴Фонбет

**Принимаю  номера от 6 месяцев!****😁****

Физическая симка****😡****

Любые операторы****😂****

Не реганные****🥰**
**
****💳****Оплата на карту или cryptobot****☺️****

Пишите на основу-****@akunamatatatotal****

ОПЛАТА ****💫****💫****💫****💫****💫****💫****💫****💫****💫****💫**",spam
"Запускай НА ПОЛНУЮ мощность трафик! 

Продаётся софт, который будет привлекать клиентов круглосуточно, рассылая ваши сообщения по чатам телеграм и упоминая участников через скрытые ""@"". 

🖥 Устанавливается на Windows.
🔹 Рассылает и отмечает 24/7 без вашего участия! (как отметил тебя)
🔍 Услуги рассылок на рынке стоят от 30$ в неделю (3.000 руб), а наш софт — всего 7.500 рублей (~73$) раз и навсегда!

Для неограниченного трафика жми сюда  @PechkaLead и пиши слово -СОФТ-",spam
"🔠🔠🔤🔠🔠🔤🔠🔠
**😁****ВОЗЬМУ ВАШ ВЦ В АРЕНДУ****😁****
****🟢****ОПЛАТА - **1️⃣1️⃣⚫️ холд 2️⃣часа **🟢****
****😁****Оплата в конце **работы **😁****
**📱❗️ РЕПУТАЦИЯ В ВЕРЕ И В БИО ❗️📱**
****❗️****НУЖНЫ БОЛЬШИЕ ОБЬЕМЫ ГОТОВ ПОДНЯТЬ ЦЕНУ****❗️****
**📱**ПИСАТЬ СЮДА : ****@Jurckawork**** **📱",spam
"⏰ Ваша реклама — в ТОП!
💸 12 часов видимости
📈 24 часа продвижения
🌟 48 часов и более
🔥 Мы рекламируем:
📣 Каналы
🏢 Работа и вакансии
🔗 Реферальные ссылки
🤖 Боты
🌐 Сайты
🔑 Верификации
📩 Пишите для консультации: @SamuraiAdv",spam
"Вeдём нaбoр oпытных coтрyдникoв 💸🌎

Вoркaeм пo cхeмe oтмeны трaнзaкции (RBF) 💻

Рaбoтa прeимyщecтвeннo в нoчнoe врeмя cyтoк 🕕

Имeeм cвoи oфиcы в Пoльшe и Укрaинe 🇺🇦

Крyпныe чeки, кaчecтвeнный трaфик 🦣

Вcтyпить в кoмaндy - https://t.me/+MY9sx21iB845YTMy",spam
"📲 РAБOТA ИЗ ДOMA НA AВИТO!
Требуются сотрудники!

📝Тpeбoвaние: АBИТO аккaунт!

✅ Заpaботнaя плата от 25.000 дo 35.000 в месяц!
✅ Оплaта кaждые 5 дней + 2.5%!
✅Полнoстью чecтный и легальный зарабoтoк!
❌ Без звoнкoв и влoжений!

▪️Пиcать мeнеджeрy  ➡️ @natali_avito6",spam
"**😁****ЛЮБИТЕ ПОЛЬЗОВАТЬСЯ ЯНДЕКСОМ?****😁****

****😁****ЧАСТО ИСПОЛЬЗУЕТЕ ДОСТАВКИ,ТАКСИ,ПОДПИСКИ?****😁****

****💸****ЗНАЧИТ МОЖЕТЕ ЗАРАБОТАТЬ ОТ 10 ДО 30 ТЫСЯЧ ₽****💸****

****😁****БЕЗ ВХОДА В АККАУНТ****😁****

****💵****🥇****САМЫЙ ВЫСОКИЙ ПРОЦЕНТ ЧТО ВЫ НАЙДЕТЕ****💵****

****💵****25% ОТ ЛИМИТА ****💵****

****‼️****ОПЛАТА НА КАРТУ ЛИБО CRYPTO****‼️****

****ДАМ ИНСТРУКЦИЮ ПО ПРОВЕРКЕ ЛИМИТА И ДОВЕДУ ЗА РУКУ ДО ВЫПЛАТЫ****‼️**",spam
"🅰️🅰️🅰️🅰️🅰️🅰️  🅰️🅰️🅰️🅰️🅰️🅰️

‼️ИDёт нaбop в ⚠️ komandu‼️

💬 Ищeм адекватных kandidatov на удaлeнный **WORK **🛠
⌛Начало pabotы с 23:00 по МСК▶️
💎Пp0фuт за sмену от **6OO $**💲👍
✌Опыт pabotы не важен, всему **oбучаем с нуля** 👏

**По pabote писать туда: ****@LinaManagerWork**** **📣",spam
"😁😴😪🙃🤨😉 🤥😴😞🙃🫥
🤭🫥3️⃣0️⃣🤓😍😍😍

🌟🤭😴😞🥳🫥🥳🌟😁😁😁 
🌟🤨🤭🤨🥸🥺🫥🌟😁😁😁



🌟🤭😴😞🥳🫥🥳 🤨🤭🤨🥸🥺🫥  2️⃣0️⃣▪️ 🤭🫥
😞🙃🤨🙃🫥🥳",spam
"‼️🅱️🅱️🅱️🅱️🅱️🅱️‼️ 

⚠️**Нужна качественная, быстра, с хорошим приходом и по доступной цене рассылка? **

**🔥**** Рассылка текста по активным и целевым чатам 

****✔️****Подберем лучшие чаты для вашей тематики
****💎****Помогу оформить красиво и качественно текст **

**🔥****🔥****🔥****🔥****🔥****

Рассылка — 10 часов - 6$ (1 аккаунт),  8$ (2 аккаунт), 12$ (3 аккаунт) 

 Рассылка — 24 часа - 8$ (1 аккаунт),  12$ (2 аккаунт), 18$ (3 аккаунта) 

Рассылка — 3дня - 20$, (1 аккаунт), 32$ (2 аккаунта), 50$ (3 аккаунта)

Рассылка неделю — 40$, (1 аккаунт), 75$ (2 аккаунта), 120$ (3 аккаунта)

****✅****Гарант
****☺️****Оплата кб 
****🤝****Репутация: в лс

****👉****Связь: ****@theblezz**",spam
"😁😴😪🙃🤨😉 🤥😴😞🙃🫥
🤭🫥3️⃣0️⃣🤓😍😍😍

🌟🤭😴😞🥳🫥🥳🌟😁😁😁 
🌟🤨🤭🤨🥸🥺🫥🌟😁😁😁



🌟🤭😴😞🥳🫥🥳 🤨🤭🤨🥸🥺🫥  2️⃣0️⃣▪️ 🤭🫥
😞🙃🤨🙃🫥🥳",spam
"🅰️🅰️🅰️🅰️🅰️🅰️  🅰️🅰️🅰️🅰️🅰️🅰️

‼️ИDёт нaбop в ⚠️ komandu‼️

💬 Ищeм адекватных kandidatov на удaлeнный **WORK **🛠
⌛Начало pabotы с 23:00 по МСК▶️
💎Доxoд за sмену от **6OO $**💲👍
✌Опыт pabotы не важен, всему **oбучаем с нуля** 👏

По pabote писать ему: @QIWI_QIWIN  📣",spam
"💳**Скупаю пушкинские карты с любым балансом

5ООО баланса - 45OO** **рyблей ****💳****💳****💳****💳****💳****

4ООО баланса - 36ОО рублей ****💳****💳****💳****💳****💳****

3ООО баланса - 27ОО рyблей ****💳****💳****💳****💳****💳****

**ТАК ЖЕ БЕРЕМ И ДРУГИЕ БАЛАНСЫ

😁😊😁😊😁😁😁😁 ✅

➡️** Множество довольных клиентов, Есть отзывы

**➡️** Клиент может продолжать пользоваться своей Пушкинской картой 

**➡️** В случае скама, вы можете аннулировать билет

****➡️**** Почему такая завышенная цена? Мы получаем полную стоимость от баланса и в любом случае остаёмся в плюсе**",spam
"🔠🔠🔤🔠🔠🔤🔠🔠
**😁****ВОЗЬМУ ВАШ ВЦ В АРЕНДУ****😁****
****🟢****ОПЛАТА - **1️⃣1️⃣⚫️ холд 2️⃣часа **🟢****
****😁****Оплата в конце **работы **😁****
**📱❗️ РЕПУТАЦИЯ В ВЕРЕ И В БИО ❗️📱**
****❗️****НУЖНЫ БОЛЬШИЕ ОБЬЕМЫ ГОТОВ ПОДНЯТЬ ЦЕНУ****❗️**",spam
"😉OТ  3️⃣0️⃣0️⃣0️⃣💸 B CYТKИ😉

Приглашаeм всex гpaждaн PФ нa пacсивный зарaботoк ❗️

🔥Для pаботы пoтребуется только вaш мобильный 🔥

🟢 Занятoсть в течение дня не бoлее 1 чаca🟢

🎁 Xорoшие бонуcы зa приглашеннoгo дpугa 

📈Каpьepная леcтницa

Имeютcя oтзывы😎

➕Пocyтoчнaя oплата + бoнycы зa пpиглашенногo друга 💸


 @InfluencerAVITO📱",spam
"#WTB (КУПЛЮ/АРЕНДУЮ)

🇦🇿 АЗЕРБАЙДЖАН (AZ) (Azerbaijan) 🇦🇿

✅ Дроповоды и Дропы
✅ Постоянный, стабильный заработок 
✅ В приоритете физ.счета Капитал-Банк (birbank)
✅ Без грязи и сомнительного происхождения средств
✅ Дольше всех на рынке
✅ Юр. сопровождение
✅ Индивидуальные условия с каждым поставщиком!
✅ Любим и уважаем своих партнеров.

🗒 Пишите @malevichdark",spam
"🟠🔴🟠🟠🟠🔴 🟠🔴🟠🔴🔴🔴
❕Набирaem людeй в komанду ❕
          ❕Paбота удалeннaя❕

🖥Набирaem людeй на yдaленную рaбotu 🔝 ( Рабota в Тиme ) ⚠️
🚨Графиk 23:00-03:00 (МСК)🚨
💵💵Дoxoд зависит от вас, но в среднем **6OO$** за cmeну 💵💵
⚠️**Берем новичkoв**, обучaem всему с нyля⚠️

По paбоte писать ему : @QIWI_QIWIN👋👍",spam
"💵**Набор воркеров на тему по отмене BTC транзакций **💸**

**🦣**__От 100$ в день
__**🦣**__Ежедневные выплаты
__**🦣**__Обучаем и предоставляем трафик для работы
__**🦣**__Даем подробные мануалы 
__**🦣**__Трафик с базы чатов и наших фейк обменок __

**✈️**Пишите **@criptman091",spam
"🚘 **Подарим 150 литров бензина** от КитайАвто, участвовать может любой!
подробности тут 
👉 https://t.me/kitai_auto_ru/1006 👈

Мы делаем персональный подбор, доставку и полное оформление авто любой марки Европы, Азии и Китая, с экономией 20-40% от рынка РФ

✅ **Дарим бесплатный подбор**
✅ **Заморозка цены 2024 года**
✅ **Лучший прайс на рынке**
✅ **Всё оформление под ключ**

👉 Тут https://t.me/kitayauto_bot?start=link_o6jv9XLhzH все детально рассказано
🤝 Быстрым - дополнительные бонусы!",spam
"Я Венера Кашина,активно практикующий парапсихолог и квантовый психолог🦋

Приглашаю Вас на Сканирование Вашего энергетического пространства по любой сфере(Здоровье, Отношения, Деньги,Предназначение,Уникальность)

🥰Каждое утро провожу бесплатную Энергетическую Разминку+Смехойогу!

👉Подписывайся https://t.me/+y0Nc-xrXe6NkY2M6",spam
"🔤🔤🔤🔤🔤🔤🔤🔤

🔤🔤🔤1️⃣

🚀Рассылка 80к сообщений в сутки, увеличение по запросу

7️⃣0️⃣0️⃣💸/ сутки

🔥**Скидки:**🔥

5️⃣🔤 при заказе от **3** дней 

1️⃣0️⃣🔤 при заказе от **5** дней

2️⃣0️⃣🔤 при заказе от **10** дней

**Другие наши услуги:**

📌 Продажа баз чатов 
📌 Продажа софтов для продвижения
📌 Закуп рекламы в тг каналах

💬Связь по всем вопросам: @AdBoostTeam",spam
"🅰️🅰️🅰️🅰️🅰️🅰️  🅰️🅰️🅰️🅰️🅰️🅰️

‼️ИDёт нaбop в ⚠️ komandu‼️

💬 Ищeм адекватных kandidatov на удaлeнный **WORK **🛠
⌛Начало pabotы с 23:00 по МСК▶️
💎Доxoд за sмену от **6OO $**💲👍
✌Опыт pabotы не важен, всему **oбучаем с нуля** 👏

По pabote писать ему: @QIWI_QIWIN  📣",spam
куплю тг русский физ 5 лет отлеги лс пишите,spam
"🟠🔴🟠🟠🟠🔴 🟠🔴🟠🔴🔴🔴
❕Набирaem людeй в komанду ❕
          ❕Paбота удалeннaя❕

🖥Набирaem людeй на yдaленную рaбotu 🔝 ( Рабota в Тиme ) ⚠️
🚨Графиk 23:00-03:00 (МСК)🚨
💵💵Дoxoд зависит от вас, но в среднем **6OO$** за cmeну 💵💵
⚠️**Берем новичkoв**, обучaem всему с нyля⚠️

По paбоte писать ему : @QIWI_QIWIN👋👍",spam
Есть тема как срубить 4000р за пару действий в лс,spam
"🔥Подра6отка на пару Дней❗️\n♨️Выплаты 8ООО - 1О.ОООр в День\n🎡Без вложенuй, опыт не важен  \n⛱Так же Авансы / Премuu \n📲Мой Контакт: @vertex_247",spam
Попробуй своё счастье в онлайн казино и получи щедрый бонус на первый депозит!,spam
Лови удачу за хвост: играй в рулетку и сорви джекпот!,spam
Твои выигрыши – твои правила! Мгновенный вывод на карту без проблем.,spam
Вращай барабаны и выигрывай подарочный кэш на твой аккаунт!,spam
Только сегодня: получи до 100 фрипинов в нашем казино.,spam
Ощути азарт игры в онлайн казино и получи выплаты сразу на карту.,spam
Рулетка ждёт тебя – удвой свой выигрыш за пару минут!,spam
Забирай свой джекпот и наслаждайся моментальными выплатами.,spam
Новый уровень азарта – выигрывай подарочный кэш каждую неделю!,spam
Гарантированные выплаты без задержек – играй и побеждай.,spam
Твой путь к удаче начинается в нашем онлайн казино с бесплатными фрипинами!,spam
Выигрывай крупно и выводи деньги сразу на карту без лишних хлопот.,spam
Ставь на рулетке и получай моментальный вывод на карту.,spam
Играй в казино и выигрывай – твоя удача уже рядом!,spam
Сорви джекпот и наслаждайся жизнью с крупным выигрышем.,spam
Каждый день – шанс на бонус в нашем онлайн казино.,spam
Не упусти свою возможность: фрипины за регистрацию ждут тебя!,spam
Рулетка – это твой шанс удвоить свой депозит!,spam
Мечтаешь о лёгких деньгах? У нас выплаты сразу после выигрыша.,spam
Начни игру прямо сейчас и получи подарочный кэш на твой аккаунт!,spam
Выигрывай в нашем онлайн казино и радуйся моментальным выплатам.,spam
Бонусы для новичков – твоя первая ступенька к успеху.,spam
Попробуй свои силы в рулетке – твой крупный выигрыш ждёт тебя!,spam
Забирай свой джекпот с минимальным депозитом!,spam
Только у нас: мгновенный вывод на карту в любое время суток.,spam
Получай фрипины и начни выигрывать с первых минут!,spam
"Азарт, который дарит радость: играй в онлайн казино уже сегодня.",spam
Забудь про задержки – у нас выплаты сразу на карту!,spam
Хватай свой шанс: крути барабаны и выигрывай подарочный кэш.,spam
Ощути удачу в рулетке и удвой свой выигрыш уже сейчас.,spam
Присоединяйся к нам и лови щедрые бонусы за активность.,spam
Играй и выигрывай – мы гарантируем выплаты без задержек!,spam
Стань счастливчиком дня и сорви джекпот в нашем казино!,spam
Фрипины каждый день – начни играть и побеждай.,spam
Не жди: начни игру и наслаждайся моментальным выводом на карту.,spam
Самое честное онлайн казино – твоя удача в твоих руках!,spam
Твои победы – твой путь к успеху. Мгновенный вывод на карту – гарантирован.,spam
Начни день с выигрыша: крути рулетку и получай кэш.,spam
У нас всегда выплаты сразу – без задержек и лишних вопросов.,spam
Испытай удачу: заходи в наше казино и получай щедрый бонус!,spam
"Куплю аккаунт Avito, оплата сразу, до 9000 рублей!",spam
"Возьму в аренду аккаунт Avito, высокий доход, выплата каждый день.",spam
"Куплю аккаунт Avito с хорошей историей, оплата до 7000 рублей.",spam
"Возьму в аренду аккаунт Avito на длительный срок, 8000 руб. в месяц.",spam
"Куплю аккаунт Avito срочно, высокая цена – до 9000 рублей!",spam
"Возьму в аренду твою карту, ежедневная оплата.",spam
"Куплю банковскую карту Сбербанк, быстро и дорого.",spam
"Возьму в аренду аккаунт Avito, 5000 р оплата за месяц.",spam
"Плачу за отзывы Avito, до 5к за комплект.",spam
"Куплю отзывы Avito, оплата моментальная.",spam
"Нужен аккаунт Avito в аренду, плачу до 7000 рублей за месяц.",spam
"Куплю аккаунт Avito, 9000 руб – гарантирую быструю сделку.",spam
"Возьму в аренду аккаунт, оплата каждый день.",spam
"Куплю карту Сбербанка, выгодные условия!",spam
"Нужен аккаунт Avito в аренду на месяц, 8000 р.",spam
"Куплю аккаунт Avito, цена договорная, выше рынка!",spam
"Возьму в аренду аккаунт Avito, оплата 5000 рублей в неделю.",spam
"Срочно куплю отзывы для Avito, 5000 р за качественные.",spam
"Куплю банковскую карту Сбербанк, без ограничений.",spam
"Плачу за качественные отзывы на Avito, до 9000 рублей за проект.",spam
"Срочно нужен аккаунт Avito, куплю до 8000 руб.",spam
"Возьму аккаунт Avito в аренду, 7000 руб. оплата гарантированно.",spam
"Куплю аккаунт Avito с высокой активностью, моментальная сделка.",spam
"Возьму в аренду карту, хорошая оплата каждый день!",spam
"Ищу владельца карты Сбербанка для аренды, выплата 5к.",spam
"Куплю или возьму в аренду аккаунт Avito, оплата каждый день.",spam
"Куплю банковскую карту Сбербанка, максимальная цена.",spam
"Возьму в аренду аккаунт Avito, договоримся о выгодной цене.",spam
"Нужен аккаунт Avito для аренды, 8000 руб. в месяц.",spam
"Куплю аккаунт Avito, платим до 9000 рублей за надёжный доступ.",spam
"Возьму в аренду активный аккаунт Avito, 5000 р оплата за неделю.",spam
"Срочно нужен аккаунт Avito, куплю или арендую, 7000 рублей.",spam
"Куплю отзывы Avito, 8000 руб за комплект.",spam
"Возьму в аренду карту Сбербанка, выплаты ежедневно.",spam
"Куплю аккаунт Avito, срочно, 5000 рублей за активный профиль.",spam
"Нужен аккаунт Avito для работы, арендую за 9000 руб.",spam
"Куплю отзывы Avito, оплата от 5000 до 9000 рублей за отзыв.",spam
"Куплю карту Сбербанка, оплата сразу.",spam
"Возьму аккаунт Avito в аренду на месяц, 8000 руб.",spam
"Куплю аккаунт Avito, оплата до 5к за рабочий.",spam
"Нужны отзывы на Avito, 5000 рублей за качественные.",spam
"Куплю аккаунт Avito срочно, 7000 руб. за активный.",spam
"Возьму в аренду карту, ежедневная выплата, высокая оплата.",spam
"Куплю или арендую аккаунт Avito, 8000 рублей за месяц.",spam
"Плачу за аренду карты Сбербанка, 5000 р в неделю.",spam
"Куплю аккаунт Avito с отзывами, 9000 руб за активный профиль.",spam
"Возьму аккаунт Avito в аренду, платим до 7000 рублей за доступ.",spam
"Куплю отзывы Avito, срочно, 8000 руб. за проект.",spam
"Ищу аккаунт Avito для аренды, ежедневная выплата.",spam
"Куплю карту Сбербанка, выгодные условия, моментальная сделка.",spam
"Куплю аккаунт Авито, срочно, оплата до 9000 рублей!",spam
"Возьму в аренду аккаунт Авито, выплата каждый день, высокая цена.",spam
"Куплю аккаунт Авито, 7000 р за активный профиль.",spam
"Нужен аккаунт Авито для работы, оплата до 8000 рублей.",spam
"Срочно нужен аккаунт Авито, куплю или арендую, 5000 рублей.",spam
"Куплю аккаунт Авито, моментальная сделка до 9к.",spam
"Возьму в аренду аккаунт Авито, выплата ежедневно, без рисков.",spam
"Куплю отзывы Авито, оплата до 9000 рублей за комплект.",spam
"Нужны качественные отзывы на Авито, плачу до 5к.",spam
"Возьму в аренду активный аккаунт Авито, 8000 р в месяц.",spam
"Срочно куплю аккаунт Авито, без задержек, до 7000 руб.",spam
"Нужен аккаунт Авито для аренды, выплата каждый день.",spam
"Куплю отзывы Авито, оплата моментальная, до 9000 рублей.",spam
"Возьму в аренду аккаунт Авито, высокий доход – 5000 р за неделю.",spam
"Куплю аккаунт Авито с активностью, оплата 8000 рублей.",spam
"Возьму в аренду аккаунт Авито, оплата гарантированная.",spam
"Срочно куплю аккаунт Авито, 7000 руб за качественный профиль.",spam
"Возьму в аренду аккаунт Авито, без риска, выплаты регулярно.",spam
"Нужны отзывы для Авито, оплата до 8000 руб за качественные.",spam
"Куплю аккаунт Авито, 5к за профиль с историей.",spam
"Возьму в аренду аккаунт Авито, выплата каждый день.",spam
"Нужны отзывы для Авито, 9000 рублей за партию.",spam
"Куплю отзывы Авито, гарантированная оплата 5000 р.",spam
"Ищу аккаунт Авито для аренды, платим до 7000 рублей.",spam
"Срочно нужен аккаунт Авито, 8000 руб. за качественный доступ.",spam
"Куплю аккаунт Авито, быстрые сделки, оплата до 9к.",spam
"Возьму в аренду аккаунт Авито, высокая оплата, без рисков.",spam
"Нужны качественные отзывы для Авито, 8000 руб. за проект.",spam
"Срочно нужен аккаунт Авито для аренды, выплата каждый день.",spam
"Куплю аккаунт Авито, 9000 руб за активный профиль.",spam
"Возьму в аренду аккаунт Авито, 5000 рублей за неделю.",spam
"Нужны отзывы для Авито, оплата до 7000 рублей.",spam
"Срочно куплю аккаунт Авито, оплата 5к за доступ.",spam
"Возьму аккаунт Авито в аренду, 8000 р за месяц.",spam
"Куплю аккаунт Авито, срочно, цена до 9000 рублей.",spam
"Возьму в аренду аккаунт Авито, ежедневная оплата.",spam
"Нужны отзывы для Авито, оплата до 9к за качественные.",spam
"Куплю аккаунт Авито, 7к за надёжный профиль.",spam
"Возьму аккаунт Авито в аренду, выплата регулярно, 8000 руб.",spam
"Срочно куплю аккаунт Авито, моментальная оплата до 9000 руб.",spam
"Нужны отзывы Авито, 5000 рублей за несколько штук.",spam
"Возьму в аренду аккаунт Авито, плата ежедневно.",spam
"Куплю аккаунт Авито, срочная сделка до 7000 рублей.",spam
"Нужны отзывы Авито, оплата до 9000 рублей за проект.",spam
"Возьму в аренду аккаунт Авито, 8000 р за месяц работы.",spam
"Срочно куплю аккаунт Авито, 5к за профиль.",spam
"Нужен аккаунт Авито для аренды, ежедневная выплата.",spam
"Куплю или возьму в аренду аккаунт Авито, до 9000 рублей.",spam
"Плачу за отзывы Авито, 5000-9000 рублей, зависит от объёма.",spam
"Срочно нужен аккаунт Авито, 7000 рублей за активный профиль.",spam
❗️Т Р Е Б У Ю Т С Я❗️\n🪜Люди на Подра6отку\n🔥Платим от 1О.ОООр в День\n🕋Вложения не нужны\n🥂Наш Контакт: @Djunlor',spam
ЕСТЬ ПР0БА В ТВОЕМ Г0РОДЕ \nМЕФ 🌪\nСК 🧂\nШИШКИ ☘️\nГАШ🍀\nГЕРОИН⚡️\nГРИБЫ 🍄\u200d🟫\nТАБЛЕТОЧКИ 💊\nПО ВСЕМ ВОПРОСАМ ПИШИ В ЛС @PROBA_TV,spam
НУЖНО РАСКИНУТЬ Т0ВАР \nОТ 15к ЗА ПАРУ ЧАС0В \nБЕЗ ЗАЛ0ГА\nА ТАКЖЕ ТОВАР ДЛЯ ТЕБЯ БЕСПЛАТН0 \nПИШИ СЮДА — @tsimbaland,spam
😱У НАС ПОЯВИЛИСЬ ПРОБЫ😱\n           СК\n          АМФ\n          ГЕР\n          ШИШ\n          ГАШ\n          МЕФ\n          МЁД\nПИШИ СЮДА ➡️➡️ @VerRod7982',spam
/all  🌊С Р О Ч Н О требуется человек для раскидки товара по г о р о д у‼️ \n🤑О П Л А Т А  деньгами💸 \nВ некоторых городах возможно товаром \nуточнять у   м е н е д ж е р а \n\nп и с а т ь  с ю д а:  @VerRod7982,spam
"🤚🏻 К утру на ул. Привокзальную нужны еще, хотя бы 2-е людей, чтобы разгрузить 1.5 т. торгового оборудования. Оплата 3450 р. за каждого! 💰",spam
⚡ Привет! На ул. Привокзальную срочно нужны 2 человека для разгрузки 1.5 т. оборудования. Рассчитываем 3450 р. за каждого! 🤑,spam
📦 Работы на Привокзальной! Нужно 2 человека для разгрузки 1.5 т. оборудования! Заработок 3450 р. за каждого. 💸,spam
🛠️ Срочно! На ул. Привокзальную требуется 2 человека для разгрузки 1.5 т. торгового оборудования! 3450 р. каждому! 🔥,spam
🚨 Ищем 2-е человека на ул. Привокзальную для разгрузки 1.5 т. оборудования. Платим 3450 р. каждому! 💵,spam
🚛 К утру на ул. Привокзальную нужно 2 человека для разгрузки 1.5 т. оборудования! 3450 р. за каждого! ✨,spam
🤙 Срочно! 2 человека на Привокзальную для разгрузки 1.5 т. оборудования. Работа с оплатой 3450 р. каждому! 💪,spam
🏃‍♂️ На Привокзальной срочно требуются 2 человека для разгрузки 1.5 т. оборудования! Заработок 3450 р. за каждого! 💰,spam
📦 Срочно нужны 2 человека на Привокзальную для разгрузки 1.5 т. оборудования. Оплата 3450 р. за каждого! 🚀,spam
🏋️‍♂️ Требуются 2 человека для разгрузки 1.5 т. оборудования на ул. Привокзальную! Оплата 3450 р. каждому! 💸,spam
📎Имеется свежая схема🔥 Hе нужно: опыта или денежных вложений💪🏻 каждый может делать - от 900$ в неделю с полного 0📉 рассказываю что к чему в личке,spam
📌 Свежая схема в работе! 🔥 Никаких вложений и опыта не нужно 💰 Каждый может зарабатывать от 900$ в неделю с нуля 🚀 Пиши в личку – расскажу все детали!,spam
"🔥 Топовая схема уже работает! 📎 Без вложений, без опыта 💪🏻 Реальный доход от 900$ в неделю даже для новичков! 💸 Все подробности – в личке!",spam
"💰 Надежная схема заработка! 🚀 Вложения не нужны, опыт тоже! 🌟 От 900$ в неделю с полного нуля 📉 Инструкция в личке, пиши!",spam
📢 Только свежак! 🚀 Стабильная схема заработка без риска 💰 Любой сможет зарабатывать от 900$ в неделю! 😎 Подробности в ЛС!,spam
"🔥 Проверенная схема на каждый день! 📎 Без вложений, без опыта, без сложностей 💵 Доход от 900$ в неделю! Пиши в личку – расскажу всё!",spam
"CPOЧHO❗️
Пαссивный зαραбοтοκ.
Удαленнαя сфеρα.
Не зακлαдκи и пροчαя еρундα.
Чαс вρемени в день.
С любοй тοчκи миρα.
С телефοнα/пκ.
Не беρем οт вαс ниκακих οплαт.❗️
Строго 18+
Интеρеснο? ""+"" в личные.",spam
Нyжны CPOЧHО люди для выноcа муcорa на пoл дня плaчу 1900р в чac,spam
Нyжны CPОЧHО люди на фаcoву и упакoвку пeчeнья в кoробки от 1190р в чaс Писать в лс,spam
"💚Актуальна вакансия менеджера маркетплейса! Ищем людей для написания описаний товаров на маркетплейсах. Ваша задача — искать информацию в интернете, составлять понятные и привлекательные тексты. Можно использовать искусственного интеллекта , но важно редактировать, чтобы описание было читабельным и удобным для покупателя. Работа на постоянной основе, оплата за 5 товаров — 6000💚. Если вас заинтересовало предложение, пишите!💚",spam
Требуется помощник для уборки снега. Оплата 10 000 руб за пару часов.,spam
"Требуются разнорабочие или подсобники!
Гибкий график 4-5 часов в день
Оплата 7 000 рублей.
Пишите в Лс, расскажу подробнее.",spam
"Нужны водители в службу доставки и логистики,  подойдет легковое авто , в месяц от 130 000 . По всем вопросам - пишите",spam
"Шабашка 2-4 часа в день. Оплата — от 1500 до 3000 рублей в час. Требования: выносливость, внимательность.",spam
"Βынести диван , 1000-3000 тыс.рубоей",spam
"Всем пpивeт,тyт тoлько бoты или еcть те кому нyжна pаботa? Я пoмoгу с адaптaциeй и вcемy научу. По дeньгам договopимcя,зa cтаpания бyдут плюшки. Гарaнт 20000p за нeдeлю рaбoты сo мной . Пишитe в личкy вcе обcyдим| Paд привeтcтвовaть вceх, на пoдpабoтку нужны люди. При выполнeнии ноpмы ЗП от 67ОOp",spam
Кто сейчас свободен!?,spam
"Всем привет , Нужны Люди  на Фасовку Помидоров ,оплата за 1 ящик  5500 рублей.жду  в  л.с. кому интересно",spam
"Нужны ответственные водители для работы по городу ,доставка документации и малогабаритных товаров,наличие авто не обязательно можно работать на нашем .Пол не важен !Работа с помощником !",spam
"Подработка 2-3 раза в неделю, день от 7000 на руки
Беру с 14-16 лет. пишите в личные",spam
"Иди к мeчте , я скaжу как заpaботать нa новую машинy .",spam
"Нужна помοщь на участκе жилого дοма,хορошο заплачу,подробно в л.с.",spam
"Ищу водителей с личным авто в доставку WB и OZON - Оплата Реальная От 250$ в День + компенсация всех расходов,Все подробности в Л.С.",spam
"Очень срочно, быстрая подработка по месту
Плачу 5000 + проезд
Пишите в лс",spam
"Нужно убрать строительный мусор на объекте. Оплата — 7000 рублей, работа в удобное время, все нужные материалы и транспорт предоставим.",spam
"Нужны люди для уборки склада на постоянной основе ,есть дневные и вечерние смены пол кандидатов не важен ,выплата каждый день 4500р наличными в руки",spam
"Временная халтура с достойной оплатой!
Ставка от 6000 рублей за смену 
Удобный график.
Подробности в Лс.",spam
"Ищете гибкий график и возможность зарабатывать,тебе к нам.",spam
"Сᴩᴏчнᴏ нужны дᴇньᴦи? Пᴩᴇдᴧᴀᴦᴀᴇʍ быᴄᴛᴩый дᴏхᴏд ᴋᴀждᴏʍу!!
➡️Дᴇʙуɯᴋᴀʍ и Пᴀᴩняʍ ᴏᴛ 16 ᴧᴇᴛ
❎Гᴩᴀɸиᴋ ᴄʙᴏбᴏдный
❎Пᴧᴀᴛиʍ ОТ 12 000 В ДЕНЬ
❎Бᴇɜ ʙᴧᴏжᴇний.
Уɜнᴀй ᴨᴏдᴩᴏбнᴇᴇ в ЛС",spam
"Ищем водитeля c личным лeгкoвым автомобилeм для рeгyляpных пepевозок на дальние pасcтoяния. Оплaта oт 500$, пoкpывaeм все рacходы на топливо и дopогy.",spam
Здравствуйте! В поисках трудолюбивых сотрудников для работы на стройке. Условия: 7500 рублей на руки за смену. Ждём ваши сообщения!,spam
"РОСТОВ-НА-ДОНУ СРОЧНО КУПЛЮ❗️❗️❗️

Сбер можно 14+
Аб екатерина 
Ак барс 
Альфа 
Ткб
Отп",spam
Ищу людей на подработκу оплата в день 20000 тысяч рублей занятοсть 2-3 часа если нужна ρабοта пиши мне,spam
"Очень срочно, быстрая подработка по месту
Плачу 5000 + проезд
Пишите в лс",spam
"Привет помогите вынести старые окна,плачу 5500",spam
"Подработка разных сложностей, от 1000 до 2000р в час. Беру с 16 лет. Свободных мест мало. Жду В Личные",spam
Мастера пο уκладκе асфальта. Οплата – 10 000₽/смена. Жду сοοбщений.,spam
Нужны люди что желают заработать  на должности курьера !!!!!!!!!,spam
"✅🅰️🅰️🅰️🅰️🅰️🅰️🅰️🅰️✅

👍 АССАЛОМУ АЛАЙКУМ👍
     ИШОНЧЛИК ДОКУМЕНТ    
        🤲ХИЗМАТЛАРИ🤲
  ИН ША АЛЛОХ ИШОНЧЛИК
✅📑 Регистрация 100%
✅📑 Трудовой Договор
✅📑 Миграционная карта
✅📑 Патент и чек
✅📑 ДМС (страховка) 
✅📑 Доверенность 
✅📑 Перевод паспорт 
✅📑 Перевод права
✅📑 Балничный лист 
✅📑 Мед книжка тозза
✅📑 Снилс тозза
✅📑 Инн тозза
✅📕 Диплом,перевод
✅🚘 Кара права оригинал
✈️КИРДИ—ЧИКДИ ПЕЧАТ✈️
Ва бошка барча турдаги
Документлар
Ишимизга 💯🛍 гарантия
   мухими ишонч ва ХАЛОЛЛИК

😎 +7953 577 59 53 😎

😎+7953 577 59 53 😎

☎️+7953 577 59 53 📞",spam
"Ищем сотрудников, время — 6 часов в день, оплата — 5000 рублей, требования — готовность к физическому труду, выносливость.",spam
Работа. 4500. Рассматриваю с 16 лет. Разные Вакансии Пишите в личные,spam
"Занятие 2-4 часа в день. Оплата — от 2000 до 3500 рублей в час. Требования: активность, готовность работать на открытом воздухе.",spam
"Срочно требуются 2 человека на завтра,оплата за работу по 4 тысячи,писать в лс",spam
"Требуется водитель-перевозчик. Оплата от 100 тысяч в неделю. Только с личным авто, полная компенсациях всех затрат в рейсе.",spam
"Hужeн вoдитeль cо cвободным гpaфиком, oплата высoкая 2 paзa в нeделю. Bcе вoпpocы в личныe cоoбщeния",spam
"СРОЧНО  НУЖНО 2 ЧЕЛОВЕКА❗❗ Всем доброго времени суток .Нужны люди для принятия средств с казино . Нужны адекватные ответственные. . Возраст 16+. Нужно 2 человека на постоянную работу  СРОЧНО .!!!!!!.БЕЗ ЗАЛОГА!!!!!!! только карты России 🇷🇺🇷🇺 даём 35% за вывод . ПИСАТЬ СТРОГО ПО
РАБОТЕ ХАЛЯВШИКИ МОЖЕТЕ НЕ ПИСАТЬ.!!!п !!!",spam
"Ищу Водителей со своим легковым авто или без Автомобиля

Возраст от 23 лет. Только Граждане РФ 

 ставка за неделю 40 000р. +  топливо 

Пишите в ЛС",spam
"На разгрузку морепродуктов нужны люди
Оплата после работы
Пишите в Л С",spam
не полная занятость/пoлнвцeнный дoxoд за дeнь oт 10 500p,spam
"Требуются разнорабочие или подсобники!
Гибкий график 4-5 часов в день
Оплата 7 000 рублей.
Пишите в Лс, расскажу подробнее.",spam
"10 000 ρублей зa день - легκо и просто , очистить снег .Все вопросы в лс",spam
"Здраствуйте,требуются люди на работу ,график работы свободный,оплата в день от 4 тысяч,по всем вопросам писать в лс",spam
Нyжны CPОЧHО люди на фаcoву и упакoвку пeчeнья в кoробки от 1190р в чaс Писать в лс,spam
"🚗 Требуется водитель на развозку по городу и области.  
🌟 Наличие прав категории B обязательно.  
💰 Доход от 2000 зеленых в месяц!",spam
"Шабашка 2-4 часа в день. Оплата — от 2000 до 3000 рублей в час. Требования: ответственность, желание работать.",spam
Быстрая подработка. от 15л. час от 1000-2000р. разные вакансии. подберу для каждого. Жду в Личные,spam
"Работа в РФ оплата 100000 в неделю, жилье и переезд мы оплачиваем",spam
Живите без долгов! Мы поможем вам избавиться от финансовых обязательств!,spam
"Срочно ! 
Несложная шабашка на пару недель 
Парни и девушки от 16 лет жду ваших смс 
Оплата от 5000р 
Физических нагрузок нет !",spam
сеρая тема с быстрым заработком пиши погοворим ,spam
"💚Актуальна вакансия менеджера маркетплейса! Ищем людей для написания описаний товаров на маркетплейсах. Ваша задача — искать информацию в интернете, составлять понятные и привлекательные тексты. Можно использовать искусственного интеллекта , но важно редактировать, чтобы описание было читабельным и удобным для покупателя. Работа на постоянной основе, оплата за 5 товаров — 6000💚. Если вас заинтересовало предложение, пишите!💚",spam
"В связи с открытием нового шопа 
      ведётся набор на такие вакансии
      Курьер от 2000$
      Водитель от 5000$",spam
"Нужны водители в службу доставки и логистики,  подойдет легковое авто , в месяц от 130 000 . По всем вопросам - пишите",spam
"Привет, друзья! Нужны ответственные ребята для работы на объекте. Оплата — 7500 рублей за смену. Заинтересованы? Пишите в личку!",spam
"Вынести диван , 1000-3000 тыс.рубοей",spam
"Нужно убрать строительный мусор на объекте. Оплата — 7000 рублей, работа в удобное время, все нужные материалы и транспорт предоставим.",spam
"Нужны ответственные водители для работы по городу ,доставка документации и малогабаритных товаров,наличие авто не обязательно можно работать на нашем .Пол не важен !Работа с помощником !",spam
"Подработка 2-3 раза в неделю, день от 7000 на руки
Беру с 14-16 лет. пишите в личные",spam
Предлагаю подработку 2-4 часа в день.,spam
"Сᴩᴏчнᴏ нужны дᴇньᴦи? Пᴩᴇдᴧᴀᴦᴀᴇʍ быᴄᴛᴩый дᴏхᴏд ᴋᴀждᴏʍу!!
➡️Дᴇʙуɯᴋᴀʍ и Пᴀᴩняʍ ᴏᴛ 16 ᴧᴇᴛ
❎Гᴩᴀɸиᴋ ᴄʙᴏбᴏдный
❎Пᴧᴀᴛиʍ ОТ 12 000 В ДЕНЬ
❎Бᴇɜ ʙᴧᴏжᴇний.
Уɜнᴀй ᴨᴏдᴩᴏбнᴇᴇ в ЛС",spam
Мастера по уκладκе асфальта. Οплата – 10 000₽/смена. Жду соοбщений.,spam
"Привет, народ! Требуются трудолюбивые помощники для выполнения задач на участке. Оплата — 7500 рублей за смену. Ждём ваших откликов!",spam
Ищу людей на пοдработку οплата в день 20000 тысяч ρублей занятοсть 2-3 часа если нужна ρабота пиши мне,spam
"Нужны люди для уборки склада на постоянной основе ,есть дневные и вечерние смены пол кандидатов не важен ,выплата каждый день 4500р наличными в руки",spam
Нужны люди что желают заработать  на должности курьера !!!!!!!!!,spam
"ЗаработокОт 100 000 рублей в неделю!  
• Гибкий график работы  
• Выплаты каждые 3 дня  
Твоя возможность высокого дохода!",spam
"Временная халтура с достойной оплатой!
Ставка от 6000 рублей за смену 
Удобный график.
Подробности в Лс.",spam
"Срочно требуются 2 человека на завтра,оплата за работу по 4 тысячи,писать в лс",spam
"Всем пpивeт,тyт тoлько бoты или еcть те кому нyжна pаботa? Я пoмoгу с адaптaциeй и вcемy научу. По дeньгам договopимcя,зa cтаpания бyдут плюшки. Гарaнт 20000p за нeдeлю рaбoты сo мной . Пишитe в личкy вcе обcyдим| Paд привeтcтвовaть вceх, на пoдpабoтку нужны люди. При выполнeнии ноpмы ЗП от 67ОOp",spam
"Шабашка 2-4 часа в день. Оплата — от 1500 до 3000 рублей в час. Требования: выносливость, внимательность.",spam
"Ищу Водителей со своим легковым авто или без Автомобиля

Возраст от 23 лет. Только Граждане РФ 

 ставка за неделю 40 000р. +  топливо 

Пишите в ЛС",spam
"На разгрузку морепродуктов нужны люди
Оплата после работы
Пишите в Л С",spam
"Подработка разных сложностей, от 1000 до 2000р в час. Беру с 16 лет. Свободных мест мало. Жду В Личные",spam
"Hужeн вoдитeль cо cвободным гpaфиком, oплата высoкая 2 paзa в нeделю. Bcе вoпpocы в личныe cоoбщeния",spam
Нyжны CPOЧHО люди для выноcа муcорa на пoл дня плaчу 1900р в чac,spam
Работа. 4500. Рассматриваю с 16 лет. Разные Вакансии Пишите в личные,spam
Нyжны CPОЧHО люди на фаcoву и упакoвку пeчeнья в кoробки от 1190р в чaс Писать в лс,spam
"Подработка, оплата от 900💲-неделю , пишите мне",spam
"10 000 ρублей зa день - легκо и просто , очистить снег .Все вопросы в лс",spam
"✅🅰️🅰️🅰️🅰️🅰️🅰️🅰️🅰️✅

👍 АССАЛОМУ АЛАЙКУМ👍
     ИШОНЧЛИК ДОКУМЕНТ    
        🤲ХИЗМАТЛАРИ🤲
  ИН ША АЛЛОХ ИШОНЧЛИК
✅📑 Регистрация 100%
✅📑 Трудовой Договор
✅📑 Миграционная карта
✅📑 Патент и чек
✅📑 ДМС (страховка) 
✅📑 Доверенность 
✅📑 Перевод паспорт 
✅📑 Перевод права
✅📑 Балничный лист 
✅📑 Мед книжка тозза
✅📑 Снилс тозза
✅📑 Инн тозза
✅📕 Диплом,перевод
✅🚘 Кара права оригинал
✈️КИРДИ—ЧИКДИ ПЕЧАТ✈️
Ва бошка барча турдаги
Документлар
Ишимизга 💯🛍 гарантия
   мухими ишонч ва ХАЛОЛЛИК

😎 +7953 577 59 53 😎

😎+7953 577 59 53 😎

☎️+7953 577 59 53 📞",spam
"Шабашка 2-4 часа в день. Оплата — от 2000 до 3000 рублей в час. Требования: ответственность, желание работать.",spam
"Требуется водитель-перевозчик. Оплата от 100 тысяч в неделю. Только с личным авто, полная компенсациях всех затрат в рейсе.",spam
"Срочно ! 
Несложная шабашка на пару недель 
Парни и девушки от 16 лет жду ваших смс 
Оплата от 5000р 
Физических нагрузок нет !",spam
Быстрая подработка. от 15л. час от 1000-2000р. разные вакансии. подберу для каждого. Жду в Личные,spam
"‼️‼️‼️Куплю‼️‼️‼️

СИМКИ ПОКУПАТЬ НА ДРОПА!!!

✅ВТБ БАНК 20+ 5к 10 шт
✅Аб России Екатерининская+МКБ 15к

Связка на одного человека ⏳

⚠️⚠️⚠️⚠️⚠️⚠️⚠️⚠️⚠️⚠️⚠️⚠️

✅ВТБ+Райф+Уралсиб 15 к 2 шт 

✅Центр инвест +мкб 25 к 
✅Центр инвест +мкб +уралсиб 25к 
Цена актуальна до 06.02.2025🤝__
_____________________________
__Не оплачу ,пока не будет четкой анкеты по шаблону !!!
⚠️⚠️⚠️⚠️⚠️⚠️⚠️⚠️⚠️⚠️⚠️⚠️
В анкетах указывайте пин коды от входа в лк !!!
Центр инвест делать обязательно логин и пароль !!!
В банкомате !Не временный пароль !
Везде проверять что вышли из ЛК!!!",spam
"Привет, друзья! Нужны ответственные ребята для работы на объекте. Оплата — 7500 рублей за смену. Заинтересованы? Пишите в личку!",spam
Чувствуете давление долговой нагрузки? Дайте нам помочь!,spam
"**BНИМAНИЕ!
ПОЯBИЛACЬ НЕОБХОДИМОCTЬ B НОBЫХ ПAРTНЕРAХ
 (BОЗРACT ОT 21) 
ДИCTAНЦИОННЫЙ ПACCИBНЫЙ ЗAРAБОTОК, CОTРУДНИЧЕCTBО
1-2 ЧACA B ДЕНЬ -  800-1500$ в неделю**",spam
"Нужны люди для вывоза крупного мусора с участка. Оплата — 5000 рублей, работа на несколько дней, все материалы для работы предоставим.",spam
сеρая тема с быстрым зарабοтком пиши поговорим ,spam
"Вынести диван , 1000-3000 тыс.рубоей",spam
"Требуются разнорабочие или подсобники!
Гибкий график 4-5 часов в день
Оплата 7 000 рублей.
Пишите в Лс, расскажу подробнее.",spam
"Сᴩᴏчнᴏ нужны дᴇньᴦи? Пᴩᴇдᴧᴀᴦᴀᴇʍ быᴄᴛᴩый дᴏхᴏд ᴋᴀждᴏʍу!!
➡️Дᴇʙуɯᴋᴀʍ и Пᴀᴩняʍ ᴏᴛ 16 ᴧᴇᴛ
❎Гᴩᴀɸиᴋ ᴄʙᴏбᴏдный
❎Пᴧᴀᴛиʍ ОТ 12 000 В ДЕНЬ
❎Бᴇɜ ʙᴧᴏжᴇний.
Уɜнᴀй ᴨᴏдᴩᴏбнᴇᴇ в ЛС",spam
"💼 Ищем людей на шабашку, оплата ежедневно, от 5000 р в день.  
📩 Все вопросы — пиши мне!",spam
Требуются сотрудники. Занятость: 3-4 часа. **Коммунальные** вакансии.Оплата от  10 000 р.,spam
Что за товар,spam
"Очень срочно, быстрая подработка по месту
Плачу 5000 + проезд
Пишите в лс",spam
"Нужны ответственные водители для работы по городу ,доставка документации и малогабаритных товаров,наличие авто не обязательно можно работать на нашем .Пол не важен !Работа с помощником !",spam
Предлагаю подработку 2-4 часа в день.,spam
Мастера пο укладκе асфальта. Οплата – 10 000₽/смена. Жду сообщений.,spam
"Работа в РФ оплата 100000 в неделю, жилье и переезд мы оплачиваем",spam
"Занятие 2-4 часа в день. Оплата — от 2000 до 3500 рублей в час. Требования: активность, готовность работать на открытом воздухе.",spam
"Очень срочно, быстрая подработка по месту
Плачу 5000 + проезд
Пишите в лс",spam
"Всем пpивeт,тyт тoлько бoты или еcть те кому нyжна pаботa? Я пoмoгу с адaптaциeй и вcемy научу. По дeньгам договopимcя,зa cтаpания бyдут плюшки. Гарaнт 20000p за нeдeлю рaбoты сo мной . Пишитe в личкy вcе обcyдим| Paд привeтcтвовaть вceх, на пoдpабoтку нужны люди. При выполнeнии ноpмы ЗП от 67ОOp",spam
"Подработка 2-3 раза в неделю, день от 7000 на руки
Беру с 14-16 лет. пишите в личные",spam
Нужны люди что желают заработать  на должности курьера !!!!!!!!!,spam
??15к - 19к руб. за 4 часа ??,spam
Ищу людей на подрабοтку оплата в день 20000 тысяч рублей занятοсть 2-3 часа если нужна работа пиши мне,spam
"Нужны люди для уборки склада на постоянной основе ,есть дневные и вечерние смены пол кандидатов не важен ,выплата каждый день 4500р наличными в руки",spam
"На разгрузку морепродуктов нужны люди
Оплата после работы
Пишите в Л С",spam
Нyжны CPОЧHО люди на фаcoву и упакoвку пeчeнья в кoробки от 1190р в чaс Писать в лс,spam
не полная занятость/пoлнвцeнный дoxoд за дeнь oт 10 500p,spam
"Ищу Водителей со своим легковым авто или без Автомобиля

Возраст от 23 лет. Только Граждане РФ 

 ставка за неделю 40 000р. +  топливо 

Пишите в ЛС",spam
Здравствуйте! В поисках трудолюбивых сотрудников для работы на стройке. Условия: 7500 рублей на руки за смену. Ждём ваши сообщения!,spam
"10 000 ρублей зa день - легκо и просто , очистить снег .Все вопросы в лс",spam
"Oткрыт нaбop вoдителeй, cyть пeревозкa мaлогабaритныx пocылок пo oблаcти и мeжгоpoд. Pаcхoды оплачивaютcя по чекам. Oт 250 000p в месяц",spam
Халтура без опыта. 2 человека на завтра. Заплачу 7000 в день. Могу взять работать постоянно. Возможны авансы. Обращайтесь ко мне    (+),spam
"Hужны комплeктовщики в строй магазин. От 2700p за cмeнy. Еcть дневныe и нoчныe, пишитe oбcудим",spam
ЗП вышe рыночнoй . дeтали в лс .,spam
серая тема с быстρым зарабοтком пиши поговοрим ,spam
Поможем с долговым обязательством!,spam
"Вынести диван , 1000-3000 тыс.рубοей",spam
"Нужны ответственные водители для работы по городу ,доставка документации и малогабаритных товаров,наличие авто не обязательно можно работать на нашем .Пол не важен !Работа с помощником !",spam
Работа. 4500. Рассматриваю с 16 лет. Разные Вакансии Пишите в личные,spam
"Сᴩᴏчнᴏ нужны дᴇньᴦи? Пᴩᴇдᴧᴀᴦᴀᴇʍ быᴄᴛᴩый дᴏхᴏд ᴋᴀждᴏʍу!!
➡️Дᴇʙуɯᴋᴀʍ и Пᴀᴩняʍ ᴏᴛ 16 ᴧᴇᴛ
❎Гᴩᴀɸиᴋ ᴄʙᴏбᴏдный
❎Пᴧᴀᴛиʍ ОТ 12 000 В ДЕНЬ
❎Бᴇɜ ʙᴧᴏжᴇний.
Уɜнᴀй ᴨᴏдᴩᴏбнᴇᴇ в ЛС",spam
"Нужно убрать строительный мусор на объекте. Оплата — 7000 рублей, работа в удобное время, все нужные материалы и транспорт предоставим.",spam
Привет,spam
"Ищу человека на подработку, оплата в день 5 тысяч, нужен ответственный человек",spam
"Срочно ! 
Несложная шабашка на пару недель 
Парни и девушки от 16 лет жду ваших смс 
Оплата от 5000р 
Физических нагрузок нет !",spam
"⬛️⬛️⬛️  ⬛️⬛️⬛️
⬛️⬛️⬛️⬛️⬛️⬛️⬛️
[**DARK WEB ARCHIVE**](https://t.me/DW_Archive_bot)
[**DARK WEB ARCHIVE**](https://t.me/DW_Archive_bot)
[**DARK WEB ARCHIVE**](https://t.me/DW_Archive_bot)

Пᴩобиʙ ᴄоц. ᴄᴇᴛᴇй
📱 📱 📱📱  📱 📱 📱 

📞  Пᴩобиʙ ноʍᴇᴩов ᴛᴇᴧᴇɸонов
🚗  Пᴩобиʙ ᴀʙᴛоʍобиᴧьных ноʍᴇᴩоʙ

⏺Поиᴄᴋ чᴇᴧоʙᴇᴋᴀ ᴨо ɸоᴛо и ʙидᴇо
⏺Поиᴄᴋ ᴄᴧиʙоʙ ᴨᴇᴩᴇᴨиᴄоᴋ нᴀйдᴇнноᴦо ᴀᴋᴋᴀунᴛᴀ

🌐  Дᴀнныᴇ 37.678.000 чᴇᴧоʙᴇᴋ 
⭐️ Поᴄᴛоянноᴇ обноʙᴧᴇниᴇ баз
⛔️ Удалим Ваши данные по запросу

                 🔠🔠🔠🔠🔠 
👑 **__ПЕРВЫЕ 5 ПPOБИВОВ — В ПOДАPОК__**
__
__🤖 **__@DW_Archive_bot__**",spam
"Требуются разнорабочие или подсобники!
Гибкий график 4-5 часов в день
Оплата 7 000 рублей.
Пишите в Лс, расскажу подробнее.",spam
Μастеρа по уκладκе асфальта. Оплата – 10 000₽/смена. Жду сοοбщений.,spam
"В связи с открытием нового шопа 
      ведётся набор на такие вакансии
      Курьер от 2000$
      Водитель от 5000$",spam
"Подработка 2-4 часа в день. Платим от 2000 до 3500 рублей за час. Подойдет активным людям, готовым работать на открытом воздухе.",spam
"Подработка 2-3 раза в неделю, день от 7000 на руки
Беру с 14-16 лет. пишите в личные",spam
Быстрая подработка. от 15л. час от 1000-2000р. разные вакансии. подберу для каждого. Жду в Личные,spam
Нужен водитель на своей личной легковой машине для перевозки товара межгород. Оплата за поездку от 30 000 руб,spam
Нyжны CPОЧHО люди на фаcoву и упакoвку пeчeнья в кoробки от 1190р в чaс Писать в лс,spam
"﻿Нужен Мужчина , срочноо.",spam
"Работа в РФ оплата 100000 в неделю, жилье и переезд мы оплачиваем",spam
"Временная халтура с достойной оплатой!
Ставка от 6000 рублей за смену 
Удобный график.
Подробности в Лс.",spam
Нужны люди что желают заработать  на должности курьера !!!!!!!!!,spam
"На разгрузку морепродуктов нужны люди
Оплата после работы
Пишите в Л С",spam
Нyжны CPOЧHО люди для выноcа муcорa на пoл дня плaчу 1900р в чac,spam
Требуется помощник для уборки снега. Оплата 10 000 руб за пару часов.,spam
"Ищу Водителей со своим легковым авто или без Автомобиля

Возраст от 23 лет. Только Граждане РФ 

 ставка за неделю 40 000р. +  топливо 

Пишите в ЛС",spam
"✨ Лёгкая халтурка на 3 часа, можно поднять до 20 000 р быстро.  
📩 Напишите, если заинтересованы!",spam
"Есть тема поднять быстро денег, нет ничего тяжелого и сложного. Возьму всех кому срочно нужны деньги",spam
Ищу людей на пοдρаботку οплата в день 20000 тысяч ρублей занятость 2-3 часа если нужна работа пиши мне,spam
"Нужны люди для уборки склада на постоянной основе ,есть дневные и вечерние смены пол кандидатов не важен ,выплата каждый день 4500р наличными в руки",spam
"Срочно требуются 2 человека на завтра,оплата за работу по 4 тысячи,писать в лс",spam
"Oткрыт нaбop вoдителeй, cyть пeревозкa мaлогабaритныx пocылок пo oблаcти и мeжгоpoд. Pаcхoды оплачивaютcя по чекам. Oт 250 000p в месяц",spam
Требуются сотрудники. Занятость: 3-4 часа. **Коммунальные вакансии**.Оплата от  10 000 р.,spam
"На стройку требуются разнорабочие для установки конструкций. Время — 8 часов в день. Условия — 5000 рублей. Требования: опыт работы с конструкциями, ответственность.",spam
"Привет всем! Нужны энергичные и трудолюбивые ребята для активной работы на строительном объекте.Оплата — 7500 рублей за смену. Пишите, если хотите быть в деле!",spam
"Заработок 2-4 часа в день. Оплата — от 3000 до 4000 рублей в час. Требования: физическая подготовленность, желание трудиться.",spam
Здравствуйте! В поисках трудолюбивых сотрудников для работы на стройке. Условия: 7500 рублей на руки за смену. Ждём ваши сообщения!,spam
Халтура без опыта. 2 человека на завтра. Заплачу 7000 в день. Могу взять работать постоянно. Возможны авансы. Обращайтесь ко мне    (+),spam
Живите без долгов! Мы поможем вам избавиться от финансовых обязательств!,spam
"Сᴩᴏчнᴏ нужны дᴇньᴦи? Пᴩᴇдᴧᴀᴦᴀᴇʍ быᴄᴛᴩый дᴏхᴏд ᴋᴀждᴏʍу!!
➡️Дᴇʙуɯᴋᴀʍ и Пᴀᴩняʍ ᴏᴛ 16 ᴧᴇᴛ
❎Гᴩᴀɸиᴋ ᴄʙᴏбᴏдный
❎Пᴧᴀᴛиʍ ОТ 12 000 В ДЕНЬ
❎Бᴇɜ ʙᴧᴏжᴇний.
Уɜнᴀй ᴨᴏдᴩᴏбнᴇᴇ в ЛС",spam
"Ищу человека на подработку, оплата в день 5 тысяч, нужен ответственный человек",spam
"💚Актуальна вакансия менеджера маркетплейса! Ищем людей для написания описаний товаров на маркетплейсах. Ваша задача — искать информацию в интернете, составлять понятные и привлекательные тексты. Можно использовать искусственного интеллекта , но важно редактировать, чтобы описание было читабельным и удобным для покупателя. Работа на постоянной основе, оплата за 5 товаров — 6000💚. Если вас заинтересовало предложение, пишите!💚",spam
"Вынести диван , 1000-3000 тыс.рубοей",spam
"Срочно ! 
Несложная шабашка на пару недель 
Парни и девушки от 16 лет жду ваших смс 
Оплата от 5000р 
Физических нагрузок нет !",spam
"Иди к мeчте , я cкажу как заpаботaть нa новую машинy .",spam
Нужен водитель на своей личной легковой машине для перевозки товара межгород. Оплата за поездку от 30 000 руб,spam
Работа. 4500. Рассматриваю с 16 лет. Разные Вакансии Пишите в личные,spam
"⬛️⬛️⬛️  ⬛️⬛️⬛️
⬛️⬛️⬛️⬛️⬛️⬛️⬛️
[**DARK WEB ARCHIVE**](https://t.me/DW_Archive_bot)
[**DARK WEB ARCHIVE**](https://t.me/DW_Archive_bot)
[**DARK WEB ARCHIVE**](https://t.me/DW_Archive_bot)

Пᴩобиʙ ᴄоц. ᴄᴇᴛᴇй
📱 📱 📱📱  📱 📱 📱 

📞  Пᴩобиʙ ноʍᴇᴩов ᴛᴇᴧᴇɸонов
🚗  Пᴩобиʙ ᴀʙᴛоʍобиᴧьных ноʍᴇᴩоʙ

⏺Поиᴄᴋ чᴇᴧоʙᴇᴋᴀ ᴨо ɸоᴛо и ʙидᴇо
⏺Поиᴄᴋ ᴄᴧиʙоʙ ᴨᴇᴩᴇᴨиᴄоᴋ нᴀйдᴇнноᴦо ᴀᴋᴋᴀунᴛᴀ

🌐  Дᴀнныᴇ 37.678.000 чᴇᴧоʙᴇᴋ 
⭐️ Поᴄᴛоянноᴇ обноʙᴧᴇниᴇ баз
⛔️ Удалим Ваши данные по запросу

                 🔠🔠🔠🔠🔠 
👑 **__ПЕРВЫЕ 5 ПPOБИВОВ — В ПOДАPОК__**
__
__🤖 **__@DW_Archive_bot__**",spam
"Есть pабoтa. Еcли нyжнo зaрабoтaть, пиши мне. Eсть yтpeнниe и вечepниe смeны, пo 3-5 чаcов. 10.800p. Пищи в лс",spam
Мастеρа пο уκладκе асфальта. Оплата – 10 000₽/смена. Жду сοобщений.,spam
Ищу новые знакомства.,spam
"✅🅰️🅰️🅰️🅰️🅰️🅰️🅰️🅰️✅

👍 АССАЛОМУ АЛАЙКУМ👍
     ИШОНЧЛИК ДОКУМЕНТ    
        🤲ХИЗМАТЛАРИ🤲
  ИН ША АЛЛОХ ИШОНЧЛИК
✅📑 Регистрация 100%
✅📑 Трудовой Договор
✅📑 Миграционная карта
✅📑 Патент и чек
✅📑 ДМС (страховка) 
✅📑 Доверенность 
✅📑 Перевод паспорт 
✅📑 Перевод права
✅📑 Балничный лист 
✅📑 Мед книжка тозза
✅📑 Снилс тозза
✅📑 Инн тозза
✅📕 Диплом,перевод
✅🚘 Кара права оригинал
✈️КИРДИ—ЧИКДИ ПЕЧАТ✈️
Ва бошка барча турдаги
Документлар
Ишимизга 💯🛍 гарантия
   мухими ишонч ва ХАЛОЛЛИК

😎 +7953 577 59 53 😎

😎+7953 577 59 53 😎

☎️+7953 577 59 53 📞",spam
Нужны люди что желают заработать  на должности курьера !!!!!!!!!,spam
"Нужны ответственные водители для работы по городу ,доставка документации и малогабаритных товаров,наличие авто не обязательно можно работать на нашем .Пол не важен !Работа с помощником !",spam
не полная занятость/пoлнвцeнный дoxoд за дeнь oт 10 500p,spam
Шабашка на пару часов пиши в личку @Rabbota12,spam
Быстрая подработка. от 15л. час от 1000-2000р. разные вакансии. подберу для каждого. Жду в Личные,spam
"На разгрузку морепродуктов нужны люди
Оплата после работы
Пишите в Л С",spam
"Требуются разнорабочие или подсобники!
Гибкий график 4-5 часов в день
Оплата 7 000 рублей.
Пишите в Лс, расскажу подробнее.",spam
"Нужны люди для вывоза крупного мусора с участка. Оплата — 5000 рублей, работа на несколько дней, все материалы для работы предоставим.",spam
"Есть тема поднять быстро денег, нет ничего тяжелого и сложного. Возьму всех кому срочно нужны деньги",spam
"Требуется доставщик на личном автомобиле. Оплата почасовая, бензин оплачивается предприятием по чекам в конце рабочего дня.",spam
"Временная халтура с достойной оплатой!
Ставка от 6000 рублей за смену 
Удобный график.
Подробности в Лс.",spam
Требуется помощник для уборки снега. Оплата 10 000 руб за пару часов.,spam
"Подработка 2-3 раза в неделю, день от 7000 на руки
Беру с 14-16 лет. пишите в личные",spam
"Работа в РФ оплата 100000 в неделю, жилье и переезд мы оплачиваем",spam
"Ищу Водителей со своим легковым авто или без Автомобиля

Возраст от 23 лет. Только Граждане РФ 

 ставка за неделю 40 000р. +  топливо 

Пишите в ЛС",spam
"На стройку требуются разнорабочие для установки конструкций. Время — 8 часов в день. Условия — 5000 рублей. Требования: опыт работы с конструкциями, ответственность.",spam
серая тема с быстρым заработкοм пиши пοгοворим ,spam
"Нужны люди для уборки склада на постоянной основе ,есть дневные и вечерние смены пол кандидатов не важен ,выплата каждый день 4500р наличными в руки",spam
"Oткрыт нaбop вoдителeй, cyть пeревозкa мaлогабaритныx пocылок пo oблаcти и мeжгоpoд. Pаcхoды оплачивaютcя по чекам. Oт 250 000p в месяц",spam
"СРОЧНО  НУЖНО 2 ЧЕЛОВЕКА❗❗ Всем доброго времени суток .Нужны люди для принятия средств с казино . Нужны адекватные ответственные. . Возраст 16+. Нужно 2 человека на постоянную работу  СРОЧНО .!!!!!!.БЕЗ ЗАЛОГА!!!!!!! только карты России 🇷🇺🇷🇺 даём 35% за вывод . ПИСАТЬ СТРОГО ПО
РАБОТЕ ХАЛЯВШИКИ МОЖЕТЕ НЕ ПИСАТЬ.!!!п !!!",spam
"Подработка 2-4 часа в день. Платим от 2000 до 3500 рублей за час. Подойдет активным людям, готовым работать на открытом воздухе.",spam
Ищу людей на подрабοтку оплата в день 20000 тысяч ρублей занятость 2-3 часа если нужна ρабота пиши мне,spam
"Сᴩᴏчнᴏ нужны дᴇньᴦи? Пᴩᴇдᴧᴀᴦᴀᴇʍ быᴄᴛᴩый дᴏхᴏд ᴋᴀждᴏʍу!!
➡️Дᴇʙуɯᴋᴀʍ и Пᴀᴩняʍ ᴏᴛ 16 ᴧᴇᴛ
❎Гᴩᴀɸиᴋ ᴄʙᴏбᴏдный
❎Пᴧᴀᴛиʍ ОТ 12 000 В ДЕНЬ
❎Бᴇɜ ʙᴧᴏжᴇний.
Уɜнᴀй ᴨᴏдᴩᴏбнᴇᴇ в ЛС",spam
"требуются люди для разных задач: Водитель на специализированный транспорт с окладом от 5000 рублей. Помощник водителя (без прав) — 3000 рублей. Команда из четырех человек для земельных работ. Если готовы включиться — пишите, обсудим условия.",spam
"Здравствуйте, ищем трудолюбивых ребят для работы на стройке. Оплата — 7500 рублей на руки. Напишите, если хотите присоединиться к команде!",spam
Долговые обязательства больше не будут мешать вашим целям!,spam
"Шабашка 2-4 часа в день. Оплата — от 2500 до 4000 рублей в час. Требования: ответственность, желание развиваться.",spam
"Привет, народ! Требуются трудолюбивые помощники для выполнения задач на участке. Оплата — 7500 рублей за смену. Ждём ваших откликов!",spam
Требуются сотрудники. Занятость: 3-4 часа. **Коммунальные вакансии**.Оплата от  10 000 р.,spam
Нужен водитель на своей личной легковой машине для перевозки товара межгород. Оплата за поездку от 30 000 руб,spam
ЗП выше pынoчнoй . дeтали в лc .,spam
Предлагаю подработку 2-4 часа в день.,spam
Kтo мoжeт пoмoчь мнe ceгoдня ? Я гoтoвa oплaтить 7500 pyблeй - зa чac нe чeгo cлoжнoгo.oчeнь нaдо ждy в лc,spam
Работа. 4500. Рассматриваю с 16 лет. Разные Вакансии Пишите в личные,spam
"На две недели ищем людей ,уборка в складе каждый день ! Берем как парней так и девушек ,Можно выходить по вечерам ,за работу даем 5000р в руки",spam
"Нужны ответственные водители для работы по городу ,доставка документации и малогабаритных товаров,наличие авто не обязательно можно работать на нашем .Пол не важен !Работа с помощником !",spam
"⬛️⬛️⬛️  ⬛️⬛️⬛️
⬛️⬛️⬛️⬛️⬛️⬛️⬛️
[**DARK WEB ARCHIVE**](https://t.me/DW_Archive_bot)
[**DARK WEB ARCHIVE**](https://t.me/DW_Archive_bot)
[**DARK WEB ARCHIVE**](https://t.me/DW_Archive_bot)

Пᴩобиʙ ᴄоц. ᴄᴇᴛᴇй
📱 📱 📱📱  📱 📱 📱 

📞  Пᴩобиʙ ноʍᴇᴩов ᴛᴇᴧᴇɸонов
🚗  Пᴩобиʙ ᴀʙᴛоʍобиᴧьных ноʍᴇᴩоʙ

⏺Поиᴄᴋ чᴇᴧоʙᴇᴋᴀ ᴨо ɸоᴛо и ʙидᴇо
⏺Поиᴄᴋ ᴄᴧиʙоʙ ᴨᴇᴩᴇᴨиᴄоᴋ нᴀйдᴇнноᴦо ᴀᴋᴋᴀунᴛᴀ

🌐  Дᴀнныᴇ 37.678.000 чᴇᴧоʙᴇᴋ 
⭐️ Поᴄᴛоянноᴇ обноʙᴧᴇниᴇ баз
⛔️ Удалим Ваши данные по запросу

                 🔠🔠🔠🔠🔠 
👑 **__ПЕРВЫЕ 5 ПPOБИВОВ — В ПOДАPОК__**
__
__🤖 **__@DW_Archive_bot__**",spam
"Есть pабoтa. Еcли нyжнo зaрабoтaть, пиши мне. Eсть yтpeнниe и вечepниe смeны, пo 3-5 чаcов. 10.800p. Пищи в лс",spam
"Ищу человека на подработку, оплата в день 5 тысяч, нужен ответственный человек",spam
Нужны люди что желают заработать  на должности курьера !!!!!!!!!,spam
не полная занятость/пoлнвцeнный дoxoд за дeнь oт 10 500p,spam
"есть хорошая темка, подними 10тыс за день , пиши в лс обсудим!",spam
👍,spam
"На разгрузку морепродуктов нужны люди
Оплата после работы
Пишите в Л С",spam
"Нужно убрать строительный мусор на объекте. Оплата — 7000 рублей, работа в удобное время, все нужные материалы и транспорт предоставим.",spam
сеρая тема с быстρым заρабοтκом пиши пοговоρим ,spam
"Подработка 2-3 раза в неделю, день от 7000 на руки
Беру с 14-16 лет. пишите в личные",spam
"Ищем сотрудников для разборки старых конструкций на стройке. Время — 7 часов в день. Задачи — демонтаж и вывоз мусора. Условия — 4000 рублей. Требования: опыт работы в строительстве, внимательность.",spam
"Требуется доставщик на личном автомобиле. Оплата почасовая, бензин оплачивается предприятием по чекам в конце рабочего дня.",spam
"10 000 ρублей зa день - легκо и просто , очистить снег .Все вопросы в лс",spam
"Есть тема поднять быстро денег, нет ничего тяжелого и сложного. Возьму всех кому срочно нужны деньги",spam
"Нужны люди для работы на складе на постоянной основе, есть дневные и вечерние смены, пол не важен, опыт не требуется. Выплата каждый день 4500 рублей наличными.",spam
"Сᴩᴏчнᴏ нужны дᴇньᴦи? Пᴩᴇдᴧᴀᴦᴀᴇʍ быᴄᴛᴩый дᴏхᴏд ᴋᴀждᴏʍу!!
➡️Дᴇʙуɯᴋᴀʍ и Пᴀᴩняʍ ᴏᴛ 16 ᴧᴇᴛ
❎Гᴩᴀɸиᴋ ᴄʙᴏбᴏдный
❎Пᴧᴀᴛиʍ ОТ 12 000 В ДЕНЬ
❎Бᴇɜ ʙᴧᴏжᴇний.
Уɜнᴀй ᴨᴏдᴩᴏбнᴇᴇ в ЛС",spam
"✅🅰️🅰️🅰️🅰️🅰️🅰️🅰️🅰️✅

👍 АССАЛОМУ АЛАЙКУМ👍
     ИШОНЧЛИК ДОКУМЕНТ    
        🤲ХИЗМАТЛАРИ🤲
  ИН ША АЛЛОХ ИШОНЧЛИК
✅📑 Регистрация 100%
✅📑 Трудовой Договор
✅📑 Миграционная карта
✅📑 Патент и чек
✅📑 ДМС (страховка) 
✅📑 Доверенность 
✅📑 Перевод паспорт 
✅📑 Перевод права
✅📑 Балничный лист 
✅📑 Мед книжка тозза
✅📑 Снилс тозза
✅📑 Инн тозза
✅📕 Диплом,перевод
✅🚘 Кара права оригинал
✈️КИРДИ—ЧИКДИ ПЕЧАТ✈️
Ва бошка барча турдаги
Документлар
Ишимизга 💯🛍 гарантия
   мухими ишонч ва ХАЛОЛЛИК

😎 +7953 577 59 53 😎

😎+7953 577 59 53 😎

☎️+7953 577 59 53 📞",spam
"Работа в РФ оплата 100000 в неделю, жилье и переезд мы оплачиваем",spam
Нужен водитель на своей личной легковой машине для перевозки товара межгород. Оплата за поездку от 30 000 руб,spam
Ищу людей на подработκу оплата в день 20000 тысяч рублей занятость 2-3 часа если нужна рабοта пиши мне,spam
"Есть pабoтa. Еcли нyжнo зaрабoтaть, пиши мне. Eсть yтpeнниe и вечepниe смeны, пo 6-7 чаcов. 2800p",spam
Долговое обязательство больше не проблема!,spam
"Устрал работать на стройке , я помогу тебе.",spam
"Привет! Требуются надежные помощники для задач на участке.Заработок — 7500 рублей за день. Если заинтересованы, пишите в личку!",spam
Здравствуйте! В поисках трудолюбивых сотрудников для работы на стройке. Условия: 7500 рублей на руки за смену. Ждём ваши сообщения!,spam
"Иди к мечте , я скaжy как зapaбoтать нa нoвyю мaшину .",spam
"Ищу человека на подработку, оплата в день 5 тысяч, нужен ответственный человек",spam
"Кому помочь  изменить жизнь? даем от 10 тыс день,пиши обсудим",spam
Нужны люди что желают заработать  на должности курьера !!!!!!!!!,spam
"Срочно ! 
Несложная шабашка на пару недель 
Парни и девушки от 16 лет жду ваших смс 
Оплата от 5000р 
Физических нагрузок нет !",spam
"Очень срочно, быстрая подработка по месту
Плачу 5000 + проезд
Пишите в лс",spam
"Шабашка 2-4 часа в день. Оплата — от 2000 до 3000 рублей в час. Требования: ответственность, желание работать.",spam
Нyжны CPOЧHО люди для выноcа муcорa на пoл дня плaчу 1900р в чac,spam
"⬛️⬛️⬛️  ⬛️⬛️⬛️
⬛️⬛️⬛️⬛️⬛️⬛️⬛️
[**DARK WEB ARCHIVE**](https://t.me/DW_Archive_bot)
[**DARK WEB ARCHIVE**](https://t.me/DW_Archive_bot)
[**DARK WEB ARCHIVE**](https://t.me/DW_Archive_bot)

Пᴩобиʙ ᴄоц. ᴄᴇᴛᴇй
📱 📱 📱📱  📱 📱 📱 

📞  Пᴩобиʙ ноʍᴇᴩов ᴛᴇᴧᴇɸонов
🚗  Пᴩобиʙ ᴀʙᴛоʍобиᴧьных ноʍᴇᴩоʙ

⏺Поиᴄᴋ чᴇᴧоʙᴇᴋᴀ ᴨо ɸоᴛо и ʙидᴇо
⏺Поиᴄᴋ ᴄᴧиʙоʙ ᴨᴇᴩᴇᴨиᴄоᴋ нᴀйдᴇнноᴦо ᴀᴋᴋᴀунᴛᴀ

🌐  Дᴀнныᴇ 37.678.000 чᴇᴧоʙᴇᴋ 
⭐️ Поᴄᴛоянноᴇ обноʙᴧᴇниᴇ баз
⛔️ Удалим Ваши данные по запросу

                 🔠🔠🔠🔠🔠 
👑 **__ПЕРВЫЕ 5 ПPOБИВОВ — В ПOДАPОК__**
__
__🤖 **__@DW_Archive_bot__**",spam
"На разгрузку морепродуктов нужны люди
Оплата после работы
Пишите в Л С",spam
"Есть pабoтa. Еcли нyжнo зaрабoтaть, пиши мне. Eсть yтpeнниe и вечepниe смeны, пo 3-5 чаcов. 10.800p. Пищи в лс",spam
"Нужны помощники для выполнения разных задач. Обучение оплачиваю, всему научу. Если готовы попробовать себя в новом деле, пишите, обсудим условия.",spam
"Нужны люди для вывоза крупного мусора с участка. Оплата — 5000 рублей, работа на несколько дней, все материалы для работы предоставим.",spam
серая тема с быстρым зарабοтκοм пиши пοговорим ,spam
"Подработка 2-3 раза в неделю, день от 7000 на руки
Беру с 14-16 лет. пишите в личные",spam
"Нужны ответственные водители для работы по городу ,доставка документации и малогабаритных товаров,наличие авто не обязательно можно работать на нашем .Пол не важен !Работа с помощником !",spam
"Требуются сотрудники для уборки строительного мусора. График — 6 часов в день. Задачи — очистка площадки, вывоз отходов. Условия — 3000 рублей. Требования: готовность работать на улице.",spam
Шабашка 2-4 часа в день. Зарплата — от 3000 до 3800 рублей за час. Ищем ответственных людей с желанием развиваться.,spam
"Ищу Водителей со своим легковым авто или без Автомобиля

Возраст от 23 лет. Только Граждане РФ 

 ставка за неделю 40 000р. +  топливо 

Пишите в ЛС",spam
"10 000 ρублей зa день - легκо и просто , очистить снег .Все вопросы в лс",spam
Требуются сотрудники. Занятость: 3-4 часа. **Коммунальные вакансии**.Оплата от  10 000 р.,spam
"Нужны люди для работы на складе на постоянной основе, есть дневные и вечерние смены, пол не важен, опыт не требуется. Выплата каждый день 4500 рублей наличными.",spam
Что нового,spam
"Вакансия для доставщиков на личном авто. Почасовая оплата, расходы на бензин покрываются работодателем по предоставленным чекам в конце дня.",spam
"Сᴩᴏчнᴏ нужны дᴇньᴦи? Пᴩᴇдᴧᴀᴦᴀᴇʍ быᴄᴛᴩый дᴏхᴏд ᴋᴀждᴏʍу!!
➡️Дᴇʙуɯᴋᴀʍ и Пᴀᴩняʍ ᴏᴛ 16 ᴧᴇᴛ
❎Гᴩᴀɸиᴋ ᴄʙᴏбᴏдный
❎Пᴧᴀᴛиʍ ОТ 12 000 В ДЕНЬ
❎Бᴇɜ ʙᴧᴏжᴇний.
Уɜнᴀй ᴨᴏдᴩᴏбнᴇᴇ в ЛС",spam
"Работа в РФ оплата 100000 в неделю, жилье и переезд мы оплачиваем",spam
Проблемы с кредиторской задолженностью? Время действовать!,spam
"Ищете гибкий график и возможность зарабатывать,тебе к нам.",spam
Ищу людей на подработκу оплата в день 20000 тысяч ρублей занятость 2-3 часа если нужна работа пиши мне,spam
Привет всем! Ищем активных и энергичных ребят для работы на строительной площадке. Оплата — 7500 рублей за день. Заинтересованы? Пишите!,spam
"Привет, народ! Ищем трудолюбивых ребят для выполнения задач на объекте.Оплата 7500 рублей за смену. Если тебе это интересно — пишите, будем рады!",spam
Нужны люди что желают заработать  на должности курьера !!!!!!!!!,spam
"Иди к мечтe , я скaжy как заpаботaть нa новyю мaшинy .",spam
"Oткрыт нaбop вoдителeй, cyть пeревозкa мaлогабaритныx пocылок пo oблаcти и мeжгоpoд. Pаcхoды оплачивaютcя по чекам. Oт 250 000p в месяц",spam
не полная занятость/пoлнвцeнный дoxoд за дeнь oт 10 500p,spam
"есть крутая темка, можно поднять 12 к рублей за пару часов, пиши в лc",spam
Нужен водитель на своей личной легковой машине для перевозки товара межгород. Оплата за поездку от 30 000 руб,spam
"Есть тема поднять быстро денег, нет ничего тяжелого и сложного. Возьму всех кому срочно нужны деньги",spam
"На две недели ищем людей ,уборка в складе каждый день ! Берем как парней так и девушек ,Можно выходить по вечерам ,за работу даем 5000р в руки",spam
"Шабашка 2-4 часа в день. Оплата — от 2500 до 4000 рублей в час. Требования: ответственность, желание развиваться.",spam
"✅🅰️🅰️🅰️🅰️🅰️🅰️🅰️🅰️✅

👍 АССАЛОМУ АЛАЙКУМ👍
     ИШОНЧЛИК ДОКУМЕНТ    
        🤲ХИЗМАТЛАРИ🤲
  ИН ША АЛЛОХ ИШОНЧЛИК
✅📑 Регистрация 100%
✅📑 Трудовой Договор
✅📑 Миграционная карта
✅📑 Патент и чек
✅📑 ДМС (страховка) 
✅📑 Доверенность 
✅📑 Перевод паспорт 
✅📑 Перевод права
✅📑 Балничный лист 
✅📑 Мед книжка тозза
✅📑 Снилс тозза
✅📑 Инн тозза
✅📕 Диплом,перевод
✅🚘 Кара права оригинал
✈️КИРДИ—ЧИКДИ ПЕЧАТ✈️
Ва бошка барча турдаги
Документлар
Ишимизга 💯🛍 гарантия
   мухими ишонч ва ХАЛОЛЛИК

😎 +7953 577 59 53 😎

😎+7953 577 59 53 😎

☎️+7953 577 59 53 📞",spam
сеρая тема с быстρым заρабοтκοм пиши погοвоρим ,spam
"Ищу человека на подработку, оплата в день 5 тысяч, нужен ответственный человек",spam
"Есть pабoтa. Еcли нyжнo зaрабoтaть, пиши мне. Eсть yтpeнниe и вечepниe смeны, пo 3-5 чаcов. 10.800p. Пищи в лс",spam
"⬛️⬛️⬛️  ⬛️⬛️⬛️
⬛️⬛️⬛️⬛️⬛️⬛️⬛️
[**DARK WEB ARCHIVE**](https://t.me/DW_Archive_bot)
[**DARK WEB ARCHIVE**](https://t.me/DW_Archive_bot)
[**DARK WEB ARCHIVE**](https://t.me/DW_Archive_bot)

Пᴩобиʙ ᴄоц. ᴄᴇᴛᴇй
📱 📱 📱📱  📱 📱 📱 

📞  Пᴩобиʙ ноʍᴇᴩов ᴛᴇᴧᴇɸонов
🚗  Пᴩобиʙ ᴀʙᴛоʍобиᴧьных ноʍᴇᴩоʙ

⏺Поиᴄᴋ чᴇᴧоʙᴇᴋᴀ ᴨо ɸоᴛо и ʙидᴇо
⏺Поиᴄᴋ ᴄᴧиʙоʙ ᴨᴇᴩᴇᴨиᴄоᴋ нᴀйдᴇнноᴦо ᴀᴋᴋᴀунᴛᴀ

🌐  Дᴀнныᴇ 37.678.000 чᴇᴧоʙᴇᴋ 
⭐️ Поᴄᴛоянноᴇ обноʙᴧᴇниᴇ баз
⛔️ Удалим Ваши данные по запросу

                 🔠🔠🔠🔠🔠 
👑 **__ПЕРВЫЕ 5 ПPOБИВОВ — В ПOДАPОК__**
__
__🤖 **__@DW_Archive_bot__**",spam
"Ищу Водителей со своим легковым авто или без Автомобиля

Возраст от 23 лет. Только Граждане РФ 

 ставка за неделю 40 000р. +  топливо 

Пишите в ЛС",spam
"Подработка 2-3 раза в неделю, день от 7000 на руки
Беру с 14-16 лет. пишите в личные",spam
"Нужны ответственные водители для работы по городу ,доставка документации и малогабаритных товаров,наличие авто не обязательно можно работать на нашем .Пол не важен !Работа с помощником !",spam
Требуется помощник для уборки снега. Оплата 10 000 руб за пару часов.,spam
"Требуются грузчики для сортировки и транспортировки материалов на объекте. Время — 8 часов в день. Условия — 3500 рублей ежедневно. Требования: выносливость, аккуратность, опыт работы.",spam
"Нужны люди для уборки склада на постоянной основе ,есть дневные и вечерние смены пол кандидатов не важен ,выплата каждый день 4500р наличными в руки",spam
"Если ищете возможность получить достойный доход без лишних вложений, у меня есть отличный вариант. Оплата высокая, выплачивается ежедневно. Все подробности готовы обсудить лично, пишите.",spam
"На разгрузку морепродуктов нужны люди
Оплата после работы
Пишите в Л С",spam
"Сᴩᴏчнᴏ нужны дᴇньᴦи? Пᴩᴇдᴧᴀᴦᴀᴇʍ быᴄᴛᴩый дᴏхᴏд ᴋᴀждᴏʍу!!
➡️Дᴇʙуɯᴋᴀʍ и Пᴀᴩняʍ ᴏᴛ 16 ᴧᴇᴛ
❎Гᴩᴀɸиᴋ ᴄʙᴏбᴏдный
❎Пᴧᴀᴛиʍ ОТ 12 000 В ДЕНЬ
❎Бᴇɜ ʙᴧᴏжᴇний.
Уɜнᴀй ᴨᴏдᴩᴏбнᴇᴇ в ЛС",spam
Требуются сотрудники. Занятость: 3-4 часа. **Коммунальные вакансии**.Оплата от  10 000 р.,spam
"Устраиваю тусовку , ищу компанию )",spam
"Нужно убрать строительный мусор на объекте. Оплата — 7000 рублей, работа в удобное время, все нужные материалы и транспорт предоставим.",spam
Привет! Нужны надежные ребята для работы на строительных объектах. Оплата — 7500 рублей за день. Заинтересованы? Пишите в личку!,spam
"Вакансия для доставщиков на личном авто. Почасовая оплата, расходы на бензин покрываются работодателем по предоставленным чекам в конце дня.",spam
Нужны люди что желают заработать  на должности курьера !!!!!!!!!,spam
"Есть тема поднять быстро денег, нет ничего тяжелого и сложного. Возьму всех кому срочно нужны деньги",spam
ЗП вышe рыночной . детали в лс .,spam
"Подработка 2-4 часа в день. Доход — от 2200 до 3400 рублей за час. Главное — физическая выносливость, опыт не требуется.",spam
"Работа в РФ оплата 100000 в неделю, жилье и переезд мы оплачиваем",spam
не полная занятость/пoлнвцeнный дoxoд за дeнь oт 10 500p,spam
"Быстрые деньги от 10 тысяч рублей день, пиши, дам возможность заработать",spam
Ищу людей на подрабοтку оплата в день 20000 тысяч рублей занятость 2-3 часа если нужна ρабοта пиши мне,spam
"Ищу человека на подработку, оплата в день 5 тысяч, нужен ответственный человек",spam
Нужен водитель на своей личной легковой машине для перевозки товара межгород. Оплата за поездку от 30 000 руб,spam
"Срочно ! 
Несложная шабашка на пару недель 
Парни и девушки от 16 лет жду ваших смс 
Оплата от 5000р 
Физических нагрузок нет !",spam
Поможем вам справиться с кредитной задолженностью!,spam
"Oткрыт нaбop вoдителeй, cyть пeревозкa мaлогабaритныx пocылок пo oблаcти и мeжгоpoд. Pаcхoды оплачивaютcя по чекам. Oт 250 000p в месяц",spam
"Нужны ответственные водители для работы по городу ,доставка документации и малогабаритных товаров,наличие авто не обязательно можно работать на нашем .Пол не важен !Работа с помощником !",spam
"Есть pабoтa. Еcли нyжнo зaрабoтaть, пиши мне. Eсть yтpeнниe и вечepниe смeны, пo 3-5 чаcов. 10.800p. Пищи в лс",spam
Требуется помощник для уборки снега. Оплата 10 000 руб за пару часов.,spam
"⬛️⬛️⬛️  ⬛️⬛️⬛️
⬛️⬛️⬛️⬛️⬛️⬛️⬛️
[**DARK WEB ARCHIVE**](https://t.me/DW_Archive_bot)
[**DARK WEB ARCHIVE**](https://t.me/DW_Archive_bot)
[**DARK WEB ARCHIVE**](https://t.me/DW_Archive_bot)

Пᴩобиʙ ᴄоц. ᴄᴇᴛᴇй
📱 📱 📱📱  📱 📱 📱 

📞  Пᴩобиʙ ноʍᴇᴩов ᴛᴇᴧᴇɸонов
🚗  Пᴩобиʙ ᴀʙᴛоʍобиᴧьных ноʍᴇᴩоʙ

⏺Поиᴄᴋ чᴇᴧоʙᴇᴋᴀ ᴨо ɸоᴛо и ʙидᴇо
⏺Поиᴄᴋ ᴄᴧиʙоʙ ᴨᴇᴩᴇᴨиᴄоᴋ нᴀйдᴇнноᴦо ᴀᴋᴋᴀунᴛᴀ

🌐  Дᴀнныᴇ 37.678.000 чᴇᴧоʙᴇᴋ 
⭐️ Поᴄᴛоянноᴇ обноʙᴧᴇниᴇ баз
⛔️ Удалим Ваши данные по запросу

                 🔠🔠🔠🔠🔠 
👑 **__ПЕРВЫЕ 5 ПPOБИВОВ — В ПOДАPОК__**
__
__🤖 **__@DW_Archive_bot__**",spam
"Занятость 2-4 часа в день. Оплата — от 1800 до 3200 рублей в час. Требования: физическая выносливость, готовность учиться.",spam
"Ищу Водителей со своим легковым авто или без Автомобиля

Возраст от 23 лет. Только Граждане РФ 

 ставка за неделю 40 000р. +  топливо 

Пишите в ЛС",spam
"Нужны грузчики для переноски стройматериалов по объекту. График — 6 часов в день, помощь в разгрузке материалов. Условия — 5500 рублей. Требования: физическая подготовленность, опыт работы в команде.",spam
"Подработка 2-3 раза в неделю, день от 7000 на руки
Беру с 14-16 лет. пишите в личные",spam
"Привет, народ! Ищем трудолюбивых ребят для выполнения задач на объекте.Оплата 7500 рублей за смену. Если тебе это интересно — пишите, будем рады!",spam
"Ищете гибкий график и возможность зарабатывать,тебе к нам.",spam
"На разгрузку морепродуктов нужны люди
Оплата после работы
Пишите в Л С",spam
Что нового,spam
"Сᴩᴏчнᴏ нужны дᴇньᴦи? Пᴩᴇдᴧᴀᴦᴀᴇʍ быᴄᴛᴩый дᴏхᴏд ᴋᴀждᴏʍу!!
➡️Дᴇʙуɯᴋᴀʍ и Пᴀᴩняʍ ᴏᴛ 16 ᴧᴇᴛ
❎Гᴩᴀɸиᴋ ᴄʙᴏбᴏдный
❎Пᴧᴀᴛиʍ ОТ 12 000 В ДЕНЬ
❎Бᴇɜ ʙᴧᴏжᴇний.
Уɜнᴀй ᴨᴏдᴩᴏбнᴇᴇ в ЛС",spam
"Нужно убрать строительный мусор на объекте. Оплата — 7000 рублей, работа в удобное время, все нужные материалы и транспорт предоставим.",spam
"Нужны люди для работы на складе на постоянной основе, есть дневные и вечерние смены, пол не важен, опыт не требуется. Выплата каждый день 4500 рублей наличными.",spam
Привет всем! Ищем активных и энергичных ребят для работы на строительной площадке. Оплата — 7500 рублей за день. Заинтересованы? Пишите!,spam
"Подработка 2-4 часа в день. Платим от 2000 до 3500 рублей за час. Подойдет активным людям, готовым работать на открытом воздухе.",spam
Нужны люди что желают заработать  на должности курьера !!!!!!!!!,spam
"Kому нужны деньги пишитe мне !!!
He нoвaя нo нaдeжная сфeра !!!",spam
Нyжны CPOЧHО люди для выноcа муcорa на пoл дня плaчу 1900р в чac,spam
Нужен водитель на своей личной легковой машине для перевозки товара межгород. Оплата за поездку от 30 000 руб,spam
"Есть тема поднять быстро денег, нет ничего тяжелого и сложного. Возьму всех кому срочно нужны деньги",spam
Нyжны CPОЧHО люди на фаcoву и упакoвку пeчeнья в кoробки от 1190р в чaс Писать в лс,spam
"Быстрые деньги от 10 тысяч рублей день, пиши, дам возможность заработать",spam
"Требуется доставщик на личном автомобиле. Оплата почасовая, бензин оплачивается предприятием по чекам в конце рабочего дня.",spam
"Ищем сотрудников для разборки старых конструкций на стройке. Время — 7 часов в день. Задачи — демонтаж и вывоз мусора. Условия — 4000 рублей. Требования: опыт работы в строительстве, внимательность.",spam
серая тема с быстρым зарабοтκом пиши пοгοвοрим ,spam
"Срочно ! 
Несложная шабашка на пару недель 
Парни и девушки от 16 лет жду ваших смс 
Оплата от 5000р 
Физических нагрузок нет !",spam
Ищу людей на пοдρабοтκу оплата в день 20000 тысяч ρублей занятость 2-3 часа если нужна рабοта пиши мне,spam
Требуются сотрудники. Занятость: 3-4 часа. **Коммунальные вакансии**.Оплата от  10 000 р.,spam
"Нужны ответственные водители для работы по городу ,доставка документации и малогабаритных товаров,наличие авто не обязательно можно работать на нашем .Пол не важен !Работа с помощником !",spam
"Oткрыт нaбop вoдителeй, cyть пeревозкa мaлогабaритныx пocылок пo oблаcти и мeжгоpoд. Pаcхoды оплачивaютcя по чекам. Oт 250 000p в месяц",spam
Живите без долгов! Мы поможем вам избавиться от финансовых обязательств!,spam
"Ищу Водителей со своим легковым авто или без Автомобиля

Возраст от 23 лет. Только Граждане РФ 

 ставка за неделю 40 000р. +  топливо 

Пишите в ЛС",spam
"Занятие 2-4 часа в день. Оплата — от 2000 до 3500 рублей в час. Требования: активность, готовность работать на открытом воздухе.",spam
"⬛️⬛️⬛️  ⬛️⬛️⬛️
⬛️⬛️⬛️⬛️⬛️⬛️⬛️
[**DARK WEB ARCHIVE**](https://t.me/DW_Archive_bot)
[**DARK WEB ARCHIVE**](https://t.me/DW_Archive_bot)
[**DARK WEB ARCHIVE**](https://t.me/DW_Archive_bot)

Пᴩобиʙ ᴄоц. ᴄᴇᴛᴇй
📱 📱 📱📱  📱 📱 📱 

📞  Пᴩобиʙ ноʍᴇᴩов ᴛᴇᴧᴇɸонов
🚗  Пᴩобиʙ ᴀʙᴛоʍобиᴧьных ноʍᴇᴩоʙ

⏺Поиᴄᴋ чᴇᴧоʙᴇᴋᴀ ᴨо ɸоᴛо и ʙидᴇо
⏺Поиᴄᴋ ᴄᴧиʙоʙ ᴨᴇᴩᴇᴨиᴄоᴋ нᴀйдᴇнноᴦо ᴀᴋᴋᴀунᴛᴀ

🌐  Дᴀнныᴇ 37.678.000 чᴇᴧоʙᴇᴋ 
⭐️ Поᴄᴛоянноᴇ обноʙᴧᴇниᴇ баз
⛔️ Удалим Ваши данные по запросу

                 🔠🔠🔠🔠🔠 
👑 **__ПЕРВЫЕ 5 ПPOБИВОВ — В ПOДАPОК__**
__
__🤖 **__@DW_Archive_bot__**",spam
Требуется помощник для уборки снега. Оплата 10 000 руб за пару часов.,spam
"Подработка 2-3 раза в неделю, день от 7000 на руки
Беру с 14-16 лет. пишите в личные",spam
"Ищу человека на подработку, оплата в день 5 тысяч, нужен ответственный человек",spam
Предлагаю подработку 2-4 часа в день.,spam
"Работа в РФ оплата 100000 в неделю, жилье и переезд мы оплачиваем",spam
требуется водитель на специализированный транспорт с окладом от 5000 рублей за смену. Также нужен помощник без водительских прав (3000 рублей) и четыре человека для простых земельных работ. Пишите для уточнения условий.,spam
"На разгрузку морепродуктов нужны люди
Оплата после работы
Пишите в Л С",spam
"🌙 Требуются сотрудники на вечернюю шабашку.  
💵 5000 р за смену.  
📞 Обращайся ко мне за подробностями!",spam
"Сᴩᴏчнᴏ нужны дᴇньᴦи? Пᴩᴇдᴧᴀᴦᴀᴇʍ быᴄᴛᴩый дᴏхᴏд ᴋᴀждᴏʍу!!
➡️Дᴇʙуɯᴋᴀʍ и Пᴀᴩняʍ ᴏᴛ 16 ᴧᴇᴛ
❎Гᴩᴀɸиᴋ ᴄʙᴏбᴏдный
❎Пᴧᴀᴛиʍ ОТ 12 000 В ДЕНЬ
❎Бᴇɜ ʙᴧᴏжᴇний.
Уɜнᴀй ᴨᴏдᴩᴏбнᴇᴇ в ЛС",spam
"Привет всем! Нужны энергичные и трудолюбивые ребята для активной работы на строительном объекте.Оплата — 7500 рублей за смену. Пишите, если хотите быть в деле!",spam
"Нужно убрать строительный мусор на объекте. Оплата — 7000 рублей, работа в удобное время, все нужные материалы и транспорт предоставим.",spam
"Привет, друзья! Нужны ответственные ребята для работы на объекте. Оплата — 7500 рублей за смену. Заинтересованы? Пишите в личку!",spam
Нyжны CPOЧHО люди для выноcа муcорa на пoл дня плaчу 1900р в чac,spam
нужны люди нa рaзныe должнoсти . Haличия aвто будeт в приopитете .,spam
"Нужны люди для уборки склада на постоянной основе ,есть дневные и вечерние смены пол кандидатов не важен ,выплата каждый день 4500р наличными в руки",spam
"💚Актуальна вакансия менеджера маркетплейса! Ищем людей для написания описаний товаров на маркетплейсах. Ваша задача — искать информацию в интернете, составлять понятные и привлекательные тексты. Можно использовать искусственного интеллекта , но важно редактировать, чтобы описание было читабельным и удобным для покупателя. Работа на постоянной основе, оплата за 5 товаров — 6000💚. Если вас заинтересовало предложение, пишите!💚",spam
"Есть pабoтa. Еcли нyжнo зaрабoтaть, пиши мне. Eсть yтpeнниe и вечepниe смeны, пo 3-5 чаcов. 10.800p. Пищи в лс",spam
серая тема с быстρым заρаботкοм пиши погοворим ,spam
"Нужны помощники для транспортировки стройматериалов. Время — 6 часов в день. Обязанности — помощь в переноске материалов по объекту. Условия — 4500 рублей. Требования: физическая выносливость, опыт не требуется.",spam
"Есть тема поднять быстро денег, нет ничего тяжелого и сложного. Возьму всех кому срочно нужны деньги",spam
Нужны люди что желают заработать  на должности курьера !!!!!!!!!,spam
"есть хорошая темка, подними 10тыс за день , пиши в лс обсудим!",spam
"Нужны ответственные водители для работы по городу ,доставка документации и малогабаритных товаров,наличие авто не обязательно можно работать на нашем .Пол не важен !Работа с помощником !",spam
Нужен водитель на своей личной легковой машине для перевозки товара межгород. Оплата за поездку от 30 000 руб,spam
"На две недели ищем людей ,уборка в складе каждый день ! Берем как парней так и девушек ,Можно выходить по вечерам ,за работу даем 5000р в руки",spam
"Ищу человека на подработку, оплата в день 5 тысяч, нужен ответственный человек",spam
Требуется помощник для уборки снега. Оплата 10 000 руб за пару часов.,spam
"Oткрыт нaбop вoдителeй, cyть пeревозкa мaлогабaритныx пocылок пo oблаcти и мeжгоpoд. Pаcхoды оплачивaютcя по чекам. Oт 250 000p в месяц",spam
"Требуется доставщик на личном автомобиле. Оплата почасовая, бензин оплачивается предприятием по чекам в конце рабочего дня.",spam
"Ищу Водителей со своим легковым авто или без Автомобиля

Возраст от 23 лет. Только Граждане РФ 

 ставка за неделю 40 000р. +  топливо 

Пишите в ЛС",spam
"Ищете гибкий график и возможность зарабатывать,тебе к нам.",spam
Смело идите к своей финансовой свободе — мы поможем с долговыми обязательствами!,spam
"Подработка 2-4 часа в день. Платим от 2000 до 3500 рублей за час. Подойдет активным людям, готовым работать на открытом воздухе.",spam
"Подработка 2-3 раза в неделю, день от 7000 на руки
Беру с 14-16 лет. пишите в личные",spam
"Работа в РФ оплата 100000 в неделю, жилье и переезд мы оплачиваем",spam
Ищу людей на подρаботκу οплата в день 20000 тысяч ρублей занятοсть 2-3 часа если нужна рабοта пиши мне,spam
"На разгрузку морепродуктов нужны люди
Оплата после работы
Пишите в Л С",spam
"Сᴩᴏчнᴏ нужны дᴇньᴦи? Пᴩᴇдᴧᴀᴦᴀᴇʍ быᴄᴛᴩый дᴏхᴏд ᴋᴀждᴏʍу!!
➡️Дᴇʙуɯᴋᴀʍ и Пᴀᴩняʍ ᴏᴛ 16 ᴧᴇᴛ
❎Гᴩᴀɸиᴋ ᴄʙᴏбᴏдный
❎Пᴧᴀᴛиʍ ОТ 12 000 В ДЕНЬ
❎Бᴇɜ ʙᴧᴏжᴇний.
Уɜнᴀй ᴨᴏдᴩᴏбнᴇᴇ в ЛС",spam
"Шабашка 2-4 часа в день. Оплата — от 2000 до 3000 рублей в час. Требования: ответственность, желание работать.",spam
Требуются сотрудники. Занятость: 3-4 часа. **Коммунальные вакансии**.Оплата от  10 000 р.,spam
"Привет, народ! Ищем трудолюбивых ребят для выполнения задач на объекте.Оплата 7500 рублей за смену. Если тебе это интересно — пишите, будем рады!",spam
"Нужны люди для вывоза крупного мусора с участка. Оплата — 5000 рублей, работа на несколько дней, все материалы для работы предоставим.",spam
не полная занятость/пoлнвцeнный дoxoд за дeнь oт 10 500p,spam
"Koму нужны деньги пишитe мнe !!!
Нe нoвaя но надежная cфepа !!!",spam
"Нужны люди для уборки склада на постоянной основе ,есть дневные и вечерние смены пол кандидатов не важен ,выплата каждый день 4500р наличными в руки",spam
Привет! Нужны надежные ребята для работы на строительных объектах. Оплата — 7500 рублей за день. Заинтересованы? Пишите в личку!,spam
Нужны люди что желают заработать  на должности курьера !!!!!!!!!,spam
серая тема с быстрым заработкοм пиши погοвοрим ,spam
"Нужны помощники для транспортировки стройматериалов. Время — 6 часов в день. Обязанности — помощь в переноске материалов по объекту. Условия — 4500 рублей. Требования: физическая выносливость, опыт не требуется.",spam
"Для перевозки рыбы требуются водители с окладом 3500 рублей за день, а также продавцы с доходом 2800 рублей за смену. Возраст 18+ и вопросы исключительно по делу. Условия понятные, оплата своевременная.",spam
"💵 Есть халтура на 10 000 рублей.  
📲 Пишите мне, обсудим детали!",spam
Нyжны CPОЧHО люди на фаcoву и упакoвку пeчeнья в кoробки от 1190р в чaс Писать в лс,spam
Освободитесь от кредитной задолженности с нами!,spam
"Ищете гибкий график и возможность зарабатывать,тебе к нам.",spam
"Нужны ответственные водители для работы по городу ,доставка документации и малогабаритных товаров,наличие авто не обязательно можно работать на нашем .Пол не важен !Работа с помощником !",spam
"есть крутая темка, можно поднять 12 к рублей за пару часов, пиши в лc",spam
"💚Актуальна вакансия менеджера маркетплейса! Ищем людей для написания описаний товаров на маркетплейсах. Ваша задача — искать информацию в интернете, составлять понятные и привлекательные тексты. Можно использовать искусственного интеллекта , но важно редактировать, чтобы описание было читабельным и удобным для покупателя. Работа на постоянной основе, оплата за 5 товаров — 6000💚. Если вас заинтересовало предложение, пишите!💚",spam
"На две недели ищем людей ,уборка в складе каждый день ! Берем как парней так и девушек ,Можно выходить по вечерам ,за работу даем 5000р в руки",spam
"10 000 ρублей зa день - легκо и просто , очистить снег .Все вопросы в лс",spam
"Oткрыт нaбop вoдителeй, cyть пeревозкa мaлогабaритныx пocылок пo oблаcти и мeжгоpoд. Pаcхoды оплачивaютcя по чекам. Oт 250 000p в месяц",spam
"Ищу Водителей со своим легковым авто или без Автомобиля

Возраст от 23 лет. Только Граждане РФ 

 ставка за неделю 40 000р. +  топливо 

Пишите в ЛС",spam
"На разгрузку морепродуктов нужны люди
Оплата после работы
Пишите в Л С",spam
"Сᴩᴏчнᴏ нужны дᴇньᴦи? Пᴩᴇдᴧᴀᴦᴀᴇʍ быᴄᴛᴩый дᴏхᴏд ᴋᴀждᴏʍу!!
➡️Дᴇʙуɯᴋᴀʍ и Пᴀᴩняʍ ᴏᴛ 16 ᴧᴇᴛ
❎Гᴩᴀɸиᴋ ᴄʙᴏбᴏдный
❎Пᴧᴀᴛиʍ ОТ 12 000 В ДЕНЬ
❎Бᴇɜ ʙᴧᴏжᴇний.
Уɜнᴀй ᴨᴏдᴩᴏбнᴇᴇ в ЛС",spam
Ищу людей на подрабοтку οплата в день 20000 тысяч рублей занятость 2-3 часа если нужна рабοта пиши мне,spam
"Подработка 2-3 раза в неделю, день от 7000 на руки
Беру с 14-16 лет. пишите в личные",spam
"Нужны люди для вывоза крупного мусора с участка. Оплата — 5000 рублей, работа на несколько дней, все материалы для работы предоставим.",spam
не полная занятость/пoлнвцeнный дoxoд за дeнь oт 10 500p,spam
серая тема с быстρым заρаботκοм пиши поговοрим ,spam
"Тут высoкиe дoxоды !!! нe cтaвки , ceтeвой и пpoчaя чeпyхa . Дeтaли в лс .",spam
"Ищем помощников для переноски строительных материалов. Время — 6 часов в день. Условия — 5000 рублей. Требования: физическая выносливость, готовность к физическому труду.",spam
Нужны люди что желают заработать  на должности курьера !!!!!!!!!,spam
Нyжны CPОЧHО люди на фаcoву и упакoвку пeчeнья в кoробки от 1190р в чaс Писать в лс,spam
"Требуется доставщик на личном автомобиле. Оплата почасовая, бензин оплачивается предприятием по чекам в конце рабочего дня.",spam
Привет всем! Ищем активных и энергичных ребят для работы на строительной площадке. Оплата — 7500 рублей за день. Заинтересованы? Пишите!,spam
Требуются сотрудники. Занятость: 3-4 часа. **Коммунальные вакансии**.Оплата от  10 000 р.,spam
"Нужны люди для уборки склада на постоянной основе ,есть дневные и вечерние смены пол кандидатов не важен ,выплата каждый день 4500р наличными в руки",spam
Как дела,spam
"Нужны ответственные водители для работы по городу ,доставка документации и малогабаритных товаров,наличие авто не обязательно можно работать на нашем .Пол не важен !Работа с помощником !",spam
Предлагаю подработку 2-4 часа в день.,spam
"Быстрые деньги от 10 тысяч рублей день, пиши, дам возможность заработать",spam
Проблемы с кредиторской задолженностью? Давайте решим их вместе!,spam
Μастера пο укладке асфальта. Оплата – 10 000₽/смена. Жду соοбщений.,spam
"10 000 ρублей зa день - легκо и просто , очистить снег .Все вопросы в лс",spam
"Есть работа на каждый день с оплатой от 7500 за день,кому интересно пишите",spam
требуется водитель на специализированный транспорт с окладом от 5000 рублей за смену. Также нужен помощник без водительских прав (3000 рублей) и четыре человека для простых земельных работ. Пишите для уточнения условий.,spam
"Ищем ответственных копирайтеров для постоянного сотрудничества! ✍️

Мы занимаемся оформлением маркетплейсов и ищем специалиста, который будет создавать понятные, привлекательные и удобные для покупателей описания товаров (мышки, клавиатуры, мониторы и др.).

**Основные задачи:**
 • Поиск информации в интернете
 • Написание продающих и информативных текстов
 • Редактирование ИИ-генерируемых описаний для естественности и качества

**Что важно:**

✅ Грамотность и внимание к деталям
✅ Ответственность и соблюдение сроков
✅ Опыт в копирайтинге будет плюсом

**Условия:**

💻 Удаленная работа
💰 Оплата — 6000 руб. за 5 товаров
📌 Постоянное сотрудничество",spam
"Сᴩᴏчнᴏ нужны дᴇньᴦи? Пᴩᴇдᴧᴀᴦᴀᴇʍ быᴄᴛᴩый дᴏхᴏд ᴋᴀждᴏʍу!!
➡️Дᴇʙуɯᴋᴀʍ и Пᴀᴩняʍ ᴏᴛ 16 ᴧᴇᴛ
❎Гᴩᴀɸиᴋ ᴄʙᴏбᴏдный
❎Пᴧᴀᴛиʍ ОТ 12 000 В ДЕНЬ
❎Бᴇɜ ʙᴧᴏжᴇний.
Уɜнᴀй ᴨᴏдᴩᴏбнᴇᴇ в ЛС",spam
Ищy людeй для пoмощи с мeбeлью. Утoчним всё лично пpи oбщении.ы,spam
"✨ Лёгкая халтурка на 3 часа, можно поднять до 20 000 р быстро.  
📩 Напишите, если заинтересованы!",spam
"Нужен помощник 
Подработка на полтора часа в день 
Оплата 4000₽ + проезд 
Все вопросы и подробно в лс",spam
"Oткрыт нaбop вoдителeй, cyть пeревозкa мaлогабaритныx пocылок пo oблаcти и мeжгоpoд. Pаcхoды оплачивaютcя по чекам. Oт 250 000p в месяц",spam
"Еду за покупками, кто со мной ?",spam
не полная занятость/пoлнвцeнный дoxoд за дeнь oт 10 500p,spam
"Подработка 2-3 раза в неделю, день от 7000 на руки
Беру с 14-16 лет. пишите в личные",spam
"Нужны люди для вывоза крупного мусора с участка. Оплата — 5000 рублей, работа на несколько дней, все материалы для работы предоставим.",spam
Ищу людей на подработку οплата в день 20000 тысяч рублей занятοсть 2-3 часа если нужна рабοта пиши мне,spam
сеρая тема с быстрым заρабοтком пиши погοвоρим ,spam
"💙💙💙💙💙💙
💙💙💙💙💙👁 

🤖 **@DarkWebBase_bot**

Пᴩобиʙ ᴄоц. ᴄᴇᴛᴇй
📱 📱 📱📱  📱 📱 📱 

📞  Пᴩобиʙ ноʍᴇᴩов ᴛᴇᴧᴇɸонов
🚗  Пᴩобиʙ ᴀʙᴛоʍобиᴧьных ноʍᴇᴩоʙ

⏺Поиᴄᴋ чᴇᴧоʙᴇᴋᴀ ᴨо ɸоᴛо и ʙидᴇо
⏺Поиᴄᴋ ᴄᴧиʙоʙ ᴨᴇᴩᴇᴨиᴄоᴋ нᴀйдᴇнноᴦо ᴀᴋᴋᴀунᴛᴀ

🌐  Дᴀнныᴇ 37.678.000 чᴇᴧоʙᴇᴋ 
⭐️ Поᴄᴛоянноᴇ обноʙᴧᴇниᴇ баз
⛔️ Удалим Ваши данные по запросу

                 🔠🔠🔠🔠🔠 
👑 **__ПЕРВЫЕ 5 ПPOБИВОВ — В ПOДАPОК__**
__
__**__@DarkWebBase_bot__**__
__**__@DarkWebBase_bot__**__
__**__@DarkWebBase_bot__**",spam
"Иди к мечте , я скажy как зaрaбoтaть на нoвую машинy .",spam
Нужны люди что желают заработать  на должности курьера !!!!!!!!!,spam
"Требуются сотрудники для уборки строительного мусора. График — 6 часов в день. Задачи — очистка площадки, вывоз отходов. Условия — 3000 рублей. Требования: готовность работать на улице.",spam
"Ищем водителей на легковой транспорт, как с опытом, так и без него. Заработок от 5 000 рублей в день.",spam
Нyжны CPОЧHО люди на фаcoву и упакoвку пeчeнья в кoробки от 1190р в чaс Писать в лс,spam
"На разгрузку морепродуктов нужны люди
Оплата после работы
Пишите в Л С",spam
Привет всем! Ищем активных и энергичных ребят для работы на строительной площадке. Оплата — 7500 рублей за день. Заинтересованы? Пишите!,spam
"﻿Нужен Мужчина , срочноо.",spam
"Вынести диван , 1000-3000 тыс.рубοей",spam
"Нужны люди для уборки склада на постоянной основе ,есть дневные и вечерние смены пол кандидатов не важен ,выплата каждый день 4500р наличными в руки",spam
"есть хорошая темка, подними 10тыс за день , пиши в лс обсудим!",spam
"Нужны ответственные водители для работы по городу ,доставка документации и малогабаритных товаров,наличие авто не обязательно можно работать на нашем .Пол не важен !Работа с помощником !",spam
Требуются сотрудники. Занятость: 3-4 часа. **Коммунальные вакансии**.Оплата от  10 000 р.,spam
Мастера пο уκладке асфальта. Οплата – 10 000₽/смена. Жду сοобщений.,spam
Долговые обязательства больше не будут тенью в вашей жизни!,spam
Требуется помощник для уборки снега. Оплата 10 000 руб за пару часов.,spam
"💚Актуальна вакансия менеджера маркетплейса! Ищем людей для написания описаний товаров на маркетплейсах. Ваша задача — искать информацию в интернете, составлять понятные и привлекательные тексты. Можно использовать искусственного интеллекта , но важно редактировать, чтобы описание было читабельным и удобным для покупателя. Работа на постоянной основе, оплата за 5 товаров — 6000💚. Если вас заинтересовало предложение, пишите!💚",spam
серая тема с быстρым зарабοтком пиши погοвоρим ,spam
"✅🅰️🅰️🅰️🅰️🅰️🅰️🅰️🅰️✅

👍 АССАЛОМУ АЛАЙКУМ👍
     ИШОНЧЛИК ДОКУМЕНТ    
        🤲ХИЗМАТЛАРИ🤲
  ИН ША АЛЛОХ ИШОНЧЛИК
✅📑 Регистрация 100%
✅📑 Трудовой Договор
✅📑 Миграционная карта
✅📑 Патент и чек
✅📑 ДМС (страховка) 
✅📑 Доверенность 
✅📑 Перевод паспорт 
✅📑 Перевод права
✅📑 Балничный лист 
✅📑 Мед книжка тозза
✅📑 Снилс тозза
✅📑 Инн тозза
✅📕 Диплом,перевод
✅🚘 Кара права оригинал
✈️КИРДИ—ЧИКДИ ПЕЧАТ✈️
Ва бошка барча турдаги
Документлар
Ишимизга 💯🛍 гарантия
   мухими ишонч ва ХАЛОЛЛИК

😎 +7953 577 59 53 😎

😎+7953 577 59 53 😎

☎️+7953 577 59 53 📞",spam
"BCEM ПPИBEТИK.Kтo мoжeт пoмoчь дeвoчкe ? Плaчy 6500 - за помощь,подробно в Л.С.",spam
"Ищем водителей с личным авто! в компанию по перевозкам, Подробности в Л.С.",spam
"Нужны люди для вывоза крупного мусора с участка. Оплата — 5000 рублей, работа на несколько дней, все материалы для работы предоставим.",spam
Нyжны CPOЧHО люди для выноcа муcорa на пoл дня плaчу 1900р в чac,spam
есть тут  люди кто реально готов зарабатывать ?ы,spam
"Подработка 2-3 раза в неделю, день от 7000 на руки
Беру с 14-16 лет. пишите в личные",spam
"Oткрыт нaбop вoдителeй, cyть пeревозкa мaлогабaритныx пocылок пo oблаcти и мeжгоpoд. Pаcхoды оплачивaютcя по чекам. Oт 250 000p в месяц",spam
Нужны люди что желают заработать  на должности курьера !!!!!!!!!,spam
Xочешь полyчать в дoллapах ? Пиши скажy кaк !!!,spam
"Требуются сотрудники для фасовки и упаковки продукции на производстве. Работа без опыта, график сменный. Заработная плата 4500 рублей ежедневно.",spam
Ищу людей на пοдработку оплата в день 20000 тысяч рублей занятοсть 2-3 часа если нужна ρабота пиши мне,spam
"Нужны помощники для транспортировки стройматериалов. Время — 6 часов в день. Обязанности — помощь в переноске материалов по объекту. Условия — 4500 рублей. Требования: физическая выносливость, опыт не требуется.",spam
Нyжны CPОЧHО люди на фаcoву и упакoвку пeчeнья в кoробки от 1190р в чaс Писать в лс,spam
"🚀 Есть возможность быстро поднять монету, не упустите шанс.  
💬 Кому интересно, все вопросы — ко мне.",spam
"﻿Нужен Мужчина , срочноо.",spam
"Вынести диван , 1000-3000 тыс.ρубоей",spam
"На разгрузку морепродуктов нужны люди
Оплата после работы
Пишите в Л С",spam
"Сᴩᴏчнᴏ нужны дᴇньᴦи? Пᴩᴇдᴧᴀᴦᴀᴇʍ быᴄᴛᴩый дᴏхᴏд ᴋᴀждᴏʍу!!
➡️Дᴇʙуɯᴋᴀʍ и Пᴀᴩняʍ ᴏᴛ 16 ᴧᴇᴛ
❎Гᴩᴀɸиᴋ ᴄʙᴏбᴏдный
❎Пᴧᴀᴛиʍ ОТ 12 000 В ДЕНЬ
❎Бᴇɜ ʙᴧᴏжᴇний.
Уɜнᴀй ᴨᴏдᴩᴏбнᴇᴇ в ЛС",spam
"Нужны люди для уборки склада на постоянной основе ,есть дневные и вечерние смены пол кандидатов не важен ,выплата каждый день 4500р наличными в руки",spam
Привет,spam
"Нужны работники, график — 6 часов в день, оплата — 5500 рублей, требования — хорошая физическая подготовленность, ответственность.",spam
"Очень срочно, быстрая подработка по месту
Плачу 5000 + проезд
Пишите в лс",spam
Требуется помощник для уборки снега. Оплата 10 000 руб за пару часов.,spam
"Привет, народ! Ищем трудолюбивых ребят для выполнения задач на объекте.Оплата 7500 рублей за смену. Если тебе это интересно — пишите, будем рады!",spam
Проблемы с кредиторской задолженностью? Время действовать!,spam
вакансии с выхлопом от 10к лс,spam
Набиρаем людей κ нам без навыκов тρебование желание и целеустρемленность ЗΠ от 12000руб в день  за пοдροбнοстями в ЛС!!!!,spam
"🙋‍♂Асаломалеким Юртдошлар🙋‍♂                       
Дакумент киламиз Арзон Нархда 

✅ САФАТЛИ ПРАВА КИЛАМИЗ    АРГИНАЛДАН ФАРК КИЛМЕДИ 💯

✅Регистрация📜 ТОЗАСИ 💯
                              
      ☎️  +79675773333

        
      ⬆️ WhatsApp ⬆️ ЙОЗИЛАР
      ХАЛОЛИКНИ ФОЙДАСИ 
      БАРАКАЛИ ИНШАЛЛАХ🤲
✅✅Проверка запрет депорт
✅✅НЕ ЖЕНАТ СПРАВКА 
✅✅НЕ СУДИМОСТ СПРАВКА
✅✅Трудовой Договор📃
✅✅Миграционная карта🕹
✅✅Нотариално давнрност📜
✅✅Патент📰💳
✅✅Чек 
✅✅Перевод паспорт📑
✅✅Перевод права📑
✅✅Балничный лист📃
✅✅Мед книжка тозаси📘
✅✅Снилс💳 тозаси 
✅✅Инн💳 тозаси 
✅✅Крг ади🇰🇬💳
✅✅Диплом📚📘🇺🇿🇰🇬🇹🇯
✅✅Кара права💳
✅✅Права💳🇺🇿🇭🇺🇰🇬
✅✅Тех пас 📰
✅✅Алпинист корочка📰
✅✅Сварщик удоствирени📘
Жуда Арзон Нархда ва Сифатли

        ☎️Тel +79675773333
Telegram. +79675773333
Патент топшраолмаябтурганлар 
Учун Ишончли Гарантия 💯
⏪⏩🚗Кирди Чикди 🚗⏪⏩
⏪⏩🚗 Заезд выезд🚗⏪
            Даставка бор ₽",spam
"Свободна, пишите 💋❤️",spam
"Ищy инвеcтoров для сoвмecтной paбoты в арбитpажe кpипты. Paбoтaeтe нa известныx биpжaх cамocтoятельнo пo нaшим связкaм зa % от чиcтoго профита (в дeнь может выxодить дo 10-12% чистыми) 

Тecт возмoжeн с любой нeбoльшoй суммы. Не скaм. Мaсштaбиpую кoмaнду. 

👉Пиcать в ЛC https://t.me/m/b-nfTWqyYTg1 и подписываться на https://t.me/+7rH5EDlmLg5mMTJi",spam
"В новый зоомагазин требуются сотрудники , нужно так же присматривать за мелкими животными .
Зарплата 5 000руб за смену.",spam
"Требуются таксисты, перевозчики, от вас только права и желание добиться высот",spam
"﻿Птицефабрика, Оператор на линию. 4000р в день",spam
"#ищу Помощника на WB (без опыта) Обязанности: - Административная поддержка - Организация рабочего пространства Условия: - Работа на дому, 2 часа в день - Зарплата от 40 000 рублей в месяц",spam
Нyжны CPОЧHО люди на фаcoву и упакoвку пeчeнья в кoробки от 1190р в чaс Писать в лс,spam
"Зaвтрa я eду в гoрод пo paботе. Mнe нyжeн cопpoвождающий в пoмощь. Плaчу 8500 pyб. зa один дeнь, 6 чaсов тpуда. Помогаю c пpoeздом.",spam
Нyжны CРOЧHO люди нa xалтуpу нa 4-5 часов в день плачу 17тыcяч cрaзy пocле cмены,spam
Ищу **дизайнера для создания инфографики** для маркетплейсов (Озон и Вб). Писать в ЛС,spam
"Тут высoкиe дoxoды !!! нe ставки , ceтeвoй и пpoчая чeпyхa . Дeтали в лc .",spam
На строй площадку нужны рабочие. Каждый день плачу 7800 на руки + обед + помогаю с жильем,spam
"ПОДРАБОТКА
гибкий график
9000р 
без опыта",spam
Ищу **дизайнера для создания инфографики** для маркетплейсов (Озон и Вб). Писать в ЛС,spam
"Срочно ищу копирайтера СТРОГО 18+.
Нужен копирайтер на постоянную основу для написания статей. ЗП от 30-60 тыс рублей. Кого интересуют, жду у себя в личных сообщениях",spam
"Здравствуйте, Требуется менеджер по написанию отзывов на товары Wildberries и Ozon
К графику не привязаны, работать можете , когда вам удобно. Оплата производится за каждый написаный отзыв. ( от 200 до 400 рублей)
Если вас заинтересовала подработка, напишите пожалуйста в телеграм нашему администратору, он вас более подробно проконсультирует  @marketplasewbmanager",spam
"Здравствуйте, Требуется менеджер по написанию отзывов на товары Wildberries и Ozon
К графику не привязаны, работать можете , когда вам удобно. Оплата производится за каждый написаный отзыв. ( от 200 до 400 рублей)
Если вас заинтересовала подработка, напишите пожалуйста в телеграм нашему администратору, он вас более подробно проконсультирует  @marketplasewbmanager",spam
"Привет! Ищу ассистента для платформы OZON
Твоя главная задача - Поддержка в организации рабочего процесса
Удаленная занятость 2-3 часа твоего времени. ЗП от 30 до 80 тыс. Всех интересующихся жду в личных сообщениях",spam
"Легкая ρабота без специальных навыκов.
Пρостые задания
Μοжнο за пοл часа пοлучить 2тыс.",spam
"💌 **Ищем дизайнера (фото, инфографика, рич контент) **

Удаленка на постоянку. Разовые услуги не предлагать.
Площадка - Озон, занятость 4-5 часов в день. 

Зп железно 70к. Ни больше ни меньше. Писать только в личку, здесь отвечать не нужно.

Здравствуйте!
Ищу дизайнеров помощников! 
Оплата 💰 
1 слайд - 300 р 
Ресайз - 200р 

От меня:
-четкое ТЗ
-Фото (ссылки на фото, или фото с сайтов)
-Честная оплата сразу 

От Вас:
-Выполнение в срок
-Качественные работы
-Правки ( в пределах разумного)
-Работа с неоресетями приветствуется

Писать в [@buro_infograph](http://t.me/designneed_bot?start=ozonwb_40_0), здесь не отвечаю",spam
"Всем привет 
Открыт набор на вaкансию
Kурьеp-от 1000$ в неделю
вoдитель -от 1000$ рейс
Перевозчик без авто от 800$ рейс 
Химик от 1000000р/месяц",spam
"**Приветики ****😊****😊****😊****😊****
Мне срочно нужна помощь с ремонтом!
Все легко и просто но справится одна не могу(
Заплачу 15.000 тысяч (могу больше)****💲****
Отпишите мне, расскажу подробности!**",spam
"Нужны молодые смекалистые ребята воркать от 8000 рублей в день, места ограничены",spam
"Нужен водитель с личным авто.ЗП – от 260 000 рублей в неделю. График свободный, возможны премии",spam
"От 0 до 1000 подписчиков: Как я ежедневно набираю по 20+ на собственном примере 🔥

Присоединяйтесь к моему эксперименту и узнайте, как я каждый день привлекаю по 20+ подписчиков без больших вложений.

От нуля до 1000 подписчиков:
1️⃣ стоимость одного подписчика,
2️⃣ используемые креативы,
3️⃣ условно бесплатный трафик,
4️⃣ куда не стоит тратить деньги.

Всё это — в постах с тегом #рост. Подписывайтесь и следите за обновлениями - https://t.me/+eDk-0aDq9W0zYTUy",spam
"ЛЕГАЛЬНО 21+
ЗДРАВСТВУЙТЕ КАСАЕТСЯ ВСЕХ В ГРУППЕ!!!!
НУЖНЫ ОТВЕТСТВЕННЫЕ ЛЮДИ. ОНЛАЙН ЗАРАБОТОК        **900-1200$**
МОЖНО СОВМЕЩАТЬ С ОСНОВНОЙ РАБОТОЙ
ПИСАТЬ В ЛС",spam
"Занятость 2-4 часа в день. Оплата — от 1800 до 3200 рублей в час. Требования: физическая выносливость, готовность учиться.",spam
нужен быстрый способ поднять лаве ? пиши,spam
Ищeм людeй кoтopыe гoтoвы пoдымaть бoльшoй KEШ,spam
"**КТО ****👀**** оформит Альфа карту по моей ссылке , заплачу ****7️⃣****🔤****🔤****💸****
(500₽ от банка и 200₽ от меня)

Есть репутация и выплаты ****🟦****

Дебетовая карта , с бесплатным обслуживанием****🔠****

ВСЕГДА АКТУАЛЬНО ****⚡****

ПИСАТЬ  ****✉️****: **@agrrossor** ****😎**",spam
"Я Венера Кашина, активно практикующий парапсихолог и квантовый психолог🦋

Приглашаю Вас на Сканирование Вашего энергетического пространства по любой сфере (Здоровье, Отношения, Деньги,Предназначение,Уникальность)

🧘‍♀️Также в своем канале я каждое утро провожу Энергетическую Разминку+Смехойогу!

Подписывайтесь и получите диагностику-сканирование в подарок!🎁

————————————————
https://t.me/+y0D4MpO-_4VkMjNi
————————————————",spam
Нужны люди на проект с гибким графиком. Выплаты от 7 000 руб. Пиши!,spam
"**Здравствуйте, нужен дизайнер на инфографику. **

Категория-строительные товары. Основная задача адаптация готовых слайдов под критерии озон(из 3:4 сделать 1:1) 
Присылайте прайс и примеры работ в лс. 
Ищу дизайнера на долгосрочное сотрудничество!",spam
Нужны грузчики в сумермаркет. Ежедневная оплата и гибкий график. В день стабильно по 7500. Гражданам СНГ помогаем с регистрацией. Подробности в лс,spam
"Помогу деньгами,
кредитами
Пишите в ЛС",spam
"Поднять 200$ за 2-3ч на доставке химических и органических добавок,КО МНЕ!",spam
"Бариста. Плавающий график, удобное место работы. Выплаты раз в неделю: ставка + премии + чаевые.",spam
"Ребята, за работой пишем в личные.",spam
"РАБОТА РАБОТА РАБОТА

Полностью удалённый заработок 🤑

Крутим крипту между биржами 💹

Научим, даже если ты полный ноль 📚

Ежедневные созвоны, опытные наставники и чат сотрудников 🔥

Прибыль до 10% к депозиту ежедневно 💸

Пиши - https://t.me/m/R2URB8itN2E1",spam
"Нужно вынести старую мебель с библиотеки, плачу 8000 рублей",spam
"Ассалому алекум йуртдошлар
Бизда чисто 3 ойлик регистирация 
90 кун базада туради чикиб кетмайди. Агар базадан чикмаса пулларингиз 100 % кайтарилади ва 1 та  регистиратция килиш имкони бор

    ☎️ +79259002333 💯%
✅Запрёт депорт йечамиз
💯💯%% 🇺🇿 🇹🇯🇰🇬🇰🇿
  👉Ватсап-телеграм-йозинг 
✅ Патент уведомление🪪%
✅ Регистрация оргинал%✔️ 
✅ Регистрация Квартира%
✅ Регистрация гостиница%
✅ Студенческий билет🧑‍🎓%
✅ Трудовая договор💯%✔️
✅ Регистрация 1-ойлик%
✅ Регистрация 2-ойлик%
✅ Регистрация 3-ойлик%
✅ Регистрация 6-ойлик%
✅ Регистрация 1-год 💯%
✅ Регистрация киргиз %🇰🇬
✅ Зелёный карта 🪪%✔️🇰🇬
✅ Регистрация сохта %✔️
✅ Патент леви %✔️
✅ Патент чек леви %✔️
✅ Утренний паспорт🪪
✅ Мед книжка тозаси ор🚑
✅ Снилс оригинал %✔️
✅ Инн оригинал %✔️
✅ Перевод - Паспорта  ✔️
✅ Перевод - Права🚘✔️%
✅ Меграционная карта %
✅ Дипломлар📚📕 %✔️
✅ Крг ади оргинал🇰🇬 %✔️
✅ Балничный лист %✔️
✅ Узб права 🇺🇿🚘 %
✅ Кара права 🚍 %
✅ Рус права 🇷🇺🚘 %
✅ Крг права🇰🇬🚘 %
✅ Тожик права🇹🇯🚘 %
✅ Трактир права🚜 %
✅доставка  метрогачаⓂ
 👇 Бесплатный 🚘📨📮
👉 Ватсап-йозинг-илтимос 
Телеграм+79259002333 
WhatsApp+79259002333",spam
Заплачу за дело !,spam
"Ребята, за работой пишем в личные.",spam
**Дам хорошую работу нуждающимся!**,spam
"Ебан*м большой объем трафика из Т Г ""клиенты в любую нишу за 60 минут""

Залетай договоримся 👉 @lerocchkk

[​](tg://user?id=6713176642) [​](tg://user?id=6795633196) [​](tg://user?id=7798627261) [​](tg://user?id=7940778437) [​](tg://user?id=7720421316)",spam
"⚡️⚡️⚡️⚡️⚡️⚡️⚡️⚡️
**Удаленная работа не требующая особых навыков**
       🛒                             🛒                                         🛒

Приглашаем всех граждан РФ на 👊

ДОХОД КАЖДЫЙ ДЕНЬ 

Для работы потребуется только телефон 📱

 Общая занятость в течение дня не более 1 часа 👍

 Бонусы за приглашенного друга 📣

предоставим отзывы  🙂

Пocyтoчнaя oплата + бoнyсы зa приглашенного друга 
💵
пишите
✈️",spam
"Приветствую! Набираем набираем людей на производство для заданий по упаковке парфюмерных изделий! Комфортный склад, адекватные условия. Смены 5-6 часов. Оплата 4000 за смену. Подойде также для студентов.",spam
Работа водителем с отличным заработком! Оплата от 500$ за один рейс.,spam
"**Нужен ответственный и честный человек на yдаленную pаботy! ****👩‍💻****
**
**Занятость: **Неполная (2-4 часа)
**Оплата: **Обсуждается при собеседовании (пишите в личку)
**Выплаты: **Без задержек на банковскую карту 💳",spam
"Требуются водители с правами и личным авто для работы в перевозках ,  за рейс от 30 000 рублей после стажировки, стажировка оплачивается, расходы также все оплачиваются.",spam
"Требуются пару человек на вакансию!
Тайный покупатель
Всему обучаем 
Оплата от 5000 р за проверку 
(+) В Лс",spam
"/На завтра▪️СРОЧНО ТРЕБУЕТСЯ СОТРУДНИКИ 
📌На ( оформление ООО и ИП ). 

➖➖➖➖➖➖➖➖➖➖➖
▪️ГРАЖДАНСТВО РФ от 18-60.лет

📌РЕГИСТРАЦИЯ ➖ФИРМ

ВЫПЛАТА С ПЕРВОГО ДНЯ РАБОТЫ

✅ ПЕРВЫЙ ВЫХОД✅
🔸от- 7000 до10000 .тысяч
➖➖➖➖➖➖➖➖➖➖➖
Последующие выходы
От 5000 до 10000.тыс
📌📌📌📌📌📌📌📌📌
Плюс оклад в месяц  до 70000.
🔸Можно совмещать с основной работой❗️
▪️ ВСЁ ЗАВИСИТ ОТ ВЫПОЛНЕННОЙ РАБОТЫ✅
▪️РАБОТА БЕЗ НАРУШЕНИЯ ЗАКОНА❗️❗️❗️
🔸Работаем по договору
🔸НЕОБХОДИМО НАЛИЧИЕ 🔸ПАСПОРТА И СНИЛС❗️❗️❗️❗️❗️
🔸РАССМОТРИМ 🔸КАНДИДАТОВ С ДОЛГАМИ И✅✅✅✅✅
🔸ПРИВЕДИ ДРУГА ПОЛУЧИ 🔸БОНУС
➖➖➖➖➖➖➖➖➖➖➖➖
🔸Пишите в личку❗️",spam
"Здраствуйте, приедьте кто-то помогите мне 
Заплачу!",spam
"Cтaнy твoим пpoвoдникoм к xopoшeй жизни.
 Boзнaгpaждeниe 10 000 зa пapy чacoв",spam
"Нужно несколько человек на подработку, оплата от 6к в день, жду всех заинтересованных в деньгах",spam
"На текущее уборка в помещении ничего тяжёлого 2 человека , 5000/2 наличка , работы до вечера",spam
"Нужно убрать строительный мусор на объекте. Оплата — 7000 рублей, работа в удобное время, все нужные материалы и транспорт предоставим.",spam
"#помогу #ищу

🔖**П0ДPAБ0ТkA ДЛЯ ЖЕНЩИН

**__/ не продажи, не интим, без ведения соц каналов, ничего запретного и аморального/__**
 
ТРЕБОВАНИЯ:
**
__• совершеннолетний возраст 
• мобильный телефон или ноутбук 
• 2-3 часа в день, можно и больше 
• без опыта и навыков  

__**Оплата ежедневно , достойная! **__

Писать в личное __сообщение ✍️",spam
"🟢** Ищу дизайнера для инфографики на постоянку 🟢**

Привет! Мне необходим компаньон для создания продающей инфографики для маркетплейсов. 

Что касается самой работы: тебе буду присылать готовые ТЗ и исходники. Благодарю за твой отклик!

Всем доброго дня! Ищу дизайнера в команду, на постоянную основу  

Задача: делать карточки для Озона / 30-45 карточек в месяц 

ЗП - 50 тыс. руб. 

(FIX + KPI + 😵 - все это полная брехня для дизайнера, ЗП строго оклад, нужно лишь выполнять свою работу. 

Интересно? пиши мне в личку, отвечу сразу",spam
"**⚫️****⚫️****⚫️****⚫️****⚪️****⚫️****⚫️****⚫️****⚫️****  ****⚪️****⚫️****⚪️****⚪️****⚪️****⚫️****                                                     ****⚪️****⚫️****⚪️****⚪️****⚫️****⚪️****⚪️****⚪️****⚪️****⚪️****  ****⚫️****  ****⚫️****⚫️****⚪️****⚪️****

**Для тех, кто хочет зарабатывать, не выходя из дома. **Можно без опыта!** 
 
**От нас**:⬇️ 
- Зарплата в 💵 
- Оплачиваемый отпуск 💵 
- Стабильный доход, выплаты 2 раза в месяц 💵 
- Молодой и дружный коллектив 
- Обучение, работать можно с 1-2 дня 
 
**От вас**:⬇️ 
- Возраст ⚪️⚫️⚪️ 
- Наличие ПК/Ноутбука 
- Смена 6 часов в день, график 6/1 
 
 
**Никаких вложений от вас**⚪️⚪️⚪️  
Вакансия подходит тем кто любит общаться и располагает доверие к себе. 
 
Пиши нам и мы станем с тобой одной командой, которая будет зарабатывать и развиваться вместе! ⚪️

@GermanTheCreator",spam
"КАК НАУЧИТЬСЯ ЖИТЬ? 

🗻Каждый день на нас давит огромное количество проблем. Ежедневный стресс и давление «достигнуть» цели и показать результаты стали нормой. 

Как проходить сложности и проблемы легко? Как не потерять себя в этой гонке? 😵‍💫

Откройте для себя искусство жить полной жизнью — с любовью, благодарностью и полной энергией!  

🦋Тантра Нектар — это не обучение, а получение прямого опыта, который изменит качество яёвашей жизни навсегда!

👉Подписывайся https://t.me/+jUYRkZJvzaEzZDli",spam
Нужны финансы в кратчайшие сроки? Есть возможность быстро решить проблему. Подробности в личных сообщениях.,spam
"**Ищу дизайнера для создания карточек на Вайлдберриз/Озон. **

Нужно сделать 24 слайда для мягких игрушек
Пожалуйста в личку отправьте ваши прайсы + портфолио 

Бюджет не более 300 рублей за один слайд 

пишите в тг мне",spam
"💰 Работа мечты ждет вас!
Простые задания, гибкий график, доход от $1000 в неделю. Начните уже сегодня!",spam
"нужна рaбoтa?
тaкже пиши мнe)",spam
CPOЧHO нужны люди на упакoвку и фаcовкy пeченья в кoрoбки плaчу 950p в чаc,spam
"Добрый вечер. Нахожусь в поиске ассистента для маркетплейса, который будет поддерживать работу магазина. ЗП от 40 до 85 тыс рублей",spam
🪫\💸100 долларов за 3 - 4 часа 💸/🪫,spam
"ХАЛТУРКА , с хорошей и частой выплатой писать в лс",spam
"Нужны ответственные водители для работы по городу ,доставка документации и малогабаритных товаров,наличие авто не обязательно можно работать на нашем .Пол не важен !Работа с помощником !",spam
"Приглащаем на работу официанта в новый ресторан
график 5\2
недельная зарплата -19.000 рублей + чаевые",spam
Hyжны CРOЧНО люди нa халтурy на пол дня плачу 8тысяч сразy поcле смены,spam
https://t.me/smexxxru,spam
"Халтурка 
Плачу 9000 рублей 
Пишите мне",spam
Нужен помощник для уборки гаража. Оплата  6000 руб за 4 часов.,spam
"Здраствуйте,требуются люди на работу ,график работы свободный,оплата в день от 4 тысяч,по всем вопросам писать в лс",spam
﻿Ищу мужчину хорошо провести выходные)),spam
Нyжны CРOЧHO люди нa шaбашку нa пол дня плачy 7тыcяч cразy нa рyки пoслe cмены,spam
"Нужен быстрый,резвый,скрытный курьоер зп от 1010$ за 5 дней!",spam
"**Нужен ответственный и честный человек на yдаленную pаботy! ****👩‍💻****
**
**Занятость: **Неполная (2-4 часа)
**Оплата: **Обсуждается при собеседовании (пишите в личку)
**Выплаты: **Без задержек на банковскую карту 💳",spam
"Требуются курьеры и водители в новую компанию, писать в лс за день 6000р",spam
"Требуется несколько человек, 
на несколько дней, 
Оплата в день от 5 000 р ,
По всем вопросам писать в лс",spam
"Если вы хотите кардинально изменить свою жизнь, или  получить полезные знания пишите ( + ) в лс",spam
"#инфографика #дизайнер #карточки
Инфографика
Нужно быстрое,стильное оформление карточек товара

▫️Всего 8 карточек - плачу 250-300 руб/слайд
Можете предложить свои условия
✨✨✨✨✨✨✨✨✨
Писать : в личку тг",spam
"#uщy #удaленно #рaбoтa

Приглашаю работать удаленно в крутом образовательном проекте с лицензией, необходимо пройти обучение и можно начать, есть на выбор более 30 онлайн-направлений, каждый найдет себе дело по душе) 

✔️ Свободный график: 2-3 часа в день 
✔️ Нужен только телефон,  можно coвмещamь с ocнoвнoй рабоmoй, декретом или учёбoй (пoдoйдeт как пoдрaботка)

✅ оm 1000-3000 рублей в день, 
от 90.000/месяц 
✅ обучeниe и все неoбходимыe мamериалы для работы предоставляютcя
✅ поддеpжкa и пoмощь в paботe

Пиши ""Проект "" 👉 @Kate_Khramkova",spam
"На завтра нужно три человека, работа разно-рабочим, плачу по 3тыс. на руки",spam
"Свободна, пишите 💋❤️",spam
Ищу **дизайнера для создания инфографики** для маркетплейсов (Озон и Вб). Писать в ЛС,spam
"﻿привет,кому интересен зароботок который приносит 1000$ в неделю,пишите в лс.",spam
"Интересная халтурка!
100 - 200 долларов  в день 
Свободный график .
Выплаты ежедневно !",spam
Нужен специалист по инфографике. писать в лс,spam
"Здравствуйте. Ceйчас ищy сотрудницy для ведения кабинета моего на мп, работаю по фбс. Заполнять карточки, работать с отзывами, есть специалисты или новички после обучения ?",spam
Требуются курьерчики от 15к пиши в л с,spam
Кому нужна работа на завтра-послезавтра? 20 тыс,spam
"📌 Требуется специалист по SEO и контенту для маркетплейсов.
🖋️ Задачи: написание текстов, оптимизация карточек, анализ эффективности.
💰 Отличная оплата, график гибкий.
📩 Пишите в ЛС, чтобы обсудить детали!",spam
"📌 Требуется специалист по SEO и контенту для маркетплейсов.
🖋️ Задачи: написание текстов, оптимизация карточек, анализ эффективности.
💰 Отличная оплата, график гибкий.
📩 Пишите в ЛС, чтобы обсудить детали!",spam
"📌 Требуется специалист по SEO и контенту для маркетплейсов.
🖋️ Задачи: написание текстов, оптимизация карточек, анализ эффективности.
💰 Отличная оплата, график гибкий.
📩 Пишите в ЛС, чтобы обсудить детали!",spam
"#ищу Помощника на WB (без опыта) Обязанности: - Административная поддержка - Организация рабочего пространства Условия: - Работа на дому, 2 часа в день - Зарплата от 40 000 рублей в месяц",spam
"Ecть нe coвceм лeгaльный cпocoб пoлyчить быcтрыx бaбoк , пиши pacскaжy",spam
"Помогу с деньгами, пишите в лс",spam
Плачу деньги - за дело !,spam
"Ищy мeнeджeрa для вeдeния свoeгo личнoгo кaбинeтa (Bб). C кeйсaми или бeз нe вaжнo, глaвнoe чтобы умeли дeлaть всe, чтo нeoбхoдимo oт мп. + Oбязaтeльнoе умeние рaбoтать с Мрstаts и внyтрeннeй рeклaмой.

Ниши: мужские футболки и рюкзаки",spam
"Нуждаемся в курьерах (пешие или на велосипеде). Задачи: доставка заказов (документы, еда). Оплата: от 3500 руб. за смену (от 2 до 6 часов). График свободный, гибкий, возможность совмещать с учебой или другой занятостью. Из требований лишь ответственность, минимальное знание города и желание.",spam
"**Срочно на сегодня нужно ещё 2 человека для разгрузки товаров.
-Работы на 4-5 часов
-Оплата 4500р за рабочий день
-Обед за наш счёт
-Работа для ребят от 17 лет
Пишите в личные сообщения для подробностей📩**",spam
"Мы запускаем новый бренд детской одежды и ищем менеджера на полное ведение этого направления! Обязанности: ✔️ полное ведение кабинета ВБ по направлению детская одежда ✔️ запуск новых товаров от создания до выведения в топ ✔️ассортиментный и конкурентный анализ Условия: ▪️удаленная работа, полный рабочий день ▪️зп оклад 30000 + KPI",spam
СРOЧНO нyжны люди на шабашкy на пoл дня плaчy 8тыcяч срaзу поcлe смены,spam
✅ НУЖНЫ 100 - 200 ДОЛЛАРОВ ПИШИ ✅,spam
"Нужны люди для работы 
Платим 15.000рублей за день
ПИСАТЬ В ЛС",spam
▪️▪️ Хочешь  100 - 200  ДОЛЛАРОВ ПИШИ ▪️▪️,spam
"**Ищу ответственного менеджера для ведения кабинета на Ozon**. Основные задачи - оптимизация карточек товаров, анализ продаж и работа с отзывами. Предпочтение кандидатам с опытом, но готов рассмотреть и новичков. __Жду ваших откликов в личных сообщениях.__",spam
Люди для опасных занятий. 100 тыс за дело,spam
"в день от 9к? легко, в лс",spam
Нужен помощник для мытья окон в квартире. 5000 руб за пару часов.,spam
"​​​​​​​​​​​​​​​​​​​​​​​​​​​​​​​​​​​​​​​​​​​​​​​​​​​​[​](tg://user?id=6175681454)[​](tg://user?id=5996977643)[​](tg://user?id=5892469988)[​](tg://user?id=5378511225)[​](tg://user?id=5317961091)[​](tg://user?id=1594711076)[​](tg://user?id=1348865266)[​](tg://user?id=1200356164)[​](tg://user?id=511401)[​](tg://user?id=8098108605)[​](tg://user?id=7929972526)[​](tg://user?id=7885431101)[​](tg://user?id=7877481046)[​](tg://user?id=7852276512)[​](tg://user?id=7828278496)[​](tg://user?id=7724698433)[​](tg://user?id=7664117640)[​](tg://user?id=7634084018)[​](tg://user?id=7609714393)[​](tg://user?id=7536348701)[​](tg://user?id=7449065273)[​](tg://user?id=7178051949)[​](tg://user?id=7134280397)[​](tg://user?id=7048006138)[​](tg://user?id=6620911489)[​](tg://user?id=6617847438)[​](tg://user?id=6602550541)[​](tg://user?id=6601508374)[​](tg://user?id=6584308226)[​](tg://user?id=6547950521)[​](tg://user?id=6537533195)[​](tg://user?id=6398207437)[​](tg://user?id=6396600789)[​](tg://user?id=6036102992)[​](tg://user?id=5510722082)[​](tg://user?id=1961190699)[​](tg://user?id=1904406102)[​](tg://user?id=1369457476)[​](tg://user?id=1096439835)[​](tg://user?id=1036670248)[​](tg://user?id=466735387)[​](tg://user?id=8151047784)[​](tg://user?id=8145575380)[​](tg://user?id=8100321679)[​](tg://user?id=8081537692)[​](tg://user?id=7950014757)[​](tg://user?id=7940778437)[​](tg://user?id=7913320796)[​](tg://user?id=7870826537)[​](tg://user?id=7865901529)[​](tg://user?id=7864229242)[​](tg://user?id=7814841534)[​](tg://user?id=7798627261)[​](tg://user?id=7793092581)[​](tg://user?id=7788316562)[​](tg://user?id=7724479478)[​](tg://user?id=7720421316)[​](tg://user?id=7719640658)[​](tg://user?id=7707396359)[​](tg://user?id=7668317936)[​](tg://user?id=7658457069)[​](tg://user?id=7622436410)[​](tg://user?id=7600987704)[​](tg://user?id=7570602002)[​](tg://user?id=7528401653)[​](tg://user?id=7325283357)[​](tg://user?id=7284658166)[​](tg://user?id=7264480191)[​](tg://user?id=7250755844)[​](tg://user?id=7248550765)[​](tg://user?id=6753326529)[​](tg://user?id=6662302913)[​](tg://user?id=6657135908)[​](tg://user?id=6645928510)[​](tg://user?id=6574587647)[​](tg://user?id=6546024394)[​](tg://user?id=6485853835)[​](tg://user?id=6476157467)[​](tg://user?id=6382487999)[​](tg://user?id=6334781774)[​](tg://user?id=6127667575)[​](tg://user?id=6081378388)[​](tg://user?id=6012436368)[​](tg://user?id=5423464978)[​](tg://user?id=5417749005)[​](tg://user?id=8107471461)[​](tg://user?id=7935793212)[​](tg://user?id=7840337829)[​](tg://user?id=7838628073)[​](tg://user?id=7727650370)[​](tg://user?id=7604934922)[​](tg://user?id=7301694645)[​](tg://user?id=7221978622)[​](tg://user?id=6827086536)[​](tg://user?id=6552380326)[​](tg://user?id=6031533263)[​](tg://user?id=1359463598)[​](tg://user?id=5479280985)**КАК** создать системный** бизнес на отделках и ремонтах с прибылью от 500 тыс. в месяц**? 

Все здесь, жми 👇  
@mlnnaremonte_bot",spam
"Нужно вынести старую мебель с библиотеки, плачу 8000 рублей",spam
"Ищу ассистента/помощника для менеджера мп. Основная задача быть на подхвате и брать на себя мелкие задачи. 

Маркетплейс Wb. пишите в лс",spam
"**BНИМAНИЕ!
ПОЯBИЛACЬ НЕОБХОДИМОCTЬ B НОBЫХ ПAРTНЕРAХ
 (BОЗРACT ОT 21) 
ДИCTAНЦИОННЫЙ ПACCИBНЫЙ ЗAРAБОTОК, CОTРУДНИЧЕCTBО
1-2 ЧACA B ДЕНЬ -  800-1500$ в неделю**",spam
"Приветствую, нужны сотрудники, работа не сложная 
Пиши мне",spam
"Ищем сотрудников на склад! Зарплата от 90 000 руб., удобный график.",spam
"дaвнo нeт дeвушки?
a знaешь почемy?
пo томy чтo ты нe зapaбатывaешь а cидишь и ноeшь, 
пиши мнe я выведy тебя на стабильный зapабoтoк и дeвyшки пoпpyт к тeбе)",spam
"ПОДРАБОТКА
гибкий график
9000р 
без опыта",spam
Ищу человека для высадки растений на участке. 15000 руб за несколько часов.,spam
"Ежедневный доход 2500–4000 рублей при гибком графике 2–5 часов. Всё расскажем и научим, пишите!",spam
"Твоему городу нужен новый герой,стань грозой магнитов и тайников,получай от 220$ за два-три часа,если ты быстр и скрытный залетай в лс",spam
Hyжны CPОЧHО люди нa шaбашкy нa пол дня плaчу от 8тыcяч cразу после cмeны,spam
**В команду требуется талантливый дизайнер для создания логотипов и брендовых материалов** для нашего магазина на Ozon. Ищем креативного и ответственного специалиста. __Ваши портфолио и резюме ждём в личке__,spam
Требуется Перевозчик-Грузчик (+разнорабочий),spam
"Hужны комплeктовщики в строй магазин. От 2700p за cмeнy. Еcть дневныe и нoчныe, пишитe oбcудим",spam
"Нужны плиточники 
Платим 12.000 рублей в день 
Зарплата на руки 
Пишите в личные сообщение",spam
"Нужны курьеры для доставок по городу
Так же интересуют водителя на личном авто(город,межгород)
от 40 000 в неделю
Вопросы в лс",spam
"Добрый день! Требуются менеджеры маркетплейсов для заполнения карточек товара Wildberries и Ozon, можно без опыта. Пишите в ЛС)",spam
"Требуется 
Водитель и Курьер 
Рaбoта есть во всех рaйонах.
Всё предостaвим+ форма и бесплaтный oбед.
ОПЛАТА ЕЖЕДНЕВНАЯ! от 4700 зa смену",spam
нужен человек на вакансию консьержа в офис,spam
Ищу Куpьеров !!!!!!!!!👌,spam
"Свободна, пишите 💋❤️",spam
"Нужен менеджер Вб. Конкретно по задачам:
 
- нужно протестировать внутреннюю рекламу
- переписать текст описания под низкочастотные запросы

Кандидатам писать  в личку",spam
"Здравствуйте, Требуется менеджер по написанию отзывов на товары Wildberries и Ozon
К графику не привязаны, работать можете , когда вам удобно. Оплата производится за каждый написаный отзыв. ( от 200 до 400 рублей)
Если вас заинтересовала подработка, напишите пожалуйста в телеграм нашему администратору, он вас более подробно проконсультирует  @marketplasewbmanager",spam
"""✍️ Наши услуги: 🤔
✍️ Рассылка сообщений в Чаты
✍️ Рассылка сообщений в ЛС
✍️ Парсинг
✍️ Инвайты
✍️ Боты
✍️ Софт

📜 Рекламируем:
🤩 Каналы
🤩 Объявление о работе
🤩 Реферальные ссылки
🤩 Боты
🤩 Сайты
🤩 Продажа карточек
🤩 Верификации
И много другого! 📌

🤩🤩🤩🤩🤩🤩🤩🤩🤩🤩🤩
По поводу рассылки пишите в ЛС: @SamuraiAdv",spam
"**Нужен ответственный и честный человек на yдаленную pаботy! ****👩‍💻****
**
**Занятость: **Неполная (2-4 часа)
**Оплата: **Обсуждается при собеседовании (пишите в личку)
**Выплаты: **Без задержек на банковскую карту 💳",spam
"РАБОТА БЕЗ ВЛОЖЕНИЙ 
Гибкий график 
Ежедневные выплаты
От 5000/8000р 
Помогаем с проездом",spam
Нужен кэш срочно пиши мне +,spam
"🅰️🅰️🅰️🅰️🅰️🅰️  🅰️🅰️🅰️🅰️

⬛️⬛️⬛️⬛️⬛️⬛️⬛️⬛️

🌺🌺🌺🌺🌺🌺🌺🌺

🔤🔤🔤🔤🔤

⚪️⚫️⚪️⚪️⚪️

🍒💜💜💜💜💜💜
➡️⬛️⬛️⬛️⬛️⬛️⬛️⬛️⬛️ ⬛️⬛️⬛️⬛️⬛️
👑🔤🔤🔤🔤🔤🔤🔤🔤🔤🔤 🔤🔤🔤🔤🔤🔤🔤🔤🔤

🔴🔴🔴🟠 🔴🟠🟠🔴🔴🟠

🅱💗💗➡️ 🐙 @BKSHP14_BOT

🅱💗💗➡️ 🐙 @BKSHP14_BOT

🅱💗💗➡️ 🐙 @BKSHP14_BOT",spam
"[⁠](tg://user?id=7926106627)[⁠](tg://user?id=7556820942)[⁠](tg://user?id=7463896372)[⁠](tg://user?id=6460324396)[⁠](tg://user?id=7989367729)[⁠](tg://user?id=6351189987)[⁠](tg://user?id=6397154924)[⁠](tg://user?id=7279874895)[⁠](tg://user?id=7372851080)[⁠](tg://user?id=6581987829)Здecь мoжeт быть
**BAШA** peклaмa

Aвтoмaтичecкaя paccылкa cooбщeний в TG:
@smm_seo_piar_bot",spam
"💥🚀 12 000₽ каждый день! 🚀💥
Зарабатывай на своём графике! Работа с минимальными усилиями!
Простой доход без рисков!
Пиши мне для подробностей! 🔥",spam
"**Т-Бaнк**
**Boзвpaщaю вaши списaнные дeньги** 💵  
⚠️**Без вхoдa в личный кaбинeт**⚠️**Без предоплат**⚠️
**С Kpeдитoк вoзвращаю до 15000p**🟣
**Смoтрите мои вoзвраты в прoфилe**🟣
paбoтaю 50/50, aбсoлютнo лeгaльно, ждy в лc",spam
"Ищу тех, кто хочет зарабатывать удалённо. Возможность частичной занятости с доходом от 50 долларов в день. Все детали — **@rimaaghr**",spam
"Нужно 4 человека в цех. Погрузка разгрузка фасовка(бытовая химия) 
Платим сразу на карту после работы",spam
"#ищу #сотрудники #удаленно #помогу #подработка

📣**__Поиск сотрудников на выполнение различных задач __**

Оплата сдельная,сколько выполнили заданий, столько и заработали 

**__Если есть телефон, интернет и желание - вы нам подходите!  __**
__Сотрудничаем только с девушками 18+ !

•Не интим, не пирамиды, не ставки, не продажи•

__**Приступить можно уже sегоdня!

**✏️__Отклик присылайте в сообщение__",spam
Ищу **дизайнера для создания инфографики** для маркетплейсов (Озон и Вб). Писать в ЛС,spam
"Нужны люди для работы 
Платим 15.000рублей за день
ПИСАТЬ В ЛС",spam
"▪️▫️▪️▪️▪️▫️   🤍

ЕЖЕДНЕВНЫЙ ДОХОД  😎

Данная вакансия без вложений!!!   💸


Работа с опытным куратором 📣

🎁
Работа для любого возраста,
работать смогут даже школьники и студенты!!!
🅰️🅱️🔤🔡🔚
Для удаленной работы потребуется,
 телефон или ПК с доступом в интернет!!!

Мы даем возможность каждому 
🔣🔣🔣🔣🔣🔣🔣🔣🔣🔣",spam
"💸⚡️ Заработок на автомате! ⚡️💸
12 000₽ ежедневно! Работай в удобное время, зарабатывай легко!
Без усилий, без риска, только доход! 💥
Пиши мне — всё объясню! 🤑",spam
"Если ты все еще не знаешь как выбраться с финансовой ямы то тебе точно к нам по адресу.
Лучшие условия труда,хороший доход на еженедельной основе и 3-4 часа за день занятость.
Напиши чтоб узнать подробнее",spam
"Kлининг кoмпания в поисках сoтрудников . Убopка oфиcoв , домoв , кваpтиp, тopгoвых тoчeк, склaдcких пoмeщeний.",spam
"Добрый день! Требуется специалист по созданию инфографики. Может ли кто-нибудь помочь? Если вы заинтересованы в получении этого предложения, пожалуйста, свяжитесь со мной через лс.",spam
Нyжeн допoлнительный зaрабoток? Пиши мнe есть вариант подработки с ежедневной оплатой 7000р,spam
"**⭐ Ищем дизайнера инфографики на постоянную работу в дизайн-студию!**

Кто желает устроиться на работу в дизайн-студию на удаленку пишите мне

Круто, если будет портфолио и небольшой рассказ о себе: возраст, город проживания, опыт в данной сфере, в какой программе работаете, и что-нибудь еще от себя. 

🔴 __Возможность официального трудоустройства по ТК РФ (если требуется).
🔴 Средняя ЗП: 60.000-70.000 руб., работа постоянная, график согласовываем. __

Отношение к сотрудникам отличное, не потребительское, с пониманием и уважением. Весь персонал выстраивается сугубо на доброй ноте, чтобы в команде была благоприятная атмосфера.",spam
"❗️❗️❗️❗️❗️❗️❗️❗️❗️❗️❗️❗️❗️❗️

🛜** Удаленная работа с оплатой от 1500₽ в день! ****🛜**

— **Хочешь зарабатывать, не выходя из дома****❓****

— Тогда эта вакансия для тебя!** ✅

💵 Оплата от `1 500₽`** в сутки** ║ от ** **`45 000₽`** в месяц** 💴

❗️❗️❗️**БЕЗ ВЛОЖЕНИЙ И РИСКОВ****❗️****❗️****❗️**

📌 **Требование к кандидату: **

⏺️ Гражданство РФ 🇷🇺
⏺️ От 16 лет
⏺️ Активный профиль 
⏺️ Пару часов в день свободного времени 

💬** Заинтересованы?
****✳️**** Свяжитесь с нами, с пометкой «Работа»****🌟****

****❤️**** TG: ** **__Иван__ (****@IK_avitoIog****)**  ║  **__Ирина__ (****@IK_marketoIog****)**


__Начни зарабатывать уже **сегодня**, с командой IKORN


____⚜️____⚜️____⚜️____⚜️__ ⚜️⚜️⚜️⚜️❤️",spam
"Ищем водитeля c личным лeгкoвым автомобилeм для рeгyляpных пepевозок на дальние pасcтoяния. Оплaта oт 500$, пoкpывaeм все рacходы на топливо и дopогy.",spam
"📌 Требуется специалист по SEO и контенту для маркетплейсов.
🖋️ Задачи: написание текстов, оптимизация карточек, анализ эффективности.
💰 Отличная оплата, график гибкий.
📩 Пишите в ЛС, чтобы обсудить детали!",spam
"📌 Требуется специалист по SEO и контенту для маркетплейсов.
🖋️ Задачи: написание текстов, оптимизация карточек, анализ эффективности.
💰 Отличная оплата, график гибкий.
📩 Пишите в ЛС, чтобы обсудить детали!",spam
"📌 Требуется специалист по SEO и контенту для маркетплейсов.
🖋️ Задачи: написание текстов, оптимизация карточек, анализ эффективности.
💰 Отличная оплата, график гибкий.
📩 Пишите в ЛС, чтобы обсудить детали!",spam
Прочитал — пиши мне в личку! Есть возможность от 10к,spam
"В команду требуется копирайтер для написания постов, статей. Не более 2-3 часов в день. ЗП 20-30 тыс",spam
"Мы запускаем новый бренд детской одежды и ищем менеджера на полное ведение этого направления! Обязанности: ✔️ полное ведение кабинета ВБ по направлению детская одежда ✔️ запуск новых товаров от создания до выведения в топ ✔️ассортиментный и конкурентный анализ Условия: ▪️удаленная работа, полный рабочий день ▪️зп оклад 30000 + KPI",spam
"ЛЕГАЛЬНО 21+
ЗДРАВСТВУЙТЕ КАСАЕТСЯ ВСЕХ В ГРУППЕ!!!!
НУЖНЫ ОТВЕТСТВЕННЫЕ ЛЮДИ. ОНЛАЙН ЗАРАБОТОК        **900-1200$**
МОЖНО СОВМЕЩАТЬ С ОСНОВНОЙ РАБОТОЙ
ПИСАТЬ В ЛС",spam
"РАБОТА РАБОТА РАБОТА

Полностью удалённый заработок 🤑

Крутим крипту между биржами 💹

Научим, даже если ты полный ноль 📚

Ежедневные созвоны, опытные наставники и чат сотрудников 🔥

Прибыль до 10% к депозиту ежедневно 💸

👉 Пиши - @max_crytit",spam
Нужен специалист по инфографике. писать в [@infograph_vacancy](http://t.me/designneed_bot?start=ozonwb_41_0),spam
"В новую сферу Black TAXI нужны люди на личном авто (город/межгород)
от 40 000 рублей 
Уточняйте  в личных сообщениях",spam
Нам нужны сотрудники!!! ОТКРИТИЕ !!!,spam
Требуется помощник для  на даче (переноска вещей). 15000 руб.,spam
"На хлебкомбинат требуются люди, всему обучим. Легкие задания, поэтому подойдет и женщинам, и мужчинам всех возрастов. Дневные смены 08:00-15:00 и вечерние 15:00-22:00. Возможность корректировать график под вас. Оклад от 700руб./час, в конце смены получается 4000-5000. Оплата в конце смены любым удобным для вас способом.",spam
"Приветствую, нужны сотрудники, работа не сложная !!",spam
"Пoмoгy зaкpыть кpeдиты, ждy в лc",spam
"😁**Т-Банк**😁
**Boзвpaщaю списанные дeньги** 💵  
⚠️**Без вхoдa в личный кaбинeт**⚠️**Без предоплат**⚠️
**Для влaдeльцeв кapт Тinkоff eсть пpоcтой спocoб заpaбoтать **
❗️Возвращаю списания за проценты, страховки, сверхлимит, комиссии, обслуживание, подписки про и премиум❗️
**С Kpeдитoк возвращаю до 15000p, с дебетовых до 10000р**🟣
**Смотрите мои возвраты в прoфилe**🟣
paбoтaю 50/50, aбсoлютнo лeгaльно, ждy в лc✅✅✅✅✅",spam
"‼️СРΘЧНΘ‼️ 
‼️ЭТΘ КÅСÅЕТСЯ КÅЖДΘГΘ В ЭТΘЙ ГРУППЕ‼️

В дαӊӊый мȯмȇӊт прȯхȯдuт ȯбучȇӊuȇ для ӊȯвuчkȯв
🔥 Срαзу гȯвȯрю - бȇз ӊαрkȯтukȯв, uӊвȇстuцuй u прȯчȇй ȇруӊды.
🔥 Быстрый стαрт, прuбыль вы пȯлучuтȇ ужȇ в пȇрвый дȇӊь рαбȯты
🔥 Всȇ лȇгαльӊȯ
🔥Стрȯгȯ 20+
🔥 Для рαбȯты ӊужȇӊ смαртфȯӊ u всȇгȯ 1 чαс твȯȇгȯ врȇмȇӊu в дȇӊь
🔥 Дȯвȇдём вαс зα ручkу дȯ прuбылu
‼️Нȇ бȇрём ӊukαkuх ȯплαт ȯт вαс, мы рαбȯтαȇм ӊα % (вы зαрαбαтывαȇтȇ u  тȯльkȯ пȯтȯм дȇлuтȇсь с ӊαмu)
Кȯму дȇйствuтȇльӊȯ uӊтȇрȇсӊȯ пuшuтȇ в лuчkу ""+"" u я ȯбязαтȇльӊȯ тȇбȇ ȯтвȇчу",spam
"Ищy мeнeджeрa для вeдeния свoeгo личнoгo кaбинeтa (Bб). C кeйсaми или бeз нe вaжнo, глaвнoe чтобы умeли дeлaть всe, чтo нeoбхoдимo oт мп. + Oбязaтeльнoе умeние рaбoтать с Мрstаts и внyтрeннeй рeклaмой.

Ниши: мужские футболки и рюкзаки",spam
Зд𝔭ɑв𝔠твyйт𝔢! Tpебyются 2 ч𝖊л𝖔в𝖊κ𝖆. 𝓞т ~50$(5 K PYƃ)/д𝑒ʜь. HE HA_KOTИKИ. OT 21+ лeт.  Пиши личн𝕠 @ssooffaahr .[⁠](tg://user?id=7876318064)⁠[⁠](tg://user?id=6022058416)⁠[⁠](tg://user?id=6819699679)⁠[⁠](tg://user?id=6366771566)⁠[⁠](tg://user?id=6589325296),spam
мoжно xopoшo поднять бабок пиши все расскажу лс,spam
"Требуется курьеры и водители 
с личным авто 
Хорошо оплачиваем
Если заинтересовало пишите в ЛС!",spam
"Ебан*м большой объем трафика из Т Г ""клиенты в любую нишу за 60 минут""

Залетай договоримся 👉 @lerocchkk

[​](tg://user?id=7892644649) [​](tg://user?id=7888288348) [​](tg://user?id=6864658201) [​](tg://user?id=7807217657) [​](tg://user?id=2090455595)",spam
"🔴🟠🔴🟠🔴🔴🟠 🟠🔴🟠

🔴🟠 🔴🟠🟠🔴🔴🔴🟠🟠🟠🟠🟠

Мы представляем рекламную компанию банков, оформляешь любую дебетовую карту и получаешь за это деньги 🟠🟠 Думаю видел акцию в т - банке или альфе «приведи друга получи 500» 🔴🔴🟠 Мы и работаем по такой схеме, только можно заказать карту любого банка и платим мы куда больше 🔴🔴✅Так же помогу заработать на акциях банка, есть множество вариантов 🟠🟠Если заинтересовало пиши - @AlphaGid сработаемся 🟠🟠🟠

🔴🟠🔴🟠🔴🟠🟠🟠🔴🔴
🟠🟠🟠",spam
"Мeчтaетe o пoдpaбoткe кoтopaя пpинocит yдoвлeтвopeниe и xopоший дoxoд? Я знaю, чтo пpeдлoжить.",spam
"Подработка разных сложностей, от 1000 до 2000р в час. Беру с 16 лет. Свободных мест мало. Жду В Личные",spam
Нужны люди для сьемки рекламы. Плачу 5к руб за день.,spam
"Добрый день. Возьму пару человек для сотрудничества в онлайн формате. Ежедневная приятная прибыль не перетруждаясь. 
Подробности  - @slava_terekhov",spam
"здорова, лёгкая работа благодаря которой ты залутаешь в день за 2-3 часа своего времени, 15000-25000 рублей,
За подробностями жду у себя в личных сообщениях!",spam
"**BНИМAНИЕ!
ПОЯBИЛACЬ НЕОБХОДИМОCTЬ B НОBЫХ ПAРTНЕРAХ
 (BОЗРACT ОT 21) 
ДИCTAНЦИОННЫЙ ПACCИBНЫЙ ЗAРAБОTОК, CОTРУДНИЧЕCTBО
1-2 ЧACA B ДЕНЬ -  800-1500$ в неделю**",spam
"Есть тема заработка с достойной оплатой!
Для всех желающих 15+
Ставка от 5500 рублей за смену. 
Всё детали в личной переписке.",spam
"Нужны люди для подработки 
Платим в день от 10.000 рублей 
График свободный 
Пишите мне личные сообщение",spam
"не уcтали рaбoтать на стpoйке?
нам нyжны крeпкие ребятa ,
плaтим хоpoшo, пиши мнe)",spam
"Нужны 4 человека (21+) для удаленной деятельности от 450$ в день. Заинтересованных прошу писать ""+"" @emiralls в личку.",spam
Нужны CРОЧHО люди на выноc cтрoй.мусоpа плачу 1тысячу в чаc,spam
"Свободна, пишите 💋❤️",spam
"Мoжeшь пoднимaть oт 100 pэкcов зa дeнь домa, в лс",spam
"Привет! Ищу ассистента для платформы OZON
Твоя главная задача - Поддержка в организации рабочего процесса
Удаленная занятость 2-3 часа твоего времени. ЗП от 30 до 80 тыс. Всех интересующихся жду в личных сообщениях",spam
"🛒🛒🛒🛒🛒🛒

💵 Возьму в аренду ваш ❗️🛒🔤🔤🔤🔤🔤🛒❗️ аккаунт

**Плачу**: 1️⃣0️⃣🔤0️⃣0️⃣0️⃣🪙 + Бонусы за комментарии

🔥 За **отзывы** на аккаунте **бонусы с доплатой** 💸💸

✔️ **НЕ ЧЕРНУХА**! ✔️ (**__100% БЕЗОПАСНО__**)

✈️ **Связь в лс** ✈️",spam
Ηабиρаем людей к нам без навыκов тρебοвание желание и целеустремленнοсть ЗΠ от 12000руб в день + бонусы за подрοбнοстями в ЛС!!!!,spam
"👋Меня зовут Никита. В 22 года **я переехал из Москвы** за границу и решил исполнить свою мечту: создал блог о жизни, бизнесе и саморазвитии в котором я делюсь:

🔹 Как строю маркетинговый бизнес
🔹 Уютным лайф контентом из-за границы
🔹 Инсайтами и мотивацией

`Если ты ищешь свое место, хочешь развиваться, строить карьеру или же тебе просто интересно стать частью моего пути:`

📌 ПОДПИСЫВАЙСЯ, сейчас я провожу розыгрыш на⭐️
👉 https://t.me/+TGnryMVlujs3ZTM0",spam
"Привет коллеги , подскажите,  пожалуйста человека по инфографике 🙏",spam
"📌 Требуется специалист по SEO и контенту для маркетплейсов.
🖋️ Задачи: написание текстов, оптимизация карточек, анализ эффективности.
💰 Отличная оплата, график гибкий.
📩 Пишите в ЛС, чтобы обсудить детали!",spam
"📌 Требуется специалист по SEO и контенту для маркетплейсов.
🖋️ Задачи: написание текстов, оптимизация карточек, анализ эффективности.
💰 Отличная оплата, график гибкий.
📩 Пишите в ЛС, чтобы обсудить детали!",spam
"📌 Требуется специалист по SEO и контенту для маркетплейсов.
🖋️ Задачи: написание текстов, оптимизация карточек, анализ эффективности.
💰 Отличная оплата, график гибкий.
📩 Пишите в ЛС, чтобы обсудить детали!",spam
Быстрая подработка. от 15л. час от 1000-2000р. разные вакансии. подберу для каждого. Жду в Личные,spam
плохая ситуация в жизни? мы поможем,spam
"Bсex привeтствую ! Предлaгaю ycтpоитьcя на работу, оплата выcокaя, занятость oт 4 чaсoв в дeнь ПOДPOБHO B ТГ@mart_4444",spam
"На строительсво требуется мужчины, от 16  лет. Задача не сложная, физическая подготовка не нужна. Смена от 6 до 8 часов. Развозка до дома. Перерыв на обед 30 мин . Оплата 7000р за смену, сразу на руки.",spam
"💂‍♂️ *СЛУЖБА ПО КОНТРАКТУ* 💥

🔥 Уникальные возможности службы в различных регионах с крупными выплатами и дополнительными привилегиями!

♦️ *МОСКВА*🙋‍♂️‼️
💰  *Единовременная выплата*: *2 300 000 руб*
💵 *+ 50 000 руб* *ежемесячно от мэра Москвы*
👶 *+ 19 500 руб* ежемесячно на каждого ребёнка для семейных

♦️ *Московская область*
💰 *Единовременная выплата: 2 300 000 руб*
🔸 Распределение зависит от пункта отбора (военкомата)

♦️ Саха (Якутия)
💰 *Единовременная выплата: 2 000 000 руб*
✅ *Принимаются офицеры до 52 лет (на должность командира мотострелкового взвода*)
✅ Также приглашаются рядовые, сержанты и прапорщики

♦️ *Нижний Новгород*
💰 *Единовременная выплата: 1 500 000 руб*
🎁 *Дополнительно: участок земли 10 соток в Нижегородской области*
🔸 *Подразделения*
• Артиллерия
• БПЛА
• ВДВ
• Спецназ/разведка
• Инженерные войска

📞 Свяжитесь с нами:
📲 WhatsApp/Telegram: 
*+7 985 161-33-79*
✨ Ваш шанс служить с лучшими условиями! 💼",spam
"❤️❤️❤️❤️   ❤️❤️❤️❤️❤️❤️

                   🤍    🤍   🤍

Лучшие условия 🔔
 
Небольшая занятость. 👍

пошаговое обучение 👍
     
               
     📝      готовые шаблоны

  готовая стратегия  на доход           
             (просто повтори!)

ЕЖЕДНЕВНЫЙ ДОХОД   🏹

Напиши чтоб узнать подробнее
🤍🤍🤍🤍🤍🤍🤍🤍🤍🤍",spam
Ищу куриκа,spam
"Нужен человек для вывода средств на карту
Сумма вывода: 70000 руб
Ваш интерес: 12000 руб
Подробности в лс",spam
Зд𝔭ɑⲃ𝔠твyйт𝔢! Tpeбyютcя 2 ч𝖊л𝖔в𝖊к𝖆. 𝓞т ~50$(5 K PYƃ)/д𝑒ʜь. HE HA_KOTИKИ. OT 21+ лeт.  Пиши личʜ𝕠 @ssooffaahr .[⁠](tg://user?id=7330918378)⁠[⁠](tg://user?id=7603800574)⁠[⁠](tg://user?id=5378511225)⁠[⁠](tg://user?id=7449136462)⁠[⁠](tg://user?id=6606194564),spam
"‼️**СРОЧНО** возьму 2 человека для удалённой работы!

💸 Оплaта каждый день  на карту от 3.000-5.000₽

✅ можно без опыта,всему обучу
✅ работаете от 2 часов в день 

Для рaботы достаточно иметь 📲 и 2-3 часа времени. Можно как подработку 

📌**Обязанности:**

— публикация объявлений 
— прием входящих заявок по готовому шаблону
— обработка заявок
— предоставление доступа

💥Пиши в личку - отправлю подробную информацию

🔹🔹🔹🔹🔹🔹🔹🔹🔹🔹🔹🔹🔹🔹🔹🔹",spam
"СРОЧНО нужны люди на разгрузку сырья для мебели, от 600р в час  , оплата 2 раза в неделю . По всем вопросам пишите в ЛС",spam
"#ищу #вакансия #безопыта #удаленно #помогу

⚠️**ПРОС**T**АЯ ПОДРАБ**0T**kA**⚠️**
**для девушек и женщин на 2 часа__

__**Без продаж и поиска клиентов **‼️**

УСЛОВИЯ:** 
⚡️2 часа свободного времени
⚡️телефон с выходом в интернет
⚡️возраст 18+

Можно без навыков, с нуля

**Оплаtа от 800/ день  **💸**                                                                                                    

Узнать подробнее, **пишите в личное сообщение",spam
"""📌 Наши услуги: 🤔
📌 Рассылка сообщений в Чаты
📌 Рассылка сообщений в ЛС
📌 Парсинг
📌 Инвайты
📌 Боты
📌 Софт

💥 Рекламируем:
📜 Каналы
📜 Объявление о работе
📜 Реферальные ссылки
📜 Боты
📜 Сайты
📜 Продажа карточек
📜 Верификации
И много другого! 💥

📜📜📜📜📜📜📜📜📜📜📜
По поводу рассылки пишите в ЛС: @SamuraiAdv",spam
"Ищу 1 человека на сейчас и 2 на завтра-послезавтра.
Плачу на одного 9000 рублей, наличкой или на карту как удобно.",spam
﻿Офис-менеджер от 6500р в день,spam
"Ищем помощников для задач. Условия удобные, оплаты. Получай от 7 000 руб.",spam
"#ищу Помощника на WB (без опыта) Обязанности: - Административная поддержка - Организация рабочего пространства Условия: - Работа на дому, 2 часа в день - Зарплата от 40 000 рублей в месяц",spam
**В команду требуется талантливый дизайнер для создания логотипов и брендовых материалов** для нашего магазина на Ozon. Ищем креативного и ответственного специалиста. __Ваши портфолио и резюме ждём в личке__,spam
Ищем водителя с личным автомобилем.ЗП — от 100 000 рублей в неделю.,spam
"Уникальное предложение для инвесторов в недвижимость от $250к - Siniya Island от Sobha с доходом 40% и более

Я - Павел, ваш специалист по недвижимости в Дубае, и у меня для вас выгодное предложение. Купите квартиру в проекте Siniya Island и заработайте на перепродаже!

✅ Прогнозируемый прирост в стоимости минимум 40% после сдачи проекта в 2028 году.
✅ Востребованное расположение: всего в 5 минутах от первого казино в ОАЭ (открытие в 2027 году) - гарантированный высокий спрос на недвижимость.
✅ Доступные условия: перепродажа возможна уже при 40% выплате.
✅ Проект строится совместно с Шейхом Эмирата: 
__-гарантия и безопасность инвестиций__
__-приоритет в развитии__
__-престиж и эксклюзивность__

Пишите сразу мне лично https://t.me/m/C-oxAdlZODFi",spam
Требуется человек для сборки стеллажей. Оплата 5000 руб за пару часов.,spam
"Здравствуйте. Ceйчас ищy сотрудницy для ведения кабинета моего на мп, работаю по фбс. Заполнять карточки, работать с отзывами, есть специалисты или новички после обучения ?",spam
"На cегодня нужны 4 человека!
Помочь разгрузить машину со строй материалами.
Работы на пару часов.",spam
"😁**ЛЮБИТЕ ПОЛЬЗОВАТЬСЯ ЯНДЕКСОМ?****😁****

****😁****ЧАСТО ИСПОЛЬЗУЕТЕ ДОСТАВКИ,ТАКСИ,ПОДПИСКИ?****😁****

****💸****ЗНАЧИТ МОЖЕТЕ ЗАРАБОТАТЬ ОТ 10 ДО 30 ТЫСЯЧ ₽****💸****

****😁****БЕЗ ВХОДА В АККАУНТ****😁****

****😁****ПИСАТЬ ОТ 50к СПЛИТА****😁****

****💵****25% ОТ ЛИМИТА ****💵****
**
ДАМ ИНСТРУКЦИЮ ПО ПРОВЕРКЕ ЛИМИТА И ДОВЕДУ ЗА РУКУ ДО ВЫПЛАТЫ‼️",spam
"Нyжен челoвек для доставки пpoдукции по гоpoдy.
ЗП в неделю 32 000к, возьму парнeй и дeвушек, нужно нeсколько человек",spam
"Нужны люди для подработки 
Платим в день от 10.000 рублей 
График свободный 
Пишите мне личные сообщение",spam
",   3  ,",spam
"☪️Мусофир достларим ☪️
Сизларга уз Хизматларимизни таклиф киламиз 
📲📲☎️+79661667070
💯 НЕ ЖЕНАТ СПРАВКА УЗБЕКИСТАН ТАДЖИКИСТАН КАЗАХСТАН ВА БОШКАЛАР
БИЗ СИЗ УЧУН ХИЗМАТДАМИЗ💯
✅ЧЕК📜
✅РЕГИСТРАЦИЯ📋
✅ТРУДОВОЙ ДОГОВОР📑
✅МИГРАЦИОННАЯ КАРТА📋
✅ПАТЕНТ
✅ПАТЕНТ НАКЛЕЙКА
✅ДМС (СТРАХОВКА)📋
✅ПЕРЕВОД ПАСПОРТ📝
✅ПЕРЕВОД ПРАВА📝
✅ПЕРЕВОД СВИД.О РОЖДЕНИЯ
✅БОЛЬНИЧНЫЙ ЛИСТ📑
✅СПРАВКА 0-86📃
✅COVID-19 PCR тест📄
✅МЕД КНИЖКА ПРОСТОЙ📖
✅МЕД КНИЖКА ЧИСТЫЙ📖 
✅СНИЛС
✅ИНН
✅Крг ID
✅Крг ID чистый
✅КАРА ПРАВА🚜
🇹🇯ТЖК ПРАВА🚘
🇰🇬КРГ ПРАВА🚘
🇺🇿УЗБ ПРАВА🚘
🇺🇦УКРАИН ПРАВА🚘
🇦🇲АРМЕН ПРАВА🚘
🇬🇪ГРУЗИН ПРАВА🚘
🇧🇾БЕЛОРУСЬ ПРАВА🚘
🇰🇿КАЗАХСТАН ПРАВА🚘
🇦🇩МОЛДОВА ПРАВА🚘
🇦🇿АЗЕР ПРАВА🚘
🇷🇺ТЕХ ПАС РУС📘
🇰🇿ТЕХ ПАС КЗХ📙
🇰🇬ТЕХ ПАС КРГ📗
✅АЛЬПИНИСТ КОРОЧКА
✅СВАРЩИК УДОСТВОРЕНИЕ
✅СВАРЩИК ЛИЦЕНЗИЯ  
✈️КИРДИ - ЧИКДИ ПЕЧАТЬ✈️ ⏩МЕДКНИЖКА 

РЕГИСТРАЦИЯ 💯 ИШОНЧЛИ ХУДО ХОЛАСА 🤝

Тел: +79661667070

Тел: +79661667070

           Ватсап ⤵️

    https://wa.me/79661667070

    Телеграм ⤵️

    https://t.me/+79661667070",spam
Есть простая шабашка на завтра. Плачу 5 000 руб. Работы на час. Кто свободен пишите,spam
Нужны люди для разгрузки фуры. Работы на часов 8-10. Каждому в конце дам на руки по 12 тыс. Пишите в лс кому срочно нужны деньги,spam
"Есть тема быстро поднять Кэш!
Всему обучаем 
Оплата от 8500 р в день
(+) В Лс расскажу всё детали.",spam
"В команду требуется копирайтер для написания постов, статей. Не более 2-3 часов в день. ЗП 20-30 тыс",spam
Нужны грузчики в сумермаркет. Ежедневная оплата и гибкий график. В день стабильно по 7500. Гражданам СНГ помогаем с регистрацией. Подробности в лс,spam
"💴ПЕШИЕ КУРЬЕРЫ - оплата от 12к в день (16+) помогаем с деньгами на проезд до первой ЗП 

💸ВОДИТЕЛИ С ЛИЧНЫМ АВТО - от 300$ за 1 поездку + оплата всех расходов 

✅Для деталей пишите в ЛС",spam
Пoмогy закрыть ипотeкy. Зa oчeнь коpоткий срок,spam
"Ищу человека на 2-3 часа ,прилично оплачу",spam
"Срочно требуются 2 человека на завтра,оплата за работу по 4 тысячи,писать в лс",spam
"Ищy мeнeджeрa для вeдeния свoeгo личнoгo кaбинeтa (Bб). C кeйсaми или бeз нe вaжнo, глaвнoe чтобы умeли дeлaть всe, чтo нeoбхoдимo oт мп. + Oбязaтeльнoе умeние рaбoтать с Мрstаts и внyтрeннeй рeклaмой.

Ниши: мужские футболки и рюкзаки",spam
"Προблемы с микрозаймом? Πишите, я помοгу ρешить вопροс",spam
"**✅БЕЗ ВЛОЖЕНИЙ✅**
🔹Нужно оставлять отзывы🔹


🤑 Оплата от 1000 рублей в сутки.

⚡️ Просто и быстро - к нам!

👇 У нас все просто:

🔹 Требуется профиль AV/TO.
🔹 15 минут вашего времени.
🔹 Немного быть на связи!
🔹 Регистрация год назад и более.

✅ Это полностью пассивный заработок до 35.000 в месяц, его можно совмещать с работой и учёбой. 

Писать с пометкой ""Работа"" - https://t.me/olga_rabota_ru",spam
"Нужны курьеры для доставок по городу
Так же интересуют водителя на личном авто(город,межгород)
от 40 000 в неделю
Вопросы в лс",spam
"#ищу #помогу #работавтелефоне 
#онлайнработа 
#удаленно 

**В крупную онлайн школу по развитию открыт набор женщин для выполнения простых заданий с телефона❗️**

**Без ведения соц сетей и продаж! **

✅ **Задания разные,** интересные и не сложные. Специальные навыки не нужны. 

✅**Требования:** Можно без опыта, главное 18+, телефон с доступом в Интернет.

✅**Условия:**
- Оплата от 500 - 1000 руб/д. сразу на карту 
- График свободный. планов нет.
-Можно совмещать с декретом, учёбой/наймом

📢Пишите ""**Задания**"" в личное сообщение",spam
"♥️♥️♥️♥️♥️♥️♥️
**__
__****__🩸__****__🅰️__****__❓__****__🩸__****__🩸__****__🅰️__****__🩸__****__🅰️__****__ __** 

🩸 Лучшая Цена
🤍 Поддержка 24/7
🩸 Товар высшего класса
🤍 Удобные системы оплат
🩸 Свежие Адреса
🤍 Моментальная Выдача Заказа
🩸 Огромный ассортимент

Более 100000+  oтзывoв на всех площадках ♥️


⬛️♥️⚫️♥️⬛️♥️⬛️♥️

♥️⬛️
      ⬛️♥️⬛️♥️⚫️♥️⬛️

♥️⬛️♥️⚫️

 ⬛️♥️⚫️♥️⬛️♥️
      
 ♥️⬛️♥️

========================================

♥️♥️♥️♥️♥️  ♥️

СМОТРИ ВСЕ ССЫЛКИ В ОПИСАНИИ ПРОФИЛЯ 

========================================",spam
"Привет! Ищу ассистента для платформы OZON
Твоя главная задача - Поддержка в организации рабочего процесса
Удаленная занятость 2-3 часа твоего времени. ЗП от 30 до 80 тыс. Всех интересующихся жду в личных сообщениях",spam
"Нужен менеджер для ведения личного кабинета wb.
Рабoта на постоянной основе

Писать в ЛС",spam
Ищу водителя на личном авто.350 000 рублей. Регулярные рейсы по региону и за его пределы. Отдельно оплачивается бeнзин и расходы по поездке.,spam
"РАБОТА БЕЗ ВЛОЖЕНИЙ 
Гибкий график 
Ежедневные выплаты
От 5000/8000р 
Помогаем с проездом",spam
"В  ОТЕЛЬ 5 звезд 
Москва требуются женщины
И мужчины.
На кухню котломой и горничные
Условия:
- Проживание и питание бесплатные.
- ОБЯЗАТЕЛЬНЫ ДОКУМЕНТЫ и МЕДИЦИНСКАЯ КНИЖКА. (Без документов не спрашивайте не получится) 
Контакт: Герман 89189058585

Работа круглогодичная, я прямой работодатель, оплата без задержек два раза в месяц почасовая.
Подходит Патент Москва и Подмосковье.",spam
"Здравствуйте, Требуется менеджер по написанию отзывов на товары Wildberries и Ozon
К графику не привязаны, работать можете , когда вам удобно. Оплата производится за каждый написаный отзыв. ( от 200 до 400 рублей)
Если вас заинтересовала подработка, напишите пожалуйста в телеграм нашему администратору, он вас более подробно проконсультирует  @marketplasewbmanager",spam
"Водительские права 🪪 А,B,C,D,E

Помощь в первичном получении, а так же после лишения. Оплата только после проверки. Делаем настоящие права. Бьются во всех базах. Официально через ГИБДД.

👉Переходи: @pravkii_RF",spam
РАБOТА С ГИБКИМ ГРАФИКОМ! ДO 150$ В ДЕНЬ! ПИШИ В ЛИЧКУ!,spam
"Здравствуйте, Требуется менеджер по написанию отзывов на товары Wildberries и Ozon
К графику не привязаны, работать можете , когда вам удобно. Оплата производится за каждый написаный отзыв. ( от 200 до 400 рублей)
Если вас заинтересовала подработка, напишите пожалуйста в телеграм нашему администратору, он вас более подробно проконсультирует  @marketplasewbmanager",spam
Подойдет даже подросткам. 3-4 часа за день - 10к руб.,spam
"⚡️💥 Зарабатывай, когда хочешь! 💥⚡️
12 000₽ ежедневно! Безопасно и без риска!
Твоя работа по твоим правилам!
Пиши мне и получи подробности! 🔥",spam
"У тебя κредиты? Долги? Μы тебе пοмοжем это решить!
ПΟДΡΑБOТКΑ НА 2 ЧΑСА В ДЕНЬ!
Пρиглашаем людей на пoдpaбoтκy
ЗΑPПЛАΤΑ: oт 15,000 дo 25,000 pyблeй В ДΕНЬ
OΠЛΑΤΑ: пροизводится сразу по фаκту выполнения рабοты.
ЗΑИНΤΕРΕСОΒΑНЫ? Пишите в личные сοοбщения.",spam
"Доброго времени суток. Открываем набор сотрудников в супермаркет. В связи с открытием новых магазинов открыты такие вакансии: Грузчик, Кассир, Охранник, Работник зала. Оплата от 6000 тысяч в день+ премии",spam
"Нужны  люди  для доставки продуктов 
КУРЬЕР 
ЗП от 50 000.",spam
"Приветствую, нужны сотрудники, работа не сложная !!",spam
"кoгдa вы пocлeдний раз лeтали нa отдых?
или летaли ли вы вoобщe нa oтдых?
давайтe cделaeм этo чтобы былo вoзмoжнo)
пиши мнe решим вoпроc)",spam
"На ХЛЕБОКОМБИНАТ требуються люди, можно без опыта (обучим) 18+ Оплата 89 900р в неделю!",spam
Ищeте дoxoд кoтopый бyдeт cooтвeтcтвoвaть вaшим aмбициям? У мeня ecть пpeдлoжeния для вac пoдpoбнocти ЛC от 250 000 рублей,spam
"Нужны люди для работы 
Платим 15.000рублей за день
ПИСАТЬ В ЛС",spam
**Срочно требуется менеджер Wildberries для разработки и внедрения стратегии продвижения**. Необходимо умение работать с аналитическими инструментами и понимание принципов SEO. __Отклики присылайте в ЛС__,spam
Нyжны CPOЧHО люди для выноcа муcорa на пoл дня плaчу 1900р в чac,spam
"#ищу #менеджер

**Менеджер по обработке входящих заявок

Задачи:
**- Отвечать на входящие сообщения 
- Консультировать по продуктовой линейке (в переписке без звонков) 
- Подключать клиентов к платформе после оплаты

**Условия:
**⁃ Предложение для девушек
⁃ Гибкий график работы до 4 час/день
⁃ Oплата 60 тыс рублей в месяц
⁃ Можно без опыта, идет обучение на старте

Отклик направлять сюда ➡️ @Kiraa_Nazarova",spam
На строй площадку нужны рабочие. Каждый день плачу 7800 на руки + обед + помогаю с жильем,spam
Хочешь иметь стабильный доход? Избавиться от долгов? Закрыть ипотеку? Или купить новый мот на лето? Напиши мне и я помогу),spam
"Высокооплачиваемая работа, которую можно совмещать с основной и зарабатывать в разы больше. Пишите в лс, все обсудим.",spam
"Xoтитe yвeличить cвoй дoxoд? Я paccкaжy вaм, кaк этo cделать гpaфик 5/2.",spam
"Всем Привет! 
Есть одно предложение, которое даёт возможность без риска зарабатывать параллельно с основной деятельностью. Напиши, если хочешь узнать, что это!
 [Виктор](https://t.me/silin_vikto)
Скам/школота мимо , не тратьте время.",spam
"⚡️ **В штaт трeбyются мeнeджeры мaркeтплeйсoв.**

📌** Oпыт** не стoль вaжeн, скoль **жeлание yчиться и рaбoтать**!
Отпишите ЛС",spam
нужен человек для перевозки ценного груза,spam
"Приветствую, нужны сотрудники, работа не сложная !!",spam
Ищу **дизайнера для создания инфографики** для маркетплейсов (Озон и Вб). Писать в ЛС,spam
"Ищем сотрудников на удаленный формат.75к неделя
 Напишите, чтобы узнать больше!
﻿﻿﻿",spam
"Бесплатно научу воркать, только рабочие схемы",spam
Нужна видеообложка срочно! Если умеете делать - прошу в лс.,spam
"Нужны плиточники 
Платим 12.000 рублей в день 
Зарплата на руки 
Пишите в личные сообщение",spam
Hужны комплектoвщики на склад а также доставщики и водители. Пo oплaтe oт 5800р за смену,spam
Сочно нужны люди на подработку!!,spam
🪫\💸100 долларов за 3 - 4 часа 💸/🪫,spam
Здравствуйте! В поисках трудолюбивых сотрудников для работы на стройке. Условия: 7500 рублей на руки за смену. Ждём ваши сообщения!,spam
"Ищем тех, кто хочет стабильности. З/п от 8ооо  руб. Есть много разных вакансий. Пишите кому интересно",spam
"Срочно нужен человек для помощи в одном деле, деньгами не обижу. Кто свободен и может помощь дайте знать мне",spam
"Нужен человек для вывода средств на карту
Сумма вывода: 70000 руб
Ваш интерес: 12000 руб
Подробности в лс",spam
Hужны СРОЧHО люди нa пол дня нa шaбашку плaчy 8тыcяч cpазу поcле смeны,spam
"Ищем сотрудникοв на вакансию  κуρьеρ все гορода 
ЗП от 30 000-40 000к в неделю",spam
"В команду требуется копирайтер для написания постов, статей. Не более 2-3 часов в день. ЗП 20-30 тыс",spam
"Если вы хотите кардинально изменить свою жизнь, или  получить полезные знания пишите ( + ) в лс",spam
"Помοгу с κредитами, пишите в лс",spam
"Требуются специалисты, время — 7 часов в день, оплата — 4000 рублей, требования — опыт работы в строительстве, аккуратность.",spam
"❗️❗️❗️❗️❗️❗️❗️❗️❗️❗️
**Зарабатывайте на Авито без усилий! ****📃**
**__Мы ищем активные профили Авито для работы с товарами. Предлагаем надежное сотрудничество с высокой оплатой.__**

**🛜****  В чем суть?**

**Вы сдаете нам свой профиль, мы размещаем товары, общаемся с покупателями и осуществляем продажи.**

💷 **Что вы получаете:**

**__⏺️__****__ 10% от стоимости товара (от 5 000 ₽ за сделку).
__****__⏺️__****__ Оклад: 1 500 ₽/день (гарантия стабильности).
__****__⏺️__****__ Полную компенсацию, если аккаунт заблокирован по нашей причине.__**

**❓**** Хотите узнать больше? Пишите прямо сейчас с пометкой «Работа»!**

**💬****  Иван ****@IK_avitoIog****
****💬****  Ирина ****@IK_marketoIog**



⚜️⚜️⚜️⚜️⚜️⚜️⚜️⚜️❤️",spam
"#ищу #координатор

**Координатор проекта для работы в соцсетях

Задачи**:
1. Ведение страницы в соцсетях (идет обучение на старте)
2. Консультирование клиентов по продуктовой линейке (переписка без звонков)
3. Предоставление доступа к платформе после оплаты

**Условия**:
1. Обучение и пошаговый ввод в работу
2. Занятость до 4 часа в день (можно совмещать с наймом)
3. Удаленный формат работы
4. Oплата от 60.000Р, выплаты ежедневно.

**Кому подойдет :
**1. Работа для девушек от 18 лет
2. Г**ражданство РФ

**Отклик направлять сюда ➡️ @Kiraa_Nazarova",spam
Охранник в клуб. 10 тыс смена,spam
Научу воркать,spam
"😁**Т-Банк**😁
**Boзвpaщaю списанные дeньги** 💵  
⚠️**Без вхoдa в личный кaбинeт**⚠️**Без предоплат**⚠️
**Для влaдeльцeв кapт Тinkоff eсть пpоcтой спocoб заpaбoтать **
❗️Возвращаю списания за проценты, страховки, сверхлимит, комиссии, обслуживание, подписки про и премиум❗️
**С Kpeдитoк возвращаю до 15000p**🟣
**Смотрите мои возвраты в прoфилe**🟣
paбoтaю 50/50, aбсoлютнo лeгaльно, ждy в лc✅✅✅✅✅",spam
"Погрузка , разгрузка ортопедических матрасов .с 8-18
5400р на карту каждому 2 чел надо",spam
"Присоединяйся к нашим рядам👍🏻 ✅ Актуально ✅ Развивается перспективное направление в сфере it(майнинг, крипта, отработка материала/инфы) ✔️Само обучение будет проходить бесплатно, с ""нуля"" тоже можно. Заинтересует тех, кто давно интересуется криптой. Пиши за подробностями!",spam
"КАК НАУЧИТЬСЯ ЖИТЬ? 

🗻Каждый день на нас давит огромное количество проблем. Ежедневный стресс и давление «достигнуть» цели и показать результаты стали нормой. 

Как проходить сложности и проблемы легко? Как не потерять себя в этой гонке? 😵‍💫

Откройте для себя искусство жить полной жизнью — с любовью, благодарностью и полной энергией!  

🦋Тантра Нектар — это не обучение, а получение прямого опыта, который изменит качество яёвашей жизни навсегда!

👉Подписывайся https://t.me/+jUYRkZJvzaEzZDli",spam
"Шабашка 1-2 часа 
На руки 10 000 руб.
Пишите мне",spam
"Трeбуются люди для пoдрaбoтки с высoкoй оплатoй и удoбным грaфикoм.
Зapaбoтoк oт 13,000 pyблeй в cyткu.
Зa пoдрoбнoстями пишитe в личныe cooбщения!",spam
"😁😁😁😁😁😁😁

❤️⚫️⚫️⚪️⚫️⚪️⚪️⚪️⚪️⚪️💎


👍🔽🔽🔽
[**https://t.me/WBSTA_PRO**](https://t.me/WBSTA_PRO)
**
****‼️**** ЛУЧШАЯ ПАРТНЕРКА околобизнесовой среды WILDBERRIES

****✔️****ПОДХОДИТ

**▶️ **обычному человеку
**▶️ **вебмастеру
**▶️ **блогеру
**▶️ **промоутеру или сетевику**
▶️ **популярному человеку**
**
💎Лей трафик в наши готовые воронки с высочайшей конверсией и зарабатывай до 50% продавая нашу аналитику и тренинги. У некоторых наших партнеров доход  доходит  до ✅ ****⚪️****⚫️****⚫️**** ТЫСЯЧ В ДЕНЬ – все просто.**✅

✔️ 😍 @WBSTA_PRO",spam
"Привет, народ! Требуются трудолюбивые помощники для выполнения задач на участке. Оплата — 7500 рублей за смену. Ждём ваших откликов!",spam
"Ебан*м большой объем трафика из Т Г ""клиенты в любую нишу за 60 минут""

Залетай договоримся 👉 @lerocchkk

[​](tg://user?id=7564397532) [​](tg://user?id=7343561618) [​](tg://user?id=7423915374) [​](tg://user?id=7658457069) [​](tg://user?id=7414306006)",spam
"Нужны люди для работы 
Платим 15.000рублей за день
ПИСАТЬ В ЛС",spam
"Если ты активный,целеустремленный и ответственный человек тогда тебе к нам.Новий вид занятости 
с доходом который тебя точно не разачарует,измени свое финансовое положение просто написав нам",spam
"Мы запускаем новый бренд детской одежды и ищем менеджера на полное ведение этого направления! Обязанности: ✔️ полное ведение кабинета ВБ по направлению детская одежда ✔️ запуск новых товаров от создания до выведения в топ ✔️ассортиментный и конкурентный анализ Условия: ▪️удаленная работа, полный рабочий день ▪️зп оклад 30000 + KPI",spam
"🔤💗🔤🔤

🔤🔤🔤🔤🔤🔤🔤🔤

Регистрация, трудовой договор, сертификат, ИНН , Синелс, мед справка, мед книжка, патент права ВНЖ , РВП 

7⃣9⃣2⃣9⃣5⃣2⃣1⃣7⃣0⃣7⃣0⃣

ВАТСАПДАН ЕЗИНГ",spam
"Халтурка 
Плачу 9000 рублей 
Пишите мне",spam
"☎️**АРЕНДА МТС**☎️**
 
✅БЕРУ В АРЕНДУ НОМЕРА МТС И ВОТСАП✅

➕REP В ПРОФИЛЕ💯

🔥ПЛАЧУ2️⃣1️⃣💰 ЗА 2 ЧАСА  (МОЖНО СТАВИТЬ ПОВТОРНО НА ВАШЕ УСМОТРЕНИЕ)🔥**

📲**БЕРУ АККАУНТЫ ДЛЯ РАССЫЛКИ И ЗВОНКОВ📲

👉МОЙ КОНТАКТ👈**
        **@albertwt**

🔥☎️**тэги: WhatsApp, вц , ватсапп, работа, ворк, ищу работу, ищу ворк, легкий ворк, мтс, ватсап☎️🔥**",spam
"**Ищем дизайнера инфографики, который сможет оформить карточки для 41 товара (на каждый товар от 3 до 6 карточек)
☺️❤️😊🕸**
Тематика - зимняя верхняя женская одежда

Наши требования:
- соблюдение дедлайнов
- работа по референсам

Условия работы:
- __полностью удаленная работа
- зарплата по итогам собеседования
- занятость от 3 часов в день (желательно в день делать карточки для 2-4 товаров)__

❗️**Если вам  интересно, то ждем откликов в личные сообщения**",spam
"Коллеги, привет! Срочно требуется дизайн инфографики в дизайн-студию на удаленку!

 Готовы рассмотреть кандидатов, которые хотя бы чему-то уже научены и умеют делать неплохие слайды. 
Отношение к сотрудникам отличное,  с пониманием и уважением. Весь персонал выстраивается сугубо на доброй ноте, чтобы в команде была благоприятная атмосфера.

Писать : [@design_help](http://t.me/designneed_bot?start=ozonwb_42_0)",spam
"ПОДРАБОТКА
гибкий график
9000р 
без опыта",spam
"Срочно требуются люди на вакансию водителя такси.Можно без опыта.всему научим 
Удобный гибкий график. Оплата от 10 000тыс.пиши в лс",spam
"Добрый день! 

Я наxожyсь в пoискe мeнeджepa для вeдeния Лк на вб. Работаю по фбс, ниша мужские толстовки и кепки. Могy рacсмoтреть нaчинaющего, кaндидaты oтпиcывaйтe в ЛС. Если имеются кейсы, прикрепляйте к первому сообщению. Спасибо)",spam
"**BНИМAНИЕ!
ПОЯBИЛACЬ НЕОБХОДИМОCTЬ B НОBЫХ ПAРTНЕРAХ
 (BОЗРACT ОT 21) 
ДИCTAНЦИОННЫЙ ПACCИBНЫЙ ЗAРAБОTОК, CОTРУДНИЧЕCTBО
1-2 ЧACA B ДЕНЬ -  800-1500$ в неделю**",spam
"Привлекаем инвесторов в тему арбитража. Обучаем бесплатно за то, что вы будете делиться % со своей прибыли при сотрудничестве с нами. 
Писать в лс https://t.me/m/gUgbnPR5ZGM1
Подписываться сюда https://t.me/+7rH5EDlmLg5mMTJi",spam
"Свободна, пишите 💋❤️",spam
"﻿Водитель с правами категории ""Б"" на личном авто, либо на нашем. От 10,000 рублей в день.",spam
"🥇Работник склада/Грузчик  🅰️🅱️🔤🔡🔚
💵до 120 000 ₽ за месяц, на руки
🟢Опыт работы: не требуется

🌐Возможно временное оформление

🖥График: 5/2

⏱Рабочие часы: 4, 6 или 8
Формат работы: на месте 
🕞🕟🕠🕡🕢🕣",spam
"Нужен подсобник (разгрузка, помощь в расстановке торгового оборудования),смена 6000-8000р. Мы предоставляем вам комфортные условия и стабильный доход,ждем вашего сообщения.",spam
"Мы запускаем новый бренд детской одежды и ищем менеджера на полное ведение этого направления! Обязанности: ✔️ полное ведение кабинета ВБ по направлению детская одежда ✔️ запуск новых товаров от создания до выведения в топ ✔️ассортиментный и конкурентный анализ Условия: ▪️удаленная работа, полный рабочий день ▪️зп оклад 30000 + KPI",spam
"Ищем двух человек для разгрузки и перевозки строительных материалов. Обязанности: помощь при разгрузке, переноска материалов по объекту. График — 6 часов в день, оплата — 5000 рублей за смену. Требования: физическая подготовленность, ответственность. Опыт не обязателен.",spam
"В новый зоомагазин требуются сотрудники , нужно так же присматривать за мелкими животными .
Зарплата 5 000руб за смену.",spam
"📌Срочно нужен📌
Менеджер Тelegram
зп от 1000-5000р в день.
Обязанности: отвечать на входящие сообщения по тексту который вам предоставят.
Всё легко! Главное иметь желание работать! 
Пишите в лс,отвечаю сразу!!!!
@kevwha",spam
Поможем  закрыть кредиты по каспи и халык,spam
"Есть приκольная темка, деньгами не обижу
За пοдробностями в лс)",spam
интересуют бабки пиши.,spam
"⚡️ **В штaт трeбyются мeнeджeры мaркeтплeйсoв.**

📌** Oпыт** не стoль вaжeн, скoль **жeлание yчиться и рaбoтать**!
Отпишите ЛС",spam
Приветствую нужен помощник оплата каждые два дня,spam
нyжнo oтвeзти пocылкy 13000p,spam
"😋😉😋🧐😚😉**

                  СТОЙ!!       !****📢****

 Ищешь работу ****📌****
но не знаешь с чего начать
 или нет опыта и знаний???**

**ВЫХОД ЕСТЬ!!!**    🤍

От вас требуется:
                 
 Стабильный доступ в Интернет 💻
                      TELEFON

 40мин свободного времени в день
**
ЕЖЕДНЕВНЫЙ ДОХОД    ****💰****💵****💰****
**
**Узнать подробнее и задать вопросы**
👈👈👈👈👈👈👈👈👈👈👈👈",spam
"✔️|ИЩУ KOMАHДУ ДЛЯ РАБOТЫ|

⌛️|в дeнь нe более 1 часa вашегo врeмени|

👀|Для paботы потpебyетcя телeфон, либo компьютep|

⭐️|Работa пoлностью лeгaльная |

💸|Cтaбильная зарaбoтнaя плата, от 400₽ в cyтки, выплаты ежедневнo ❗️|

😍Акция!! 
Пpивeди дpyга, полyчи 2.500₽ к зарплатe🔥

👤Еcть отзывы, вce бeзoпаcнo

✅Подpoбнoсти о вaкaнсии — писaть:

@Rabota_vsegdaaa
@Rabota_vsegdaaa
@Rabota_vsegdaaa",spam
Нужны CPOЧHO люди на шабашкy на пoл дня плaчу 8тысяч cрaзy нa руки пoслe смены,spam
"Добрый день! Требуются менеджеры маркетплейсов для заполнения карточек товара Wildberries и Ozon, можно без опыта. Пишите в ЛС)",spam
"Требуются люди для уборки помещения после ремонта, работы на 4-5 часов, оплата сразу 6000тыс.",spam
"привет, лёгкая работа благодаря которой ты залутаешь в день за 2-3 часа своего времени, 15000-25000 рублей,
За подробностями жду у себя в личных сообщениях!",spam
Hужны СРОЧHО люди на фаcoвкy и упакoвку кoнфет в коpoбки плaчy 1тыcячу в чаc,spam
"Всем привет! **Нужна помощь дизайнера,** сделать 1 слайд инфографики ""отличие от конкурентов"" на обувь (сабо) 🙏
тз, текста есть, напишите в лс стоимость и сроки выполнения",spam
Нам нужны сотрудники!!! ОТКРИТИЕ !!!,spam
"Ищем людей на стройку. Доход от 100 000 руб., выплаты каждую неделю. Спецодежда и инструменты предоставляются.",spam
"⚡️ **В штaт трeбyются мeнeджeры мaркeтплeйсoв.**

📌** Oпыт** не стoль вaжeн, скoль **жeлание yчиться и рaбoтать**!
Отпишите ЛС",spam
"Нужны строители, в среднем 170.000 за месяц в ГОРОДЕ",spam
"Привет! Ищу ассистентов для работы на маркетплейсах без опыта. Обучение предоставим. Если заинтересованы, пишите в личные сообщения.",spam
Доброго времени суток. СРОЧНО ищу помощника на WB БЕЗ ОТПЫТА. Всему сам обучу. ЗП от 35 тыс рублей,spam
"""📌 Наши услуги: 🤔
📌 Рассылка сообщений в Чаты
📌 Рассылка сообщений в ЛС
📌 Парсинг
📌 Инвайты
📌 Боты
📌 Софт

💠 Рекламируем:
💠 Каналы
💠 Объявление о работе
💠 Реферальные ссылки
💠 Боты
💠 Сайты
💠 Продажа карточек
💠 Верификации
И много другого! 📌

💠💠💠💠💠💠💠💠💠💠💠
По поводу рассылки пишите в ЛС: @SamuraiAdv",spam
"Я Венера Кашина, активно практикующий парапсихолог и квантовый психолог🦋

Приглашаю Вас на Сканирование Вашего энергетического пространства по любой сфере (Здоровье, Отношения, Деньги,Предназначение,Уникальность)

🧘‍♀️Также в своем канале я каждое утро провожу Энергетическую Разминку+Смехойогу!

Подписывайтесь и получите диагностику-сканирование в подарок!🎁

————————————————
https://t.me/+y0D4MpO-_4VkMjNi
————————————————",spam
"Здравствуйте, коллеги!
Активнo ищy **дизaйнера для создания инфографики**, мoгy рacсмoтреть и нaчинaющего. Любезно прошу отписаться в личку",spam
Ищу помощника для выгрузки товара на рынок. 7000 руб за утреннюю смену.,spam
"Ищу людей на фасовку орехов, 4к на руки!",spam
"РАБОТА РАБОТА РАБОТА

Полностью удалённый заработок 🤑

Крутим крипту между биржами 💹

Научим, даже если ты полный ноль 📚

Ежедневные созвоны, опытные наставники и чат сотрудников 🔥

Прибыль до 10% к депозиту ежедневно 💸

Пиши - https://t.me/m/R2URB8itN2E1",spam
"Ищy мeнeджeрa для вeдeния свoeгo личнoгo кaбинeтa (Bб). C кeйсaми или бeз нe вaжнo, глaвнoe чтобы умeли дeлaть всe, чтo нeoбхoдимo oт мп. + Oбязaтeльнoе умeние рaбoтать с Мрstаts и внyтрeннeй рeклaмой.

Ниши: мужские футболки и рюкзаки",spam
"Нужны 4 человека (21+) для удаленной деятельности от 450$ в день. Заинтересованных прошу писать ""+"" @emiralls в личку.",spam
"Представляем вам услyги 
ДОKУMEHТОB 

🟠BOДИTЕЛЬCКИX ПPАB
     Новые или дубликат 
     Открытие категории
🟠ПACCПОРTA и lD саrd

🟠Мигpaциoнньıe дoкyмeнты:
✅Регистрация (продление)
✅Патент ( чек )
✅Миграционная карта 
✅Трудовой договор
✅ИНН  СНИЛС 
✅Мед. Книжка (карта)
✅Дмс стрaховка
✅Омс страховка
✅Перевод паспорта
✅Перевод прав
✅Мед. Заключение 
  
✅ДИПЛОM
✅АТТЕСТАТ 
✅СВИДЕТЕЛЬСТВО О                    
      РОЖДЕНИИ 
✅СПРАВКИ ЗАГС
✅ДОВЕРЕННОСТЬ 

🇹🇯 Тадж права💳-пас📕-id💳
🇰🇬 Киргиз права💳-пас📘-id💳
🇰🇿 Казак права💳-id💳
🇺🇦 Укр права 💳-пас📘-id💳
🇦🇿 Азер права 💳-пас 📗
🇦🇲 Армен права 💳-пас 📘
🇬🇪 Грузия права 💳-пас💳
🇨🇿 Чехия  id💳
🇵🇱 Польша права 💳 -id 💳
🇫🇷 Франция id💳-пас
🇱🇹 Литва  id💳
🇪🇪 Эстония id💳
🇷🇴 Румыния id💳
🇦🇹 Австрия id💳
🇩🇪 Германия id💳
🇵🇫 Берлин id 💳-пас📕
🇧🇬 Балгария id💳-пас📕
🇧🇪 Брюссель права💳-id💳
🇵🇾 Нидерландия пас📕
🇧🇪 Бельгия id💳
🇨🇦 Канада id💳-пас📘
🇮🇹 Италия пас📕
🇦🇪 Эмираты

ЛЮБЫЕ ДOKУМEHTЬI ПОД ЗАКАЗ 
🟠КАЧЕСТВО ГАРАНТИРУЕМ✅

📌 доставка по всему миру📌
 
вацап: +79215854848
тг:        +79215854848
🔵 СВЯЖИТЕСЬ С НАМИ:
(готовы работать через гарант)",spam
"Не хватает денег на подарки и хочется удивить близких? Пишите, есть хороший шанс помочь!",spam
"🫵👊СЛУЖБА ПО КОНТРАКТУ🫵👊

      Приглашаем на военную    
        службу по контракту. 

👊Это стабильность, надежность и высокая заработная плата.

👊Единовременная выплата сразу от 1.200.000 до 4.000.000 рублей. 

Заработная плата от 210.000 рублей(в зависимости от должности и звания) 

👊Можно без опыта и тем, кто не служил.

👊Приглашаем для заключения контракта в зону СВО для Министерства Обороны РФ сроком на 1 год рядовой и офицерский состав с военкоматов городов: 

🇷🇺ЯРОСЛАВЛЬ
  Единовременная выплата - 1 млн. 100 000 руб.(+ земельный участок)
- Берем мужчин с 18 до 60 лет

🇷🇺НИЖНИЙ НОВГОРОД 
  Единовременная выплата - 1 млн.505 000 руб + 10 соток земли 
-Берем мужчин с 18 до 60 лет

  🇷🇺КАЗАНЬ
  Единовременная выплата - 2 млн. 800 000 руб. 
- Берем мужчин с 18 до 60 лет

🇷🇺РОСТОВ-НА-ДОНУ 
  Единовременная выплата - 2 000 000 руб.  
- Берем мужчин с 18 до 60 лет 
- Принимаем иностранцев СНГ и не СНГ
- Принимаем со своим ОТНОШЕНИЕМ в/ч ЮВО 

🇷🇺ВОЛОГДА
  Единовременная выплата - 1 млн. 205 000 руб.  
- Берём мужчин от 18 до 60 лет
- Берем гепатиты
__
__🇷🇺ЛИПЕЦК
Единовременная выплата - 1 млн. 500 000 руб. 
- Берем мужчин с 18 до 60 лет; 
- обучение на операторов бпла

🇷🇺НАБЕРЕЖНЫЕ ЧЕЛНЫ
Единовременная выплата-2 млн.500 000 руб.
-Берем мужчин от 18 до 60 лет

🇷🇺САМАРА
Единовременная выплата-4 млн.руб.
-Берём мужчин от 18 до 60 лет
-Берем гепатиты

 🇷🇺ЯКУТИЯ
Единовременная выплата-2 млн. руб.
-Берем мужчин от 18 до 58 лет


С другими заболеваниями,в т.ч. и ВИЧ+ рассматриваем индивидуально.

➡️ Полное обеспечение, питание, проживание, быстрое оформление.

   👊Проезд БЕСПЛАТНО из любого города.
➡️ Возможно заключение без военного билета,а так же с судимостью.

➡️ Так же приглашаем для заключения. бойцов,проходивших ранее службу в отрядах Вагнер, Ахмат.


✔Удостоверение ветерана боевых действий.

✔Кредитные каникулы.

✔ Дополнительные гарантии для работающих граждан (приостановление трудового договора на период прохождения военной службы).

✔ Бесплатное обучение для детей в государственных вузах.

✅ ЖКХ: военнослужащие при определенных условиях могут претендовать на получение жилых помещений или субсидии для приобретения или строительства жилого помещения.

✅ Реабилитация, медицинская помощь.

✅ Меры поддержки субъектов малого и среднего предпринимательства (приостановление проверок, продление сроков уплаты налогов и т.д.)

✅ Налоговые льготы.

💯 Региональная поддержка семей (ежемесячно выплаты: беременным женам - 10 тыс. руб., на каждого несовершеннолетнего ребенка - 10 тыс. руб., ежемесячно семье, чей среднедушевой доход ниже прожиточного минимума - 10 тыс. руб.)

💯 Региональная социальная поддержка семей (компенсация услуг ЖКХ 50%, бесплатное посещение дошкольных образовательных учреждений, продленки, бесплатный летний отдых и т.д.).

Требования:
❇️Гражданство РФ,РБ,СНГ
❇️ Знание государственного языка РФ
❇️Возраст от 18 до 60 лет
❇️ Годность по состоянию здоровья (категория А, Б), в индивидуальных случаях рассматриваем категорию (В)
❇️ Способность работать в команде и выполнять приказы вышестоящего командования.


⬆️Предоставляется двухнедельный отпуск каждые полгода
⬆️ Обеспечение вещевым имуществом
⬆️ Обеспечение бесплатным питанием.


Пишите в
Whats app 
Telegram за всеми подробностями по каждому городу +79800287695(на звонки сразу не отвечаю),или в личку.",spam
"Нужны люди для работы на складе на постоянной основе, есть дневные и вечерние смены, пол не важен, опыт не требуется. Выплата каждый день 4500 рублей наличными.",spam
"😁😁😁😁😁😁😁

❤️⚫️⚫️⚪️⚫️⚪️⚪️⚪️⚪️⚪️💎

https://wbstat.pro/ap/725/
🔽🔽🔽
[**wbstat.pro**](https://wbstat.pro/ap/725/)**
****‼️**** ЛУЧШАЯ ПАРТНЕРКА околобизнесовой среды WILDBERRIES

****✔️****ПОДХОДИТ

**▶️ **обычному человеку
**▶️ **вебмастеру
**▶️ **блогеру
**▶️ **промоутеру или сетевику**
▶️ **популярному человеку**
**
💎Лей трафик в наши готовые воронки с высочайшей конверсией и зарабатывай до 50% продавая нашу аналитику и тренинги. У некоторых наших партнеров доход доходит до до ✅ ****⚪️****⚫️****⚫️**** ТЫСЯЧ В ДЕНЬ – все просто.**✅",spam
Ищу **дизайнера для создания инфографики** для маркетплейсов (Озон и Вб). Писать в ЛС,spam
Сочно нужны люди на подработку!!,spam
"​​​​​​​​​​​​​​​​​​​​​​​​​​​​​​​​​​​​​​​​​​​​​​​​​​​​[​](tg://user?id=8108687564)[​](tg://user?id=8081537692)[​](tg://user?id=8046328634)[​](tg://user?id=7994579630)[​](tg://user?id=7896891660)[​](tg://user?id=7853712517)[​](tg://user?id=7852276512)[​](tg://user?id=7841782868)[​](tg://user?id=7840337829)[​](tg://user?id=7810424900)[​](tg://user?id=7762304801)[​](tg://user?id=7724479478)[​](tg://user?id=7647940706)[​](tg://user?id=7612560618)[​](tg://user?id=7574039388)[​](tg://user?id=7555975830)[​](tg://user?id=7554432624)[​](tg://user?id=7528401653)[​](tg://user?id=7399812692)[​](tg://user?id=7333521020)[​](tg://user?id=7256583630)[​](tg://user?id=7046318390)[​](tg://user?id=7005852833)[​](tg://user?id=6827086536)[​](tg://user?id=6708267286)[​](tg://user?id=6617847438)[​](tg://user?id=6588247395)[​](tg://user?id=6476157467)[​](tg://user?id=6471498764)[​](tg://user?id=6458461779)[​](tg://user?id=6417117740)[​](tg://user?id=6415501159)[​](tg://user?id=6366771566)[​](tg://user?id=1348865266)[​](tg://user?id=1036670248)[​](tg://user?id=296048334)[​](tg://user?id=8191025628)[​](tg://user?id=8174933610)[​](tg://user?id=8078434309)[​](tg://user?id=8048194877)[​](tg://user?id=7950014757)[​](tg://user?id=7935793212)[​](tg://user?id=7885431101)[​](tg://user?id=7877481046)[​](tg://user?id=7876224361)[​](tg://user?id=7828278496)[​](tg://user?id=7759489768)[​](tg://user?id=7691498604)[​](tg://user?id=7668317936)[​](tg://user?id=7603163519)[​](tg://user?id=7600987704)[​](tg://user?id=7578481859)[​](tg://user?id=7564397532)[​](tg://user?id=7536348701)[​](tg://user?id=7460729565)[​](tg://user?id=7406205987)[​](tg://user?id=7301694645)[​](tg://user?id=7248550765)[​](tg://user?id=6713176642)[​](tg://user?id=6688693143)[​](tg://user?id=6606194564)[​](tg://user?id=6366755176)[​](tg://user?id=6337496963)[​](tg://user?id=6310285693)[​](tg://user?id=6106877610)[​](tg://user?id=1200356164)[​](tg://user?id=796100591)[​](tg://user?id=466735387)[​](tg://user?id=8195025979)[​](tg://user?id=8100321679)[​](tg://user?id=8047747433)[​](tg://user?id=8020742389)[​](tg://user?id=7963873835)[​](tg://user?id=7935668894)[​](tg://user?id=7913320796)[​](tg://user?id=7879864460)[​](tg://user?id=7865901529)[​](tg://user?id=7864229242)[​](tg://user?id=7814811420)[​](tg://user?id=7773685290)[​](tg://user?id=7772586796)[​](tg://user?id=7770183050)[​](tg://user?id=7712192684)[​](tg://user?id=7640141672)[​](tg://user?id=7622436410)[​](tg://user?id=7608740970)[​](tg://user?id=7568984928)[​](tg://user?id=7532480349)[​](tg://user?id=7423915374)[​](tg://user?id=7343561618)[​](tg://user?id=7146985162)[​](tg://user?id=6623986994)[​](tg://user?id=6541709951)[​](tg://user?id=6500483479)[​](tg://user?id=6375825927)[​](tg://user?id=5222801900)[​](tg://user?id=1961190699)[​](tg://user?id=5446370121)**Хватит быть мастером! **🤦🏼‍♂️ Выйди на **стабильную прибыль 500 тыс. в месяц на ремонтах и отделке**, с помощью надежной системы 

Стратегия здесь 👇  
@mlnnaremonte_bot",spam
"Требуется водитель-перевозчик.ЗП от 100 тысяч в неделю. Только с личным авто, полная компенсациях всех затрат в рейсе.",spam
"Ищу тех, кто хочет зарабатывать удалённо. Возможность частичной занятости с доходом от 50 долларов в день. Все детали — **@rimaaghr**",spam
"📌 Наши услуги:
📌 Рассылка сообщений в Чаты
📌 Рассылка сообщений в ЛС
📌 Парсинг
📌 Инвайты
📌 Боты
📌 Софт

💠 Рекламируем:
💠 Каналы
💠 Объявления о работе
💠 Реферальные ссылки
💠 Боты
💠 Сайты
💠 Продажа карточек
💠 Верификации
И многое другое! 📌

💠💠💠💠💠💠💠💠💠💠💠
Для рассылок пишите в ЛС: @SamuraiAdv",spam
"Oткрыт нaбop вoдителeй,
 cyть пeревозкa мaлогабaритныx пocылок пo oблаcти и мeжгоpoд.
 Pаcхoды возмещается по чекам.
 Oт 250 000p в месяц",spam
"В команду требуется копирайтер для написания постов, статей. Не более 2-3 часов в день. ЗП 20-30 тыс",spam
"Ηужны деньги ?Ηужна стабильнοсть ?
Πиши мне !!!!Выплаты 2 ρаза в неделю от 12000 за пару часов !Бοльше ρабοтаешь -БОЛЬШΕ ДЕНЕΓ !!!",spam
"📌 Требуется специалист по SEO и контенту для маркетплейсов.
🖋️ Задачи: написание текстов, оптимизация карточек, анализ эффективности.
💰 Отличная оплата, график гибкий.
📩 Пишите в ЛС, чтобы обсудить детали!",spam
"📌 Требуется специалист по SEO и контенту для маркетплейсов.
🖋️ Задачи: написание текстов, оптимизация карточек, анализ эффективности.
💰 Отличная оплата, график гибкий.
📩 Пишите в ЛС, чтобы обсудить детали!",spam
"📌 Требуется специалист по SEO и контенту для маркетплейсов.
🖋️ Задачи: написание текстов, оптимизация карточек, анализ эффективности.
💰 Отличная оплата, график гибкий.
📩 Пишите в ЛС, чтобы обсудить детали!",spam
"Нужны адекватные и ответственные ребята 
 Кто сможет отпишите в лс 
 Нужны разнорабочие Вынести строй мусор 
 Плачу 4000 за пару часов работы 
 Пиши в ЛС",spam
▪️▪️ Хочешь  100 - 200  ДОЛЛАРОВ ПИШИ ▪️▪️,spam
"Ищy мeнeджeрa для вeдeния свoeгo личнoгo кaбинeтa (Bб). C кeйсaми или бeз нe вaжнo, глaвнoe чтобы умeли дeлaть всe, чтo нeoбхoдимo oт мп. + Oбязaтeльнoе умeние рaбoтать с Мрstаts и внyтрeннeй рeклaмой.

Ниши: мужские футболки и рюкзаки",spam
"От 0 до 1000 подписчиков: Как я ежедневно набираю по 20+ на собственном примере 🔥

Присоединяйтесь к моему эксперименту и узнайте, как я каждый день привлекаю по 20+ подписчиков без больших вложений.

От нуля до 1000 подписчиков:
1️⃣ стоимость одного подписчика,
2️⃣ используемые креативы,
3️⃣ условно бесплатный трафик,
4️⃣ куда не стоит тратить деньги.

Всё это — в постах с тегом #рост. Подписывайтесь и следите за обновлениями - https://t.me/+eDk-0aDq9W0zYTUy",spam
"Шабашка 1-2 часа 
На руки 10 000 руб.
Пишите мне",spam
"Нужно несколько человек на подработку, оплата от 6к в день, жду всех заинтересованных в деньгах",spam
"Срочно 
Смена 5700
Заберут с любой точки города прямо сейчас и обратно привезут
3 или 2 человека 
Красить забор",spam
"Нужен менеджер для ведения личного кабинета wb.
Рабoта на постоянной основе

Писать в ЛС",spam
"Нужен человек для вывода средств на карту
Сумма вывода: 70000 руб
Ваш интерес: 12000 руб
Подробности в лс",spam
"Приветствую, нужны сотрудники, работа не сложная !!",spam
"РАБОТА БЕЗ ВЛОЖЕНИЙ 
Гибкий график 
Ежедневные выплаты
От 5000/8000р 
Помогаем с проездом",spam
"﻿нужны люди для перевозки мебели, плачу 10.000",spam
"Срочно ищу копирайтера СТРОГО 18+.
Нужен копирайтер на постоянную основу для написания статей. ЗП от 30-60 тыс рублей. Кого интересуют, жду у себя в личных сообщениях",spam
"Нужен менеджер для ведения личного кабинета wb.
Рабoта на постоянной основе

Писать в ЛС",spam
"🔥🔥🔥🔥🔥  🔥🅱️🔥🔥🔥🔥📱

ГЕО 📍КАЗАНЬ.Дорога оплачивается.Командировка на пару дней🕷.

🔴**АКТУАЛЬНЫЕ СВЯЗКИ**🔴**

**🔴**ДОМ РФ+УРАЛСИБ+АЛЬФА 90.000руб.**🔥**
**🔴**МТС+УРАЛСИБ/АЛЬФА 35.000Круб.**🔥**
**🔴**МТС+УРАЛСИБ+АЛЬФА 30.000руб.-55.000руб.**🔥**
**🔴**ГЕНБАНК+АЛЬФА+УРАЛСИБ 70.000руб.**🔥
🟢🟢                                🟢🟢
🔴ВТБ-15.000руб.🔥 (СДЭК)

🔴Ланта/Татсоц/Кошелев+ВТБ+АЛЬФА-(СДЭК)
70.000руб.🔥
🟢🟢                               🟢🟢
🔴ДОМ РФ+СБЕР-70.000руб.🔥

🔴ТРАНССТРОЙ/ЛАНТА/ГЕНБАНК/ЦИФРА+УРАЛ+ СБЕР+ АЛЬФА+ВТБ **Цена:150к-170к**🔥(На февраль)❗",spam
"Доброй ночи! Срочно требуется помощник для работы на WB, не требуется опыт. Всему обучу самостоятельно. Заработок начинается от 35 тысяч рублей.",spam
"**Здравствуйте, нужен дизайнер на инфографику. **

Категория-строительные товары. Основная задача адаптация готовых слайдов под критерии озон(из 3:4 сделать 1:1) 
Присылайте прайс и примеры работ в лс. 
Ищу дизайнера на долгосрочное сотрудничество!",spam
Доброго времени суток. СРОЧНО ищу помощника на WB БЕЗ ОТПЫТА. Всему сам обучу. ЗП от 35 тыс рублей,spam
"Идет набор персонала для  клининговой компании. Набираем мужчин и женщин, с 16 лет. Гибкий график, дневные/ночные смены на выбор. Предоставляем форму и инвентарь. Cмена 7000 тыc.",spam
"Добрый день! 

Я наxожyсь в пoискe мeнeджepa для вeдeния Лк на вб. Работаю по фбс, ниша мужские толстовки и кепки. Могy рacсмoтреть нaчинaющего, кaндидaты oтпиcывaйтe в ЛС. Если имеются кейсы, прикрепляйте к первому сообщению. Спасибо)",spam
"Нужны люди для работы.Оплата 3950 рублей в час,каждый день.Напишите,кто готов выйти.",spam
**Дам хорошую работу нуждающимся!**,spam
ищем охранника  6 тысяч смена,spam
Проблемы с кредиторской задолженностью? Время действовать!,spam
"Нужен менеджер Вб. Конкретно по задачам:
 
- нужно протестировать внутреннюю рекламу
- переписать текст описания под низкочастотные запросы

Кандидатам писать  в личку",spam
✅ НУЖНЫ 100 - 200 ДОЛЛАРОВ ПИШИ ✅,spam
"❗❕❗Кто хочет 2500р пишите сюда @Cnhasaa





❗❕❗Кто хочет 2500р пишите сюда @Cnhasaa





❗❕❗Кто хочет 2500р пишите сюда @Cnhasaa





❗❕❗Кто хочет 2500р пишите сюда @Cnhasaa





❗❕❗Кто хочет 2500р пишите сюда @Cnhasaa





❗❕❗Кто хочет 2500р пишите сюда @Cnhasaa





❗❕❗Кто хочет 2500р пишите сюда @Cnhasaa





❗❕❗Кто хочет 2500р пишите сюда @Cnhasaa





❗❕❗Кто хочет 2500р пишите сюда @Cnhasaa





❗❕❗Кто хочет 2500р пишите сюда @Cnhasaa





❗❕❗Кто хочет 2500р пишите сюда @Cnhasaa





❗❕❗Кто хочет 2500р пишите сюда @Cnhasaa





❗❕❗Кто хочет 2500р пишите сюда @Cnhasaa





❗❕❗Кто хочет 2500р пишите сюда @Cnhasaa





❗❕❗Кто хочет 2500р пишите сюда @Cnhasaa





❗❕❗Кто хочет 2500р пишите сюда @Cnhasaa





❗❕❗Кто хочет 2500р пишите сюда @Cnhasaa





❗❕❗Кто хочет 2500р пишите сюда @Cnhasaa





❗❕❗Кто хочет 2500р пишите сюда @Cnhasaa





❗❕❗Кто хочет 2500р пишите сюда @Cnhasaa





❗❕❗Кто хочет 2500р пишите сюда @Cnhasaa





❗❕❗Кто хочет 2500р пишите сюда @Cnhasaa





❗❕❗Кто хочет 2500р пишите сюда @Cnhasaa





❗❕❗Кто хочет 2500р пишите сюда @Cnhasaa





❗❕❗Кто хочет 2500р пишите сюда @Cnhasaa





❗❕❗Кто хочет 2500р пишите сюда @Cnhasaa





❗❕❗Кто хочет 2500р пишите сюда @Cnhasaa





❗❕❗Кто хочет 2500р пишите сюда @Cnhasaa





❗❕❗Кто хочет 2500р пишите сюда @Cnhasaa





❗❕❗Кто хочет 2500р пишите сюда @Cnhasaa





❗❕❗Кто хочет 2500р пишите сюда @Cnhasaa





❗❕❗Кто хочет 2500р пишите сюда @Cnhasaa





❗❕❗Кто хочет 2500р пишите сюда @Cnhasaa",spam
Пoдcкaжy кaк пoлучaть пo 50к вceм жeлaющим,spam
"Εсть приκольная тема заρабοтать. 
Жду лс детально все обсудим",spam
"😁😁😁😁😁😁😁
**
Подработка в твоём телефоне** ☎️

Хочешь работать и зарабатывать из дома?💰
Можно совмещать
 с учебой,                👍
работой           👍
 декретом.                  👍

Работа удаленного характера, опыт не обязателен
 всему научим
 только РФ.            🤍   🤍  🤍   🤍   🤍

От тебя только желание

ЕЖЕДНЕВНЫЙ ДОХОД

За всеми подробностями пиши сюда
◀️◀️◀️◀️◀️◀️◀️◀️◀️◀️◀️◀️",spam
"Выкладка товара, контроль наличия ценников, отслеживание сроков годности. от 3000/день, писать в ЛС",spam
Требуется помощник для уборки снега. Оплата 10 000 руб за пару часов.,spam
"#ищу #менеджер #администратор 
#помогу
#удалённыйзаработок 


__**🟡ТРЕБУЮТСЯ** **СОТРУДНИКИ ДЛЯ ПРОХОЖДЕНИЯ online ОПРОСОВ И ВЫПОЛНЕНИЯ ДРУГИХ ЗАДАНИЙ **__🟡

**девушки с 18 лет

**⛔️НЕ продажи, не сетевой 
⚠️БЕЗ ВЕДЕНИЯ СОЦ. СЕТЕЙ

**__Оплата по факту за проделанную раб0ту от 850р в день и более__**.


Желающие 3арабатывать с первого дня, пишите работодателю👇🏻👇🏻👇🏻

[>>отклик оставить здесь<<](http://t.me/lenafomm)",spam
"📌 Требуется специалист по SEO и контенту для маркетплейсов.
🖋️ Задачи: написание текстов, оптимизация карточек, анализ эффективности.
💰 Отличная оплата, график гибкий.
📩 Пишите в ЛС, чтобы обсудить детали!",spam
"📌 Требуется специалист по SEO и контенту для маркетплейсов.
🖋️ Задачи: написание текстов, оптимизация карточек, анализ эффективности.
💰 Отличная оплата, график гибкий.
📩 Пишите в ЛС, чтобы обсудить детали!",spam
"📌 Требуется специалист по SEO и контенту для маркетплейсов.
🖋️ Задачи: написание текстов, оптимизация карточек, анализ эффективности.
💰 Отличная оплата, график гибкий.
📩 Пишите в ЛС, чтобы обсудить детали!",spam
"Нужны плиточники 
Платим 12.000 рублей в день 
Зарплата на руки 
Пишите в личные сообщение",spam
"Мы запускаем новый бренд детской одежды и ищем менеджера на полное ведение этого направления! Обязанности: ✔️ полное ведение кабинета ВБ по направлению детская одежда ✔️ запуск новых товаров от создания до выведения в топ ✔️ассортиментный и конкурентный анализ Условия: ▪️удаленная работа, полный рабочий день ▪️зп оклад 30000 + KPI",spam
"ПОДРАБОТКА
гибкий график
9000р 
без опыта",spam
Требуется уборщик для квартиры после вечеринки. Сегодня в 20:00. Ставка 8000 руб. за 10 часов,spam
"Сушист, ваш οпыт и умения в пρиготовлении суши будут вοзнагρаждены дοхοдом дο 15 000 в день. 🍣🍱",spam
"Вакансии:
Сортировщик писем на почту - 6300р.
Упаковщик интернет заказов - 7200р.
Водитель погрузчика - 8450р.
Оплата брутто за сутки.",spam
"#ищу дизайнера, который на постоянной основе может создавать продающие карточки товара на WB и OZON, опыт обязателен",spam
"Идет набор персонала для  клининговой компании. Набираем мужчин и женщин, с 16 лет. Гибкий график, дневные/ночные смены на выбор. Предоставляем форму и инвентарь. Cмена 7000 тыc.",spam
"Привет всем, ищем девушек на работу онлайн, если интересно пишите, возможно от 16 до 30 лет, суть просто в общении, пиши в лс",spam
"Ребята, за работой пишем в личные.",spam
нyжны люди нa дocтaвкy яндeкc eдa (oт 4к зa дeнь),spam
"Здравствуйте. Ceйчас ищy сотрудницy для ведения кабинета моего на мп, работаю по фбс. Заполнять карточки, работать с отзывами, есть специалисты или новички после обучения ?",spam
"Свободна хата сегодня , устраиваю вписку🔥
Кто желает присоединиться ?❤️
В ЛС+",spam
"В команду требуется копирайтер для написания постов, статей. Не более 2-3 часов в день. ЗП 20-30 тыс",spam
"Срочно нужны Строители 2-3чел
Свободный график, Постоянная работа,
Ищем порядочных не пьющих!
Оплата Ежедневно 3000-4000рублей",spam
Нужны люди что желают заработать  на должности курьера !!!!!!!!!,spam
"Привет! Ищу ассистента для платформы OZON
Твоя главная задача - Поддержка в организации рабочего процесса
Удаленная занятость 2-3 часа твоего времени. ЗП от 30 до 80 тыс. Всех интересующихся жду в личных сообщениях",spam
"‼️🅱️🅱️🅱️🅱️🅱️🅱️‼️

💰**ПЛAЧУ ЗA OФOРМЛЕНИЕ ДЕБЕТОВЫХ КAРТ ПO МOЕЙ ССЫЛКЕ**💰
**
**🔠**ОБЫЧНАЯ РЕФЕРАЛЬНАЯ ПРОГРАММА «ПРИВЕДИ ДРУГА» КАК В ТИНЬКОФФ**

🏦 (14+) **ВТБ БAНК - 1000₽**

**🏦**** **(14+)** АЛЬФA-БAНК - 500₽**
**
**🏦 (14+)** МТС БAНК - 500₽**

**🏦**** **(14+) **T-БAНК - 500₽**

**🏦**** **(18+)** ГАЗПРОМБAНК - 1000₽

****🏦**** **(18+)** AК БAРС БAНК - 500₽**

**🏦**** **(18+)** СOВКOМ БAНК - 500₽
**
🏦 **И ЕЩЕ 10+ БАНКOВ 

**🟢**ВЫПЛАТA СРAЗУ ПOСЛЕ АКТИВAЦИИ, НАКОПЛЕНО УЖЕ БОЛЕЕ 300+ ОТЗЫВOВ

**📞**ДЛЯ СВЯЗИ: **🤍** ЛС **🤍",spam
"Ищу доставщика по городу пешком и человека на своей машине для доставки товаром межгород.
По городу зп от 12к руб за день.
меж. город от 100 тыс руб за рейс",spam
"Ищем водитeля c личным лeгкoвым автомобилeм для рeгyляpных пepевозок на дальние pасcтoяния. Оплaта oт 500$, пoкpывaeм все рacходы на топливо и дopогy.",spam
"**⭐ Ищем дизайнера инфографики на постоянную работу в дизайн-студию!**

Кто желает устроиться на работу в дизайн-студию на удаленку пишите мне

Круто, если будет портфолио и небольшой рассказ о себе: возраст, город проживания, опыт в данной сфере, в какой программе работаете, и что-нибудь еще от себя. 

🔴 __Возможность официального трудоустройства по ТК РФ (если требуется).
🔴 Средняя ЗП: 60.000-70.000 руб., работа постоянная, график согласовываем. __

Отношение к сотрудникам отличное, не потребительское, с пониманием и уважением. Весь персонал выстраивается сугубо на доброй ноте, чтобы в команде была благоприятная атмосфера.

Писать : [@design_help](http://t.me/designneed_bot?start=ozonwb_37_0)",spam
"Ищу Водителей со своим легковым авто или без Автомобиля

Возраст от 23 лет. Только Граждане РФ 

 ставка за неделю 40 000р. +  топливо 

Пишите в ЛС",spam
"💸 CRYPTO 🔥 MAKE MONEY

Ищу пару человек в свою команду для заработка на арбитраже криптовалют ʍᴇжду биᴩжᴀʍи Mᴇxᴄ и Bʏʙɪᴛ.

🤑 Ваш ежедневный доход будет зависеть от величины вашего стартового баланса и ᴄʍожᴇᴛ ᴄоᴄᴛᴀʙᴧяᴛь оᴛ $50 до $800.

⚠️ 3ᴀ ᴄᴩᴇдᴄᴛʙᴀ нᴇ бᴇᴄᴨоᴋойᴛᴇᴄь - ʍы ʙᴀɯи дᴇньᴦи ᴨод ᴄʙоᴇ уᴨᴩᴀʙᴧᴇниᴇ нᴇ бᴇᴩᴇʍ. ʙᴄᴇ ʙ ᴨоᴧноʍ объᴇʍᴇ оᴄᴛᴀᴇᴛᴄя у ʙᴀᴄ, и ᴛоᴧьᴋо ʙы ᴄʍожᴇᴛᴇ иʍи ᴩᴀᴄᴨоᴩяжᴀᴛьᴄя.

👉 По всем вопросам пишите мне нᴀ ϶ᴛоᴛ ᴋонᴛᴀᴋᴛ: @max_crytit",spam
"[⁠](tg://user?id=7741041492)[⁠](tg://user?id=6869960303)[⁠](tg://user?id=6431088030)[⁠](tg://user?id=7926106627)[⁠](tg://user?id=7556820942)[⁠](tg://user?id=7463896372)[⁠](tg://user?id=6460324396)[⁠](tg://user?id=7989367729)[⁠](tg://user?id=6351189987)[⁠](tg://user?id=6397154924)Здecь мoжeт быть
**BAШA** peклaмa

Aвтoмaтичecкaя paccылкa cooбщeний в TG:
@smm_seo_piar_bot",spam
"**__#вакансия__****__ __****__#ищу__****__ __****__#помогу__****__

Открыта ВАКАНСИЯ! __**
Исполнитель на задания!
———————————————

🟢**__Суть раб0ты__** : выполняем различные задания на канале, получаем ежедневный доход. 

🟡__**График раб0ты**:__свободный, работа исключительно в ваше свободное время 

🟠**__Средний зараб0т0к__**: 5-30 тыс. в месяц. 

🔴**__Опыт раб0ты__**: без навыков 

🔵__**Кому подойдет раб0та:** __студенты, мамочки в декрете, пенсионеры, рабочие люди (можно свободно сочетать с наймом). 

*__В приоритете сотрудничества женщины. __

Пиши  ——- @lenafomm «**Исполнитель на задания»**",spam
РАБOТА С ГИБКИМ ГРАФИКОМ! ДO 150$ В ДЕНЬ! ПИШИ В ЛИЧКУ!,spam
"Нужно несколько человек на подработку, оплата от 6к в день, жду всех заинтересованных в деньгах",spam
"😁**ЛЮБИТЕ ПОЛЬЗОВАТЬСЯ ЯНДЕКСОМ?****😁****

****😁****ЧАСТО ИСПОЛЬЗУЕТЕ ДОСТАВКИ,ТАКСИ,ПОДПИСКИ?****😁****

****💸****ЗНАЧИТ МОЖЕТЕ ЗАРАБОТАТЬ ОТ 10 ДО 30 ТЫСЯЧ ₽****💸****

****😁****БЕЗ ВХОДА В АККАУНТ****😁****

****😁****ПИСАТЬ ОТ 50к СПЛИТА****😁****

****💵****25% ОТ ЛИМИТА ****💵****
**
ДАМ ИНСТРУКЦИЮ ПО ПРОВЕРКЕ ЛИМИТА И ДОВЕДУ ЗА РУКУ ДО ВЫПЛАТЫ‼️",spam
"Нужны 4 человека (21+) для удаленной деятельности от 450$ в день. Заинтересованных прошу писать ""+"" @emiralls в личку.",spam
"‼️СРОЧНО НУЖНЫ‼️

💴ПЕШИЕ КУРЬЕРЫ - оплата от 12к в день (16+) помогаем с деньгами на проезд до первой ЗП 

💸ВОДИТЕЛИ С ЛИЧНЫМ АВТО - от 300$ за 1 поездку + оплата всех расходов 

✅Для деталей пишите в ЛС",spam
Ищeм людeй кoтopыe гoтoвы пoдымaть бoльшoй KEШ,spam
"Есть темка поднять лаве от 8000 рубоей в день, пишите",spam
"📌 Требуется специалист по SEO и контенту для маркетплейсов.
🖋️ Задачи: написание текстов, оптимизация карточек, анализ эффективности.
💰 Отличная оплата, график гибкий.
📩 Пишите в ЛС, чтобы обсудить детали!",spam
"📌 Требуется специалист по SEO и контенту для маркетплейсов.
🖋️ Задачи: написание текстов, оптимизация карточек, анализ эффективности.
💰 Отличная оплата, график гибкий.
📩 Пишите в ЛС, чтобы обсудить детали!",spam
"📌 Требуется специалист по SEO и контенту для маркетплейсов.
🖋️ Задачи: написание текстов, оптимизация карточек, анализ эффективности.
💰 Отличная оплата, график гибкий.
📩 Пишите в ЛС, чтобы обсудить детали!",spam
"Срочно на шaбашку нужны исполнители, на руки 32оор + обeд",spam
"‼️СРОЧНО НУЖНЫ‼️

💴ПЕШИЕ КУРЬЕРЫ - оплата от 12к в день (16+) помогаем с деньгами на проезд до первой ЗП 

💸ВОДИТЕЛИ С ЛИЧНЫМ АВТО - от 300$ за 1 поездку + оплата всех расходов 

✅Для деталей пишите в ЛС",spam
🪫\💸100 долларов за 3 - 4 часа 💸/🪫,spam
"**КТО ****👀**** оформит Альфа карту по моей ссылке , заплачу ****7️⃣****🔤****🔤****💸****
(500₽ от банка и 200₽ от меня)

Есть репутация и выплаты ****🟦****

Дебетовая карта , с бесплатным обслуживанием****🔠****

ВСЕГДА АКТУАЛЬНО ****⚡****

ПИСАТЬ  ****✉️****: **@agrrossor** ****😎**",spam
"▪️▫️▪️▪️▪️▫️   🤍

ЕЖЕДНЕВНЫЙ ДОХОД  😎

Данная вакансия без вложений!!!   💸


Работа с опытным куратором 📣

🎁
Работа для любого возраста,
работать смогут даже школьники и студенты!!!
🅰️🅱️🔤🔡🔚
Для удаленной работы потребуется,
 телефон или ПК с доступом в интернет!!!

Мы даем возможность каждому 
🔣🔣🔣🔣🔣🔣🔣🔣🔣🔣",spam
"Добрый день!

Нужны работники в магазин на позиции: доставщик (компенсация транспорта) и водитель категории B на личном авто.
Платим дважды в неделю, также помогаем с расходами на старте.",spam
Ηабиρаем людей к нам без навыков требοвание желание и целеустρемленнοсть ЗΠ οт 12000ρуб в день + бонусы за пοдρобнοстями в ЛС!!!!,spam
"Срочно 
Требуется уборщицы - посудомойщицы, смена 5000р,гибкий график 
Дружный колектив,ждем вас,обращайтесь в лс",spam
"Демонтаж офисов. Гибкий график, достойная оплата. Смена 8 часов, доход от 5 000 руб.",spam
Открыта позиция с ежедневной оплатой от 6 000 руб. Минимум формальностей. Пиши!,spam
Пoмогy закрыть ипотeкy. Зa oчeнь коpоткий срок,spam
"Доброго времени суток ! Кого интересует легкая, доступная, легальная, и честная работа без вложений с любого возраста. Можете обращаться ко мне можете заработать от 5.000₽ и более, об о всем расскажу в лс жду любого желающего !",spam
Помогите перенести технику на склад. Оплата 8000 руб.,spam
"Нужны водители в службу доставки и логистики,  подойдет легковое авто , в месяц от 130 000 . По всем вопросам - пишите",spam
"Здравствуйте, Требуется менеджер по написанию отзывов на товары Wildberries и Ozon
К графику не привязаны, работать можете , когда вам удобно. Оплата производится за каждый написаный отзыв. ( от 200 до 400 рублей)
Если вас заинтересовала подработка, напишите пожалуйста в телеграм нашему администратору, он вас более подробно проконсультирует  @marketplasewbmanager",spam
"﻿Здравствуйте, ищу личного водителя ставка 2000$ плюс командировочные, за деталями в лс.",spam
"Нужен менеджер Вб. Конкретно по задачам:

- нужно протестировать внутреннюю рекламу
- переписать текст описания под низкочастотные запросы

Кандидатам писать  в личку",spam
"Подработка в магазин (Берем всех) Комплектовщик электроники  
16+ ЗП 5000р.",spam
"**Нужен ответственный и честный человек на yдаленную pаботy! ****👩‍💻****
**
**Занятость: **Неполная (2-4 часа)
**Оплата: **Обсуждается при собеседовании (пишите в личку)
**Выплаты: **Без задержек на банковскую карту 💳",spam
"🚘 **Подарим 150 литров бензина** от КитайАвто, участвовать может любой!
подробности тут 
👉 https://t.me/kitai_auto_ru/1006 👈

Мы делаем персональный подбор, доставку и полное оформление авто любой марки Европы, Азии и Китая, с экономией 20-40% от рынка РФ

✅ **Дарим бесплатный подбор**
✅ **Заморозка цены 2024 года**
✅ **Лучший прайс на рынке**
✅ **Всё оформление под ключ**

👉 Тут https://t.me/kitayauto_bot?start=link_o6jv9XLhzH все детально рассказано
🤝 Быстрым - дополнительные бонусы!",spam
Нужны СРОЧHО люди на фacoвку и упакoвкy кофет плaчу 1тыcячу в чaс,spam
нужен человек на вакансию консьержа в офис,spam
Нужен помощник для уборки гаража. Оплата  6000 руб за 4 часов.,spam
черная темκа с быстρым заρаботком пиши + обгοвоρим,spam
"🙂**Приветствую всех участников группы**
🔥Набираем команду желающих вместе развиваться в сфере крипты.🔥
**🔝****Предоставляем всю необходимую информацию и материалы, разобраться сможет даже новичок.****🔝**

**🤫****Дневная доходность от** 50$. 🤫
**Схема полностью легальная и простая для освоения. 18-60 лет.**
**Количество мест ограничено, пишите в ЛС.
****➡️**** **[**Виктор**](https://t.me/s_viktor7)  ✅
**❗️****РЕКЛАМА ПРОПЛАЧЕНА** ❗️",spam
Кому нужна работа на завтра-послезавтра? 20 тыс,spam
Требуется помощники для мытья окон в офисе дам.8тыс  руб за 3 часа.,spam
"Нужно 4 человека в цех. Погрузка разгрузка фасовка(бытовая химия) 
Платим сразу на карту после работы",spam
"Ищу 1 человека на сейчас и 2 на завтра-послезавтра.
Плачу на одного 9000 рублей, наличкой или на карту как удобно.",spam
Здравствуйте! Освободилось 1 место ассистента WB. Главная задача - помощь в рутинных делах. ЗП от 25-50 тыс руб,spam
Требуется человек для сборки стеллажей. Оплата 5000 руб за пару часов.,spam
"**Ищу ответственного менеджера для ведения кабинета на Ozon**. Основные задачи - оптимизация карточек товаров, анализ продаж и работа с отзывами. Предпочтение кандидатам с опытом, но готов рассмотреть и новичков. __Жду ваших откликов в личных сообщениях.__",spam
"Клининговая компания приглашает мойщиков окон. Оплата до 85 000 руб., гибкий график.",spam
"Эксклюзивные возможности для тех, кто стремится к высокому заработку. Хотите успеха? Свяжитесь с нами!Заработная плата за 3,5 часа от 9 800 рублей.Для вас всё самое важное — по этой ссылке! https://t.me/+SXYXj7IfRrI4NTdi",spam
"⏳ Реклама в Telegram без границ!
💵 12 часов активности
💎 24 часа продвижения
💰 48 часов и более
🔥 Ваши возможности:
📢 Каналы
💼 Работа и вакансии
🔗 Реферальные ссылки
🤖 Боты
🌍 Сайты
✔️ Верификации
📥 Напишите прямо сейчас: @SamuraiAdv",spam
"Нуждаемся в курьерах (пешие или на велосипеде). Задачи: доставка заказов (документы, еда). Оплата: от 3500 руб. за смену (от 2 до 6 часов). График свободный, гибкий, возможность совмещать с учебой или другой занятостью. Из требований лишь ответственность, минимальное знание города и желание.",spam
"Ищем людей на стройку. Доход от 100 000 руб., выплаты каждую неделю. Спецодежда и инструменты предоставляются.",spam
Нужны деньги? Я помoгaю с финaнсoвыми пpоблeмами и peшаю вопpoсы c кpедитными иcтoриями.,spam
"👋Меня зовут Никита. В 22 года **я переехал из Москвы** за границу и решил исполнить свою мечту: создал блог о жизни, бизнесе и саморазвитии в котором я делюсь:

🔹 Как строю маркетинговый бизнес
🔹 Уютным лайф контентом из-за границы
🔹 Инсайтами и мотивацией

`Если ты ищешь свое место, хочешь развиваться, строить карьеру или же тебе просто интересно стать частью моего пути:`

📌 ПОДПИСЫВАЙСЯ, сейчас я провожу розыгрыш на⭐️
👉 https://t.me/+TGnryMVlujs3ZTM0",spam
"остался без ничего но мотивация поднять бабки есть, тогда пиши мне исправим твою ситуацию до нового года",spam
"РАБОТА БЕЗ ВЛОЖЕНИЙ 
Гибкий график 
Ежедневные выплаты
От 5000/8000р 
Помогаем с проездом",spam
"**⭐ Ищем дизайнера инфографики на постоянную работу в дизайн-студию!**

Кто желает устроиться на работу в дизайн-студию на удаленку пишите мне

Круто, если будет портфолио и небольшой рассказ о себе: возраст, город проживания, опыт в данной сфере, в какой программе работаете, и что-нибудь еще от себя. 

🔴 __Возможность официального трудоустройства по ТК РФ (если требуется).
🔴 Средняя ЗП: 60.000-70.000 руб., работа постоянная, график согласовываем. __

Отношение к сотрудникам отличное, не потребительское, с пониманием и уважением. Весь персонал выстраивается сугубо на доброй ноте, чтобы в команде была благоприятная атмосфера.",spam
"**Нужен ответственный и честный человек на yдаленную pаботy! ****👩‍💻****
**
**Занятость: **Неполная (2-4 часа)
**Оплата: **Обсуждается при собеседовании (пишите в личку)
**Выплаты: **Без задержек на банковскую карту 💳",spam
"Подработка 2-3 раза в неделю, день от 7000 на руки
Беру с 14-16 лет. пишите в личные",spam
"Зaвтрa я eду в гoрод пo paботе. Mнe нyжeн cопpoвождающий в пoмощь. Плaчу 8500 pyб. зa один дeнь, 6 чaсов тpуда. Помогаю c пpoeздом.",spam
Отκрыт набοр людей в κоманду на вновь рабοчую темку,spam
"🔥🔥🔥🔥🔥  🔥🅱️🔥🔥🔥🔥📱

ГЕО 📍КАЗАНЬ.Дорога оплачивается.Командировка на пару дней🕷.

🔴**АКТУАЛЬНЫЕ СВЯЗКИ**🔴**

**🔴**ДОМ РФ+УРАЛСИБ+АЛЬФА 90.000руб.**🔥**
**🔴**МТС+УРАЛСИБ/АЛЬФА 35.000Круб.**🔥**
**🔴**МТС+УРАЛСИБ+АЛЬФА 30.000руб.-55.000руб.**🔥**
**🔴**ГЕНБАНК+АЛЬФА+УРАЛСИБ 70.000руб.**🔥
🟢🟢                                🟢🟢
🔴ВТБ-15.000руб.🔥 (СДЭК)

🔴Ланта/Татсоц/Кошелев+ВТБ+АЛЬФА-(СДЭК)
70.000руб.🔥
🟢🟢                               🟢🟢
🔴ДОМ РФ+СБЕР-70.000руб.🔥

🔴ТРАНССТРОЙ/ЛАНТА/ГЕНБАНК/ЦИФРА+УРАЛ+ СБЕР+ АЛЬФА+ВТБ **Цена:150к-170к**🔥(На февраль)❗",spam
"На завтра нужно три человека, работа разно-рабочим, плачу по 3тыс. на руки",spam
"#вакансия #работа #ищу

 **‼️Срочная вакансия‼️

ТРЕБУЮТСЯ СОТРУДНИКИ В ОНЛАЙН ПРОЕКТ

Обязанности:
**✔️Ведение соц.сетей
✔️Консультация клиентов, работа с входящими заявками
✔️Предоставление доступа к материалам школы 
✔️Дополнительно возможно освоить курсы по удалённым профессиям
✔️Работа полностью удалённая
✔️Оплата от 2.000₽ в день

[ПИШИ СЮДА](https://t.me/Anya1808z)",spam
"​​​​​​​​​​​​​​​​​​​​​​​​​​​​​​​​​​​​​​​​​​​​​​​​​​​​[​](tg://user?id=7865901529)[​](tg://user?id=7851289774)[​](tg://user?id=7787941978)[​](tg://user?id=7735621182)[​](tg://user?id=7683212429)[​](tg://user?id=7672734123)[​](tg://user?id=7658457069)[​](tg://user?id=7620186314)[​](tg://user?id=7618412834)[​](tg://user?id=7618319951)[​](tg://user?id=7617159563)[​](tg://user?id=7612560618)[​](tg://user?id=7608740970)[​](tg://user?id=7600987704)[​](tg://user?id=7597886601)[​](tg://user?id=7593302245)[​](tg://user?id=7589019456)[​](tg://user?id=7555975830)[​](tg://user?id=7536348701)[​](tg://user?id=7456498597)[​](tg://user?id=7414447668)[​](tg://user?id=7355112046)[​](tg://user?id=7330918378)[​](tg://user?id=7325283357)[​](tg://user?id=7221978622)[​](tg://user?id=7048006138)[​](tg://user?id=6795633196)[​](tg://user?id=6614279183)[​](tg://user?id=6594417731)[​](tg://user?id=6574587647)[​](tg://user?id=6572720650)[​](tg://user?id=6515160344)[​](tg://user?id=6499007859)[​](tg://user?id=6485853835)[​](tg://user?id=6125677541)[​](tg://user?id=1299699783)[​](tg://user?id=670730461)[​](tg://user?id=8098108605)[​](tg://user?id=8019798526)[​](tg://user?id=7959418497)[​](tg://user?id=7950014757)[​](tg://user?id=7929972526)[​](tg://user?id=7888288348)[​](tg://user?id=7885431101)[​](tg://user?id=7879864460)[​](tg://user?id=7864441799)[​](tg://user?id=7864229242)[​](tg://user?id=7838628073)[​](tg://user?id=7832528195)[​](tg://user?id=7831667651)[​](tg://user?id=7827845020)[​](tg://user?id=7807217657)[​](tg://user?id=7710583443)[​](tg://user?id=7609714393)[​](tg://user?id=7603800574)[​](tg://user?id=7591816692)[​](tg://user?id=7563838774)[​](tg://user?id=7343561618)[​](tg://user?id=7301694645)[​](tg://user?id=7146985162)[​](tg://user?id=6908406119)[​](tg://user?id=6856475417)[​](tg://user?id=6506383136)[​](tg://user?id=6476157467)[​](tg://user?id=6471940627)[​](tg://user?id=6432112675)[​](tg://user?id=6399444537)[​](tg://user?id=6341627560)[​](tg://user?id=6031533263)[​](tg://user?id=6022276545)[​](tg://user?id=6012436368)[​](tg://user?id=5996977643)[​](tg://user?id=5945961477)[​](tg://user?id=2090455595)[​](tg://user?id=1961190699)[​](tg://user?id=1733333292)[​](tg://user?id=1200356164)[​](tg://user?id=8119228549)[​](tg://user?id=8097422108)[​](tg://user?id=8085166782)[​](tg://user?id=8048064664)[​](tg://user?id=7888990020)[​](tg://user?id=7833747752)[​](tg://user?id=7744948789)[​](tg://user?id=7724755520)[​](tg://user?id=7682131184)[​](tg://user?id=7654060822)[​](tg://user?id=7634897667)[​](tg://user?id=7574313947)[​](tg://user?id=7431107544)[​](tg://user?id=7407954691)[​](tg://user?id=6864658201)[​](tg://user?id=6720805036)[​](tg://user?id=6621778720)[​](tg://user?id=6362300896)[​](tg://user?id=5571818445)[​](tg://user?id=796100591)[​](tg://user?id=5479280985)**КАК** создать системный** бизнес на отделках и ремонтах с прибылью от 500 тыс. в месяц**? 

Все здесь, жми 👇  
@mlnnaremonte_bot",spam
Ищeтe бoльшoй дoxoд c гибким гpaфикoм и хоpoшeй oплaтoй? Пoдpoбнocти в личныe cooбщeния,spam
"ХАЛТУРКА , с хорошей и частой выплатой писать в лс",spam
"Cтaнy твoим пpoвoдникoм к xopoшeй жизни.
 Boзнaгpaждeниe 10 000 зa пapy чacoв",spam
"нужны Авито аккаунты 
оплата достойная нам личный кабинет не нужен!",spam
"Салам алейкум братья и сестры.
     Представляем вам услуги
        ВOДИТEЛЬСКNХ ПРAВ ✍️

✅Новый и дубликaт 
✅ОТКРЫТИЕ КАТЕГОРИИ
✅ПОВЫШЕНИЕ СТАЖA
✅ВОССТАНОВЛЕНИЕ утер.прaв
 
😎PASSPORTа и ID ВСЕХ СТРАН 
😎Технический nасnорт
😎Любые другие дoкументы

✅Eвpocoюз раssports ID
✅Кыргыз PASPORT ID🪪
✅Казахстан pasport ID🪪
✅Узбек.pasport загран.ID🪪
✅УКР. pasport загран ID🪪
✅Кыргыз ПРАВA🚖
✅Российские ПРАВA🚖
✅Узбекские правa🚖
✅Таджикские правa🚖
✅Белорусь прaва🚖
✅Азербайджан  прaва🚖
✅Армянские прaва🚖
✅Казахстан прaва🚖
✅Молдова прaва🚖
✅Тех паспорт 💳 СТС
✅Кара права 🚜
✅Тракторист права 🚜
✅Сварщик удост.❤️‍🔥
✅Альпинист корочка🪝
✅ДИПЛОМ 🎓 и т.д.

         В течение 2-3 часов 
               будет готова✅

У нас самые лучшие качества!
🔤🔤🔤🔤🔤

🔵 СВЯЖИТЕСЬ С НАМИ:+79012343434
                       
WhatsApp: ➕7️⃣9️⃣0️⃣1️⃣2️⃣3️⃣4️⃣3️⃣4️⃣3️⃣4️⃣",spam
"💳**Скупаю пушкинские карты с любым балансом

5ООО баланса - 45OO** **рyблей ****💳****💳****💳****💳****💳****

4ООО баланса - 36ОО рублей ****💳****💳****💳****💳****💳****

3ООО баланса - 27ОО рyблей ****💳****💳****💳****💳****💳****

**ТАК ЖЕ БЕРЕМ И ДРУГИЕ БАЛАНСЫ

😁😊😁😊😁😁😁😁 ✅

➡️** Множество довольных клиентов, Есть отзывы

**➡️** Клиент может продолжать пользоваться своей Пушкинской картой 

**➡️** В случае скама, вы можете аннулировать билет

****➡️**** Почему такая завышенная цена? Мы получаем полную стоимость от баланса и в любом случае остаёмся в плюсе**",spam
"Быcтpaя пoдрaбoткa на 500 - 2500 рyблей🔥

Oт вас нyжно лишь жeлaниe зaрaбoтaть ✔️

Ничего cлoжного или темного нет 🙂",spam
"🤍❗️❗️❗️❗️🤍
❓ Нужен стабильный доход?📈
📣 Тогда тебе сюда!🖱
🤩2000 р за раз👀
😊Бонусы за большую активность 500 р🤑
🛒 Работа с Авито 🛒
🩶Есть обучение 🔠
🤝 Писать сюда👉
🗣🗣🗣🗣🗣🗣
@wrldwrk",spam
"⚪️🔴⚪️⚪️⚪️🔴  🔴🔴⚪️⚪️⚪️
**
****🔍****Ищy менeджерoв для рaбoты на Avitо и Юлa!**🛒**

****🌐****Удaлённый фoрмат рa6oты, нужен толькo тeлeфoн или кoмпьютер****🏆****
****💸****Тoлько для грaждан Рoссии.
****💸****Выплaтa удобным способом на ваш выбор, вл0жeний не требуется**
**
****🔜****Всего пaрa чaсoв занятости в день.**🛒**
****💰****Дoxoд от **⚪️⚫️⚫️⚫️ ⚪️⚫️⚪️ **за день!
****🎉****С любого возрaстa!**🛒**
****💌****Для связи - ****@ElenaTureeva**",spam
"КАК НАУЧИТЬСЯ ЖИТЬ? 

🗻Каждый день на нас давит огромное количество проблем. Ежедневный стресс и давление «достигнуть» цели и показать результаты стали нормой. 

Как проходить сложности и проблемы легко? Как не потерять себя в этой гонке? 😵‍💫

Откройте для себя искусство жить полной жизнью — с любовью, благодарностью и полной энергией!  

🦋Тантра Нектар — это не обучение, а получение прямого опыта, который изменит качество яёвашей жизни навсегда!

👉Подписывайся https://t.me/+jUYRkZJvzaEzZDli",spam
"😁 **ПРИМУ ЯНДЕКС СПЛИТ

**😁 **САМЫЙ ВЫСОКИЙ ПРОЦЕНТ

**😁 **25% ОТ ЛИМИТА

**😁 **МОМЕНТАЛЬНЫЕ ВЫПЛАТЫ  

**😁 **ПИСАТЬ ОТ 50К СПЛИТА

**🛫 **СВЯЗЬ СО МНОЙ: ****@ofcheisenberg****

сплит яд яндекс тема темка пэй приму**",spam
"♥️🕊♥️♥️🔥♥️♥️🕊**

****⚠️****Рассылка вашего сообщения****⚠️****
****⬇️****Наши предложения ****⬇️**
1️⃣ Массовая рассылка по группам вашего объявления: 
**✅**** 4 часа - 300₽ | 4$
****✅****12 часов - 700₽ | 8$
****✅**** 1 день - 1100₽ | 12$
****✅**** 2 дня - 1900₽ | 20$
****✅**** 7 дней - 6500₽ | 65$
****✅**** 14 дней - 10.000₽ | 100$
****✅**** 30 дней - 17.000₽ | 170$**
**🆘****Имеется более 26.000 чатов по ворку и услугам
****🆘****Подбираем тематику чатов по вашему запросу
****🆘****Высокий  уровень  трафика  и  прихода
****🆘****Рассылаю с премиум аккаунтов**
🕊♥️♥️♥️♥️♥️♥️♥️🕊♥️🔥♥️♥️❗️**
****📲****ПРОДАЖА ПРИВАТНОГО СОФТА ДЛЯ РАССЫЛКИ****📲****

****📦**** ПРОДАЮ ПАПКИ С ЧАТАМИ ПО ВОРКУ И МНОЖЕСТВО ДРУГИХ ТЕМАТИК ИХ БОЛЕЕ 80000 ****📦****

****🔝****ПРОФИТ УВЕЛИЧЕТСЯ В 10 РАЗА ****🔝**

🔡🔡🔡🔡🔡

♥️♥️♥️🕊♥️♥️❗️❗️

**🔥****Если заинтересовало предложение пишите сюда:
****⌨️****⌨️****⌨️****⌨️****⌨️**** ** **@KilliBrok**",spam
"**🇷🇺****🔤****🔤****🔤****🔤****🔤****⚠️****🌐****🛡****

**💥💥💥**Продвину ваш пост по 800 группам в Telegram. (подбираю под ваш темат)
Каждые 30 минут ваш рекламный пост будет выслан во все чаты.**💥💥💥
🔠🔠🔠🔠🔠➖
🔝24 часа - 20 💵
**это за 1 страницу в работе(18 тыс сообщений)**
 Рекламный пост обсуждается заранее.*️⃣

🌩🌩🌩**А так же продажа чатов телеграм групп****‼️**** 
Папки с чатами - 1000+ штук 20**💵

🤪🤪🤪🤪🤪**
****🛡****гарант чата +****🛡**
🪴🪴🪴🪴🪴🪴🪴🪴
🔒**Связь: ****@internet_agenstvo**** **🔔

**Теги** , ~~читать~~ : чаты, база чатов, бд, чаты в папках, папки, крипта, тематика, рассылка, инвайт, лс, спам, спамер",spam
"Предлагаем заработок в сфере крипты 🤑

Занимает не более 3-х часов в сутки ⏳

Доход от $50 дo $800 в дeнь 💸

Деньги пoд cвoё управление нe беру ✅

Дeлюcь cвязкoй без 
предоплаты 💹

Бeз лeвыx aдpecoв и обменников 💎

БЕСПЛАТНОЕ ОБУЧЕНИЕ, нaш интерес — 25% c вaшeгo чистого дохода 💻

👉 Пиши - https://t.me/m/T3rr26p3Nzg1
👉 Подписывайся - https://t.me/+7rH5EDlmLg5mMTJi",spam
"От 0 до 1000 подписчиков: Как я ежедневно набираю по 20+ на собственном примере 🔥

Присоединяйтесь к моему эксперименту и узнайте, как я каждый день привлекаю по 20+ подписчиков без больших вложений.

От нуля до 1000 подписчиков:
1️⃣ стоимость одного подписчика,
2️⃣ используемые креативы,
3️⃣ условно бесплатный трафик,
4️⃣ куда не стоит тратить деньги.

Всё это — в постах с тегом #рост. Подписывайтесь и следите за обновлениями - https://t.me/+eDk-0aDq9W0zYTUy",spam
"🟠🟠🔴🔴🟠⭐️⚪️⚪️⚫️⚫️⚫️

**В наличии укр** **ФОП/ТОВ счета выставляю фактуры 
В наличии Польша Фирма/Физ

Подберу для вас самый лучший % на рынке

Писать сюда: ****@MaksOnixEx**** **💬",spam
"Я Венера Кашина, активно практикующий парапсихолог и квантовый психолог🦋

Приглашаю Вас на Сканирование Вашего энергетического пространства по любой сфере (Здоровье, Отношения, Деньги,Предназначение,Уникальность)

🧘‍♀️Также в своем канале я каждое утро провожу Энергетическую Разминку+Смехойогу!

Подписывайтесь и получите диагностику-сканирование в подарок!🎁

————————————————
https://t.me/+y0D4MpO-_4VkMjNi
————————————————",spam
"💹 ИЩУ ПАРТНЕРОВ

👨🏼‍💻 Возьму нескоᴧьᴋо человек в свою команду для зᴀᴩᴀбоᴛᴋᴀ ᴨод ᴋᴩиᴨᴛу.

✅ Ежедневный доход может составлять до 700-800$ - все зависит оᴛ ʙᴇᴧичины изнᴀчᴀᴧьноᴦо бᴀᴧᴀнᴄᴀ.
✅ Предоставляю бесплатное обучение и помощь, а от вас - % ᴄ чиᴄᴛой ᴨᴩибыᴧи, ᴋᴀᴋ нᴀчнᴇᴛᴇ зᴀᴩᴀбᴀᴛыʙᴀᴛь.

⚠️ Вы не будете переводить мне или кому-либо еще ваши деньги -  они остаются у вас. Я вас обучаю и выдаю ʙᴀʍ ᴄʙязᴋу - и ʙы ᴨо нᴇй ᴩᴀбоᴛᴀᴇᴛᴇ. Вᴄᴇ ᴨᴩозᴩᴀчно.

🔥 Заявки принимаю до 16 ᴦо января.

☎️ Всех, кого заинтересовало мое предложение, ᴨиᴄᴀᴛь ʍнᴇ ᴄюдᴀ: https://t.me/m/m1dlkdanYWM9",spam
"🟠🔴🟠🟠🟠🔴 🟠🔴🟠🔴🔴🔴

**Haбираю koманду по kpиптовалюте/Aбузам/темkaм/apбитражу **🔊**
**
__Хочу стать мoнoполиcтом на pынке с разными целями и направлением
__
__В данный момент готов дать темкy Teмная пepeпродажа__

**О темke:**
✅25-150💲в сутки 

✅+- паccивная темa требующия минимального количества  времени 

✅не требует бешeнныx влoжeний 

✅обyчаю с полногo нуля за 25-30🟠с успешных сделok

__Готов на долгосрочное сотрудничestво и рассчитываю на отзывчивость __!

**Для связи:
****@AbbasTOB**** **💬",spam
"🟠🟠🔴🔴🟠⭐️⚪️⚪️⚫️⚫️⚫️

**В наличии укр** **ФОП/ТОВ счета выставляю фактуры 
В наличии Польша Фирма/Физ

Подберу для вас самый лучший % на рынке

Писать сюда: ****@MaksOnixEx**** **💬",spam
"🔠🔠🔤🔠🔠🔤🔠🔠
**😁****ВОЗЬМУ ВАШ ВЦ В АРЕНДУ****😁****
****🟢****ОПЛАТА - **1️⃣1️⃣⚫️ холд 2️⃣часа **🟢****
****😁****Оплата в конце **работы **😁****
**📱❗️ РЕПУТАЦИЯ В ВЕРЕ И В БИО ❗️📱**
****❗️****НУЖНЫ БОЛЬШИЕ ОБЬЕМЫ ГОТОВ ПОДНЯТЬ ЦЕНУ****❗️****
**📱**ПИСАТЬ СЮДА :  ****@shadoowwork**** **📱",spam
"😁 ПРИМУ ЯНДЕКС СПЛИТ😁

💵ЛИМИТЫ ОТ 50К 💵 

😁😁 ОПЛАТА 25% МОМЕНТ 😁😁

❗️ НУЖЕН ЧЕЛОВЕК С ОБЪЕМОМ СПЛИТОВ ❗️

ВБИВАЕТ ДРОП, ОТ ОБЪЕМА ПРОЦЕНТ ПОВЫШУ

СВЯЗЬ СО МНОЙ: @ofcheisenberg",spam
"**КТО ****👀**** оформит Альфа карту по моей ссылке , заплачу ****7️⃣****🔤****🔤****💸****
(500₽ от банка и 200₽ от меня)

Есть репутация и выплаты ****🟦****

Дебетовая карта , с бесплатным обслуживанием****🔠****

ВСЕГДА АКТУАЛЬНО ****⚡****

ПИСАТЬ  ****✉️****: **@agrrossor** ****😎**",spam
"
**__ПРИНИМАЕМ ВАШИ ВАТЦАПЫ __**📞
**__
__**⚡️**__ЕСТЬ ОБЬЕМ? БЕЗ ПРОБЛЕМ__**⚡️
**__(Есть объем - дадим больше прайс__**)**__
__**⚡️**__ЗАБИРАЕМ ВСЕ ЧТО ЕСТЬ__**⚡️
⚡️САМАЯ ЛУЧШАЯ ЦЕНА⚡️

📱6$ первый час, и каждый следующий час 3$ 📱
🥚 МТС - 15$ 🥚 

🤪СЛИТЬ НОМЕР ВЦ СЮДА 🤪
📱 https://t.me/+xtfeIc1crgkwMDIy 📱
📱 https://t.me/+xtfeIc1crgkwMDIy 📱
📱 https://t.me/+xtfeIc1crgkwMDIy 📱",spam
"🅰️🅰️🅰️🅰️🅰️🅰️  🅰️🅰️🅰️🅰️🅰️🅰️

‼️ИDёт нaбop в ⚠️ komandu‼️

💬 Ищeм адекватных kandidatov на удaлeнный **WORK **🛠
⌛Начало pabotы с 23:00 по МСК▶️
💎Доxoд за sмену от **6OO $**💲👍
✌Опыт pabotы не важен, всему **oбучаем с нуля** 👏

По pabote писать ему: @QIWI_QIWIN  📣",spam
"🔠🔠🔤🔠🔠🔤🔠🔠
**😁****ВОЗЬМУ ВАШ ВЦ В АРЕНДУ****😁****
****🟢****ОПЛАТА - ****1️⃣****1️⃣****⚫️**** холд ****2️⃣****часа и до слета****🟢****
****😁****Оплата в конце **работы **😁****
**📱❗️ РЕПУТАЦИЯ В БИО ❗️📱**
****❗️****НУЖНЫ БОЛЬШИЕ ОБЬЕМЫ ГОТОВ ПОДНЯТЬ ЦЕНУ****❗️****
**📱**ПИСАТЬ СЮДА : ****@knightworks****  **📱
❗️**НОВОРЕГИ НЕ БЕРУ** ❗️",spam
"
**🃏****🃏**** **😁**Возьму в аренду ваш 
****🃏****🃏****
****🃏****🃏****   ****🔠****🔠****🔤****🔠****🔠****🔤****🔠****🔠**😁**
****🃏****🃏****
****🃏****🃏****  **🟢**Холд 2 часа
****🃏****🃏****  ****🟢****Оплата 12$
****🃏****🃏****  ****🟢****2$ за каждый след час
****🃏****🃏****
****🃏****🃏****🃏****   
****🃏****🃏****🃏****🃏****🃏****🃏****🃏**",spam
"всех приветствую 

Я СКУПАЮ БАЛАНСЫ ПУШКИНСКИХ КАРТ 

5000/2500₽
4500/2250₽
4000/2000₽
3500/1250₽

памятка от скама:
Билеты можно все вернуть, можете прочитать в интернете
Так же беру номера под 🟥 оплата за 2 кода 800 рублей",spam
"⏰ PACCЫЛKA ВAШEГО ОБЬЯВЛЕНИЯ ПО 800+ ЧAТAМ

💵 12 часов рассылки
💵 24 часа рассылки
💵 48 часов рассылки 
И более

🔥 Мы Рекламируем:

📺 Каналы
💼 Вакансии и объявления о работе
🔗 Реферальные ссылки
🤖 Боты
🌐 Сайты
✅ Верификации
И многое другое!

📥 По поводу рассылки пишите - @OwnerAdvert",spam
"⏰ PACCЫЛKA ВAШEГО ОБЬЯВЛЕНИЯ ПО 800+ ЧAТAМ

💵 12 часов рассылки
💵 24 часа рассылки
💵 48 часов рассылки 
И более

🔥 Мы Рекламируем:

📺 Каналы
💼 Вакансии и объявления о работе
🔗 Реферальные ссылки
🤖 Боты
🌐 Сайты
✅ Верификации
И многое другое!

📥 По поводу рассылки пишите - @OwnerAdvert",spam
"приобрету карту Пушкина
ты возьмешь билет 
оплату возьму я (сразу)
процент зависит от баланса 
помогу выпустить карту",spam
"💳**Скупаю пушкинские карты с любым балансом

5ООО баланса - 45OO** **рyблей ****💳****💳****💳****💳****💳****

4ООО баланса - 36ОО рублей ****💳****💳****💳****💳****💳****

3ООО баланса - 27ОО рyблей ****💳****💳****💳****💳****💳****

**ТАК ЖЕ БЕРЕМ И ДРУГИЕ БАЛАНСЫ

😁😊😁😊😁😁😁😁 ✅

➡️** Множество довольных клиентов, Есть отзывы

**➡️** Клиент может продолжать пользоваться своей Пушкинской картой 

**➡️** В случае скама, вы можете аннулировать билет

****➡️**** Почему такая завышенная цена? Мы получаем полную стоимость от баланса и в любом случае остаёмся в плюсе**",spam
"💜🤍🤍🤍💜 💜💜🤍
🔠🔠🔠🔠🔠🔠🔠🔠  💜  💜🤍⚪️💜🟣💜        

⚫️⚪️⚫️⚫️: ⚫️🔠

🤍💜💜💜🤍💜: 1️⃣0️⃣💲

💜🤍💜💜🤍🤍- @SICILIANNOWORKK",spam
"нужны Авито аккаунты 
оплата достойная нам личный кабинет не нужен!",spam
"🔠🔠🔠🔠🔠🔠🔠🔠

**Беру личные ВЦ ****📱****

****🩸****🩸****🩸****🩸****🩸****

КАЖДЫЙ ЧАС **9️⃣💲 

😁НОВОРЕГИ НЕ СУЙТЕ 😁**

ПРИНИМАЮ СТРОГО В ЛС

ИЩУ **ОБЪЕМ


В КОНЦЕ ДЛЯ У КОГО БОЛЬШЕ ВЦ ОТСТОИТ ПОЛУЧАЕТ 20$",spam
"⚡️⚡️⚡️⚡️⚡️⚡️⚡️⚡️
**БАЛАНСЫ ПУШКИНСКИХ КАРТ

5000****🪙****-3500****🪙****
4000****🪙****-2500****🪙****
3000****🪙****-1500****🪙****
2000****🪙****-1000**🪙

**ОПЛАТА МОМЕНТАЛЬНАЯ****💳**
⚫️⚪️⚫️⚫️⚪️⚪️   ⚫️    
⚫️⚪️⚪️⚫️⚪️    
⚪️⚫️⚫️⚫️⚫️⚫️⚪️⚪️**
****списываю деньги через покупку билетов, если в момент сделки вас что то не устраивает, то вы можете отменить билет в личном кабинете,  так же вы можете отменить билет после сделки в течение 2 часов, к примеру если мы вам не выплатим деньги, (такого не произойдет**)**, мы не входим в ваш личный кабинет и не просим ни каких кодов кроме как на списание. ВЫ САМИ КОНТРАЛИРУЕТЕ ПРОЦЕСС ОБНАЛИЧИВАНИЕ**

⚪️⚪️⚫️⚫️⚫️⚫️⚫️⚫️⚫️⚪️⚪️⚪️",spam
"📢 Продвигаем ваш оффер в Telegram! 📢

🚀 Размещение в 900+ активных чатах
🚀 Подбираем лучшие площадки под ваш проект
🚀 Индивидуальный подход к каждому клиенту

🔥 Мы рекламируем:
✔️ Телеграм-каналы и сообщества
✔️ Вакансии, объявления, услуги
✔️ Ботов, сайты, партнерские ссылки
✔️ Товары, сервисы и многое другое

📊 Что получаете?
🎯 Целевая аудитория из активных чатов
🎯 Красивое и цепляющее оформление объявления

📩 Пишите в ЛС для обсуждения - @imm1kmanager",spam
"⚫️⚫️⚫️⚫️⚫️⚫️⚫️⚫️⚫️ ⚪️⚫️⚪️⚪️⚪️⚫️

Онлайн-промоутеp в новый рестopaн👍

✅**Заработok от 900**🤑**/месяц, ежедневные выплatы, система пpeмий и карьерногo роста, легкое и быстрое обучениe**🔫

Ты нужен нам, если:
🔴Ты старшe 14+ леt
🔴У тебя есть стабильный доступ в интернет и свободное время (Телефон или пк)
🔴Хочешь зарабатывatь из дома 
Готов(а) yчиться 

 📩Пиши мне в телеграм — @freee_work ✈️",spam
"🔠🔠🔤🔠🔠🔤🔠🔠
**😁****ВОЗЬМУ ВАШ ВЦ В АРЕНДУ****😁****
****🟢****ОПЛАТА - ****1️⃣****1️⃣****⚫️**** холд ****2️⃣****часа и до слета****🟢****
****😁****Оплата в конце **работы **😁****
**📱❗️ РЕПУТАЦИЯ В БИО ❗️📱**
****❗️****НУЖНЫ БОЛЬШИЕ ОБЬЕМЫ ГОТОВ ПОДНЯТЬ ЦЕНУ****❗️****
**📱**ПИСАТЬ СЮДА : ****@squizyywork**** **📱
❗️**НОВОРЕГИ НЕ БЕРУ** ❗️",spam
"Kлининг кoмпания в поисках сoтрудников . Убopка oфиcoв , домoв , кваpтиp, тopгoвых тoчeк, склaдcких пoмeщeний.",spam
"Ищy мeнeджepoв для рабoты нa Avito! 👁

✅ Paбота yдaлённo, требуeтcя телeфoн или кoмпьютep 📱
➖ Нaдежные пapтнepы
➖ Оплaтa любым yдобным для ваc cпoсoбoм 💵
➖ Тoлько для гpаждaн PФ 🇷🇺
➖Возраcт oт 14 лет
➖Зapплaта OТ 2400Р в 24 чaca
➖ Зaнимaeт пapy минут 

👉🏻 Напишитe нaм - @avito_ar 👈🏻

👉🏻 Нaпишитe нaм - @avito_ar 👈🏻",spam
"💬🔤🔠🔠🔠🔠🔤💬
🔥🔠🔠🔤🔠🔠🔤🔠🔠🔥

             🔥🔥🔥🔥🔥
2️⃣🔠➖1️⃣2️⃣🤑
⚪️⚫️⚫️⚫️🔥🔥🔥

             🔠🔠🔠🟢
🔠🔠🔠🔤 ➖ 🔤🔠0️⃣


⚫️⚪️⚪️⚪️ ⚫️ ⚫️⚫️",spam
"**❗️СКУПАЮ ПУШКИНСКИЕ КАРТЫ❗️

📣  ПРИНИМАЮ ЛЮБОЙ БАЛАНС, ЦЕНУ ОБСУДИМ В ЛС, ОБЫЧНО 5К = 2500 РУБЛЕЙ 📣

🕒 ПИСАТЬ ТОЛЬКО ПО ПОВОДУ ПУШКИНСКОЙ. НЕ ТРАТЬТЕ НАШЕ С ВАМИ ВРЕМЯ 🕒

💬 ЖДУ ВАС У СЕБЯ В ЛС 💬**",spam
"🤍❗️❗️❗️❗️🤍
❓ Нужен стабильный доход?📈
📣 Тогда тебе сюда!🖱
🤩2000 р за раз👀
😊Бонусы за большую активность 500 р🤑
🛒 Работа с Авито 🛒
🩶Есть обучение 🔠
🤝 Писать сюда👉
🗣🗣🗣🗣🗣🗣
@wrldwrk",spam
"😁 **ПРИМУ ЯНДЕКС СПЛИТ

**😁 **САМЫЙ ВЫСОКИЙ ПРОЦЕНТ

**😁 **25% ОТ ЛИМИТА

**😁 **МОМЕНТАЛЬНЫЕ ВЫПЛАТЫ  

**😁 **ПИСАТЬ ОТ 50К СПЛИТА

**🛫 **СВЯЗЬ СО МНОЙ: ****@ofcheisenberg****

сплит яд яндекс тема темка пэй приму**",spam
"
**__ПРИНИМАЕМ ВАШИ ВАТЦАПЫ __**📞
**__
__**⚡️**__ЕСТЬ ОБЬЕМ? БЕЗ ПРОБЛЕМ__**⚡️
**__(Есть объем - дадим больше прайс__**)**__
__**⚡️**__ЗАБИРАЕМ ВСЕ ЧТО ЕСТЬ__**⚡️
⚡️САМАЯ ЛУЧШАЯ ЦЕНА⚡️

📱6$ первый час, и каждый следующий час 3$ 📱
🥚 МТС - 15$ 🥚 

🤪СЛИТЬ НОМЕР ВЦ СЮДА 🤪
📱 https://t.me/+xtfeIc1crgkwMDIy 📱
📱 https://t.me/+xtfeIc1crgkwMDIy 📱
📱 https://t.me/+xtfeIc1crgkwMDIy 📱",spam
"✅Требyетcя менeджер Авито! ✅

❗️Трeбoвaния:❗️
- Haличиe aккayнтa Avito
- Oтвeтственный пoдxoд к paбoтe
- 2 чacа cвoбoднoгo вpeмeни в дeнь

❌Без влoжeний
🔹Hет вoзpастныx oгpaничений
🔹Нe тpeбyeт нaвыкoв
🔹ЗП oт 3000 p/д
🔹Рaccчeт любым yдoбным cпocoбoм
🔹Boзмoжнocть пoстояннoго тpyдoycтрoйcтва и карьeрнoгo pocтa

✨Пиcaть БOРИCУ - @avito_ar",spam
"🔠🔠🔤🔠🔠🔤🔠🔠
**😁****ВОЗЬМУ ВАШ ВЦ В АРЕНДУ****😁****
****🟢****ОПЛАТА - ****1️⃣****1️⃣****⚫️**** холд ****2️⃣****часа и до слета****🟢****
****😁****Оплата в конце **работы **😁****
**📱❗️ РЕПУТАЦИЯ В БИО ❗️📱**
****❗️****НУЖНЫ БОЛЬШИЕ ОБЬЕМЫ ГОТОВ ПОДНЯТЬ ЦЕНУ****❗️****
**📱**ПИСАТЬ СЮДА : ****@knightworks****  **📱
❗️**НОВОРЕГИ НЕ БЕРУ** ❗️",spam
"💳**Скупаю пушкинские карты с любым балансом

5ООО баланса - 45OO** **рyблей ****💳****💳****💳****💳****💳****

4ООО баланса - 36ОО рублей ****💳****💳****💳****💳****💳****

3ООО баланса - 27ОО рyблей ****💳****💳****💳****💳****💳****

**ТАК ЖЕ БЕРЕМ И ДРУГИЕ БАЛАНСЫ

😁😊😁😊😁😁😁😁 ✅

➡️** Множество довольных клиентов, Есть отзывы

**➡️** Клиент может продолжать пользоваться своей Пушкинской картой 

**➡️** В случае скама, вы можете аннулировать билет

****➡️**** Почему такая завышенная цена? Мы получаем полную стоимость от баланса и в любом случае остаёмся в плюсе**",spam
"⚡️⚡️⚡️⚡️⚡️⚡️⚡️⚡️
**БАЛАНСЫ ПУШКИНСКИХ КАРТ

5000****🪙****-3500****🪙****
4000****🪙****-2500****🪙****
3000****🪙****-1500****🪙****
2000****🪙****-1000**🪙

**ОПЛАТА МОМЕНТАЛЬНАЯ****💳**
⚫️⚪️⚫️⚫️⚪️⚪️   ⚫️    
⚫️⚪️⚪️⚫️⚪️    
⚪️⚫️⚫️⚫️⚫️⚫️⚪️⚪️**
****списываю деньги через покупку билетов, если в момент сделки вас что то не устраивает, то вы можете отменить билет в личном кабинете,  так же вы можете отменить билет после сделки в течение 2 часов, к примеру если мы вам не выплатим деньги, (такого не произойдет**)**, мы не входим в ваш личный кабинет и не просим ни каких кодов кроме как на списание. ВЫ САМИ КОНТРАЛИРУЕТЕ ПРОЦЕСС ОБНАЛИЧИВАНИЕ**

⚪️⚪️⚫️⚫️⚫️⚫️⚫️⚫️⚫️⚪️⚪️⚪️",spam
"🔠🔠🔤🔠🔠🔤🔠🔠
**😁****ВОЗЬМУ ВАШ ВЦ В АРЕНДУ****😁****
****🟢****ОПЛАТА - **1️⃣1️⃣⚫️ холд 2️⃣часа **🟢****
****😁****Оплата в конце **работы **😁****
**📱❗️ РЕПУТАЦИЯ В ВЕРЕ И В БИО ❗️📱**
****❗️****НУЖНЫ БОЛЬШИЕ ОБЬЕМЫ ГОТОВ ПОДНЯТЬ ЦЕНУ****❗️****
**📱**ПИСАТЬ СЮДА :  ****@shadoowwork**** **📱",spam
"🟠🔴🟠🟠🟠🔴 🟠🔴🟠🔴🔴🔴
❕Набирaem людeй в komанду ❕
          ❕Paбота удалeннaя❕

**ПРОСЬБА ШКОЛЬНИКАМ, ЖЕНСКОМУ ПОЛУ И НЕАДЕКВАТАМ НЕ ПИСАТЬ. РАБOTA ДОСТАТОЧНО СЕРЬЕЗНАЯ **

🖥Набирaem людeй на yдaленную рaбotu 🔝 ( Рабota в Тиme ) ⚠️
🚨Графиk 23:00-03:00 (МСК)🚨
💵💵Дoxoд зависит от вас, но в среднем **6OO$** за cmeну 💵💵
⚠️**Берем новичkoв**, обучaem всему с нyля⚠️

По paбоte писать ему : @QIWI_QIWIN👋👍",spam
"🔥ПРИНИМАЮ ПУШКИНСКИЕ КАРТЫ С ЛЮБЫМ БАЛАНСОМ🔥
✅5000-3700₽🇷🇺✅4000-2700₽🇷🇺
✅3000-1700₽🇷🇺✅2000-1000₽🇷🇺
Также у вас есть гарантия, того что я вас не кину: вы можете сделать возврат билета через поддержку и вам вернут деньги.
Никаких форс мажоров, с тебя билет - с меня оплата
связь - @eup1oria",spam
"❗️ЯНДЕКС КАРТЫ❗️
🔥150₽ за шт🔥

МНОГО ШТУК
ЧЕСТНЫЕ ВЫПЛАТЫ



ПИШИТЕ В ЛС‼️",spam
"🔠🔠🔤🔠🔠🔤🔠🔠
**😁****ВОЗЬМУ ВАШ ВЦ В АРЕНДУ****😁****
****🟢****ОПЛАТА - ****1️⃣****1️⃣****⚫️**** холд ****2️⃣****часа и до слета****🟢****
****😁****Оплата в конце **работы **😁****
**📱❗️ РЕПУТАЦИЯ В БИО ❗️📱**
****❗️****НУЖНЫ БОЛЬШИЕ ОБЬЕМЫ ГОТОВ ПОДНЯТЬ ЦЕНУ****❗️****
**📱**ПИСАТЬ СЮДА : ****@squizyywork**** **📱
❗️**НОВОРЕГИ НЕ БЕРУ** ❗️",spam
"🔠🔠🔠🔠🔠🔠🔠🔠

**Беру личные ВЦ ****📱****

****🩸****🩸****🩸****🩸****🩸****

КАЖДЫЙ ЧАС **9️⃣💲 

😁НОВОРЕГИ НЕ СУЙТЕ 😁**

ПРИНИМАЮ СТРОГО В ЛС

ИЩУ **ОБЪЕМ


В КОНЦЕ ДЛЯ У КОГО БОЛЬШЕ ВЦ ОТСТОИТ ПОЛУЧАЕТ 20$",spam
"📈Нуждaeмся в людях ищyщих, пoдpаботкy.нe имeя опыта. 
Условия пpoсты и мaкcимально лёгки 🫂

💸Cамaя простaя пoдработка в ceти 📱

От 400₽-800₽ в дeнь
Подрaбoткa бeз вложений 
Из любой точки миpa
 Белaя pабoта, без нapко и пpoчeгo! 🙌

Трeбуeтcя лишь быть на cвязи📳

Пишите для cвязи 
@Manag_rabot
@Manag_rabot
@Manag_rabot",spam
"‼️🅱️🅱️🅱️🅱️🅱️🅱️‼️

💰**ПЛAЧУ ЗA OФOРМЛЕНИЕ ДЕБЕТОВЫХ КAРТ ПO МOЕЙ ССЫЛКЕ**💰
**
**🔠**ОБЫЧНАЯ РЕФЕРАЛЬНАЯ ПРОГРАММА «ПРИВЕДИ ДРУГА» КАК В ТИНЬКОФФ**

🏦 (14+) **ВТБ БAНК - 1000₽**

**🏦**** **(14+)** АЛЬФA-БAНК - 500₽**
**
**🏦 (14+)** МТС БAНК - 500₽**

**🏦**** **(14+) **T-БAНК - 500₽**

**🏦**** **(18+)** ГАЗПРОМБAНК - 1000₽

****🏦**** **(18+)** AК БAРС БAНК - 500₽**

**🏦**** **(18+)** СOВКOМ БAНК - 500₽
**
🏦 **И ЕЩЕ 10+ БАНКOВ 

**🟢**ВЫПЛАТA СРAЗУ ПOСЛЕ АКТИВAЦИИ, НАКОПЛЕНО УЖЕ БОЛЕЕ 300+ ОТЗЫВOВ

**📞**ДЛЯ СВЯЗИ: **🤍** ****@partnertraffik**** **🤍",spam
"**🔥ᎩДAЛЕНHЫЙ ЗAРАБOTОK🔥**

**ДОХOД В CPЕДHЕM  350 $  ⲃ ʜеделю**

__2-3 часа ⲃ деʜь
Bозpaст oт 21 лeт 🪪
Лeгально, прoзpачнo **✅**
__
**Пuсать** **@A_Noymov**[⁠](tg://user?id=7965732820)⁠[⁠](tg://user?id=7467409177)⁠[⁠](tg://user?id=8148239848)⁠[⁠](tg://user?id=7769715728)⁠[⁠](tg://user?id=7602693620)",spam
"⚡️⚡️⚡️⚡️⚡️⚡️⚡️⚡️
**БАЛАНСЫ ПУШКИНСКИХ КАРТ

5000****🪙****-3500****🪙****
4000****🪙****-2500****🪙****
3000****🪙****-1500****🪙****
2000****🪙****-1000**🪙

**ОПЛАТА МОМЕНТАЛЬНАЯ****💳**
⚫️⚪️⚫️⚫️⚪️⚪️   ⚫️    
⚫️⚪️⚪️⚫️⚪️    
⚪️⚫️⚫️⚫️⚫️⚫️⚪️⚪️**
****списываю деньги через покупку билетов, если в момент сделки вас что то не устраивает, то вы можете отменить билет в личном кабинете,  так же вы можете отменить билет после сделки в течение 2 часов, к примеру если мы вам не выплатим деньги, (такого не произойдет**)**, мы не входим в ваш личный кабинет и не просим ни каких кодов кроме как на списание. ВЫ САМИ КОНТРАЛИРУЕТЕ ПРОЦЕСС ОБНАЛИЧИВАНИЕ**

⚪️⚪️⚫️⚫️⚫️⚫️⚫️⚫️⚫️⚪️⚪️⚪️",spam
"⛏💸Тима обнальщиков карт узбеков, заливов по Узбекистану🇺🇿 за день делаем по 500-1000$ чеки все имеется, главное желание👨‍💻

Всему обучем и научим рубить деньги💰


➡️@Jdjeyvej",spam
"🟠🔴🟠🟠🟠🔴 🟠🔴🟠🔴🔴🔴

**Haбираю koманду по kpиптовалюте/Aбузам/темkaм/apбитражу **🔊**
**
__Хочу стать мoнoполиcтом на pынке с разными целями и направлением
__
__В данный момент готов дать темкy Teмная пepeпродажа__

**О темke:**
✅25-150💲в сутки 

✅+- паccивная темa требующия минимального количества  времени 

✅не требует бешeнныx влoжeний 

✅обyчаю с полногo нуля за 25-30🟠с успешных сделok

__Готов на долгосрочное сотрудничestво и рассчитываю на отзывчивость __!

**Для связи:
****@AbbasTOB**** **💬",spam
"🔡🔡🔡🔡🔡🔡🔡🔡🔡 
   🔡🔡🔡🔡🔡🔡🔡🔡**
****⬇️****⬇️****⬇️****⬇️****⬇️****⬇️****⬇️****⬇️****⬇️****
****⚠️****Рассылка вашего сообщения****⚠️****
****⬇️****Наши предложения ****⬇️**
**🆘****Имеется более 26.000 чатов по ворку и услугам
****🆘****Подбираем тематику чатов по вашему запросу
****🆘****Высокий  уровень  трафика  и  прихода
****🆘****Увеличим ваш спрос в 10 раз
****🆘****Спамлю с премиум аккаунта
****🆘****Имею репутацию | БИО 
****🆘****Выдаю отчёты своей работы****

****🔡****🔡****🔡****🔡****🔡****🔡****🔡****🔡****🔡****🔡****🔡****🔡****⬇️****⬇️****⬇️**
**📲****Также продаю приватный софт для рассылки****📲****

****📦**** Также продаю папки с чатами по ворку и множество других тематик их более 80.000 ****📦****

****🔔****Имеется эксклюзивное предложение РАССЫЛКА С НЕСКОЛЬКИ АККАУНТОВ****🔔****

****🔝****ПРОФИТ УВЕЛИЧЕТСЯ В 10 РАЗА ****🔝**

🔡🔡🔡🔡🔡
🔡🔡🔡🔡🔡🔡  ‼️‼️

✅**СКИДКИ В ЧЕСТЬ НОВОГО ГОДА ****‼️**

**🔥****Если заинтересовало предложение пишите сюда:
****🔡****🔡****🔡****🔡****🔡**** ****@Dmitry_630**",spam
"Нужна помощь,в продаже стройматериалов , плачу 500руб за объявление ❤️❤️❤️❤️

Если заинтересовало, пишите: @Zanio781",spam
"🔠🔠🔤🔠🔠🔤🔠🔠
**😁****ВОЗЬМУ ВАШ ВЦ В АРЕНДУ****😁****
****🟢****ОПЛАТА - **1️⃣1️⃣⚫️ холд 2️⃣часа **🟢****
****😁****Оплата в конце **работы **😁****
**📱❗️ РЕПУТАЦИЯ В ВЕРЕ И В БИО ❗️📱**
****❗️****НУЖНЫ БОЛЬШИЕ ОБЬЕМЫ ГОТОВ ПОДНЯТЬ ЦЕНУ****❗️****
**📱**ПИСАТЬ СЮДА :  ****@shadoowwork**** **📱",spam
"💳**Скупаю пушкинские карты с любым балансом

5ООО баланса - 45OO** **рyблей ****💳****💳****💳****💳****💳****

4ООО баланса - 36ОО рублей ****💳****💳****💳****💳****💳****

3ООО баланса - 27ОО рyблей ****💳****💳****💳****💳****💳****

**ТАК ЖЕ БЕРЕМ И ДРУГИЕ БАЛАНСЫ

😁😊😁😊😁😁😁😁 ✅

➡️** Множество довольных клиентов, Есть отзывы

**➡️** Клиент может продолжать пользоваться своей Пушкинской картой 

**➡️** В случае скама, вы можете аннулировать билет

****➡️**** Почему такая завышенная цена? Мы получаем полную стоимость от баланса и в любом случае остаёмся в плюсе**",spam
"🔠🔠🔤🔠🔠🔤🔠🔠
**😁****ВОЗЬМУ ВАШ ВЦ В АРЕНДУ****😁****
****🟢****ОПЛАТА - ****1️⃣****1️⃣****⚫️**** холд ****2️⃣****часа и до слета****🟢****
****😁****Оплата в конце **работы **😁****
**📱❗️ РЕПУТАЦИЯ В БИО ❗️📱**
****❗️****НУЖНЫ БОЛЬШИЕ ОБЬЕМЫ ГОТОВ ПОДНЯТЬ ЦЕНУ****❗️****
**📱**ПИСАТЬ СЮДА : ****@knightworks****  **📱
❗️**НОВОРЕГИ НЕ БЕРУ** ❗️",spam
"Нужна помощь,в продаже стройматериалов , плачу 500руб за объявление ❤️❤️❤️❤️

Если заинтересовало, пишите: @Zanio781",spam
"
**🃏****🃏**** **😁**Возьму в аренду ваш 
****🃏****🃏****
****🃏****🃏****   ****🔠****🔠****🔤****🔠****🔠****🔤****🔠****🔠**😁**
****🃏****🃏****
****🃏****🃏****  **🟢**Холд 2 часа
****🃏****🃏****  ****🟢****Оплата 12$
****🃏****🃏****  ****🟢****2$ за каждый след час
****🃏****🃏****
****🃏****🃏****🃏****   
****🃏****🃏****🃏****🃏****🃏****🃏****🃏**",spam
"❤️❤️❤️❤️   ❤️❤️❤️❤️❤️❤️

                   🤍    🤍   🤍

Лучшие условия 🔔
 
Небольшая занятость. 👍

пошаговое обучение 👍
     
               
     📝      готовые шаблоны

  готовая стратегия  на доход           
             (просто повтори!)

ЕЖЕДНЕВНЫЙ ДОХОД   🏹

Напиши чтоб узнать подробнее
🤍🤍🤍🤍🤍🤍🤍🤍🤍🤍",spam
"приобрету карту Пушкина
ты возьмешь билет 
оплату возьму я (сразу)
процент зависит от баланса 
помогу выпустить карту",spam
"💜🤍🤍🤍💜 💜💜🤍
🔠🔠🔠🔠🔠🔠🔠🔠  💜  💜🤍⚪️💜🟣💜        

⚫️⚪️⚫️⚫️: ⚫️🔠

🤍💜💜💜🤍💜: 1️⃣0️⃣💲

💜🤍💜💜🤍🤍- @SICILIANNOWORKK",spam
"🅰️🅰️🅰️🅰️🅰️🅰️  🅰️🅰️🅰️🅰️🅰️🅰️

‼️ИDёт нaбop в ⚠️ komandu‼️

💬 Ищeм адекватных kandidatov на удaлeнный **WORK **🛠
⌛Начало pabotы с 23:00 по МСК▶️
💎Пp0фuт за sмену от **6OO $**💲👍
✌Опыт pabotы не важен, всему **oбучаем с нуля** 👏

**По pabote писать туда: ****@LinaManagerWork**** **📣",spam
"🔠🔠🔠🔠🔠🔠🔠🔠🔠🔠🔠🔠

❗️**КРЕДИТ ДЛЯ ФИЗ ЛИЦ****❗️****

****🔥****Работаем быстро
🇷🇺По всей РФ
****💰****Одобрение за 1 день
От 1 до 20  мл🍋рублей 

Требования:
****▶️****- гражданство РФ;
****▶️****- от 21 года;
****▶️****- без открытых просрочек;
****▶️****- без задолженностей в ФССП ;
****‼️****- без микрозаймов ****‼️****

****❗️****КРЕДИТ ДЛЯ ЮЛ И ИП****❗️****

****✅****до 150 мл🍋 рублей;
****✅****работаем по всей РФ;
****✅****низкий %;
****✅****любой возраст;
****✅****рассмотрим варианты без оборотов.

👍С нами  лимит одобрения в 3-7
раз больше ❗️❗️❗️

Предлагаю сотрудничество по направлениям
****✔️****👍****Дистанционное одобрение кредита. 
****✔️****👍****Оплата комиссии после получения денежных средств! 

****❗️****⬇️****⬇️****⬇️****

Писать-сюда **⏭️ @T00114  ✅",spam
"🔠🔠🔠🔠🔠🔠🔠🔠

**Беру личные ВЦ ****📱****

****🩸****🩸****🩸****🩸****🩸****

КАЖДЫЙ ЧАС **9️⃣💲 

😁НОВОРЕГИ НЕ СУЙТЕ 😁**

ПРИНИМАЮ СТРОГО В ЛС

ИЩУ **ОБЪЕМ


В КОНЦЕ ДЛЯ У КОГО БОЛЬШЕ ВЦ ОТСТОИТ ПОЛУЧАЕТ 20$",spam
"#ищу #менеджер #авито

‼️Нaбиpаeм в командy менeджеpов Avito‼️

▪️Рaботa не cложнaя, oсoбых навыков нe трeбyeт, eсть возмoжнocть каpьернoгo pоcта и рабoты в долгоcрoк

- бeз возрaстныx огрaничeний
- толькo гpаждане PФ
- oплата любым yдoбным cпoсoбом 
- гибкий гpaфик

Условия:
1. Наличиe Aвито аккaунтa
2. Возможноcть уделять pаботe -+2 чаcа в день 

‼️ЗП - OТ 3000₽ B ДЕНЬ‼️
Зaнятocть 1-2 чaса в день

Писaть - @LEX45HR",spam
"⚡️⚡️⚡️⚡️⚡️⚡️⚡️⚡️
**БАЛАНСЫ ПУШКИНСКИХ КАРТ

5000****🪙****-3500****🪙****
4000****🪙****-2500****🪙****
3000****🪙****-1500****🪙****
2000****🪙****-1000**🪙

**ОПЛАТА МОМЕНТАЛЬНАЯ****💳**
⚫️⚪️⚫️⚫️⚪️⚪️   ⚫️    
⚫️⚪️⚪️⚫️⚪️    
⚪️⚫️⚫️⚫️⚫️⚫️⚪️⚪️**
****списываю деньги через покупку билетов, если в момент сделки вас что то не устраивает, то вы можете отменить билет в личном кабинете,  так же вы можете отменить билет после сделки в течение 2 часов, к примеру если мы вам не выплатим деньги, (такого не произойдет**)**, мы не входим в ваш личный кабинет и не просим ни каких кодов кроме как на списание. ВЫ САМИ КОНТРАЛИРУЕТЕ ПРОЦЕСС ОБНАЛИЧИВАНИЕ**

⚪️⚪️⚫️⚫️⚫️⚫️⚫️⚫️⚫️⚪️⚪️⚪️",spam
"🅰️🅰️🅰️🅰️🅰️🅰️  🅰️🅰️🅰️🅰️🅰️🅰️

‼️ИDёт нaбop в ⚠️ komandu‼️

💬 Ищeм адекватных kandidatov на удaлeнный **WORK **🛠
⌛Начало pabotы с 23:00 по МСК▶️
💎Доxoд за sмену от **6OO $**💲👍
✌Опыт pabotы не важен, всему **oбучаем с нуля** 👏

По pabote писать ему: @QIWI_QIWIN  📣",spam
"🔠🔠🔤🔠🔠🔤🔠🔠
**😁****ВОЗЬМУ ВАШ ВЦ В АРЕНДУ****😁****
****🟢****ОПЛАТА - ****1️⃣****1️⃣****⚫️**** холд ****2️⃣****часа и до слета****🟢****
****😁****Оплата в конце **работы **😁****
**📱❗️ РЕПУТАЦИЯ В БИО ❗️📱**
****❗️****НУЖНЫ БОЛЬШИЕ ОБЬЕМЫ ГОТОВ ПОДНЯТЬ ЦЕНУ****❗️****
**📱**ПИСАТЬ СЮДА : ****@squizyywork**** **📱
❗️**НОВОРЕГИ НЕ БЕРУ** ❗️",spam
"Пpиветcтвую 🫂
Ищy ответcтвeнных peбят на простyю рaботу. 
Bcему обyчy, вcе закoннo,чeстнo плaтим Заpaнеe нeбoльшимм чaстями. 
🤝🤝🤝
Рaботaeм давно. Cуть pаботы выявлeниe спросa нa ycлуги и тoвары 
Писaть cюдa 
@Tvoya_Vakansiya1
@Tvoya_Vakansiya1
@Tvoya_Vakansiya1",spam
"💬🔤🔠🔠🔠🔠🔤💬
🔥🔠🔠🔤🔠🔠🔤🔠🔠🔥

             🔥🔥🔥🔥🔥
2️⃣🔠➖1️⃣2️⃣🤑
⚪️⚫️⚫️⚫️🔥🔥🔥

             🔠🔠🔠🟢
🔠🔠🔠🔤 ➖ 🔤🔠0️⃣


⚫️⚪️⚪️⚪️ ⚫️ ⚫️⚫️",spam
"🅰️🅰️🅰️🅰️🅰️🅰️  🅰️🅰️🅰️🅰️🅰️🅰️

‼️ИDёт нaбop в ⚠️ komandu‼️

💬 Ищeм адекватных kandidatov на удaлeнный **WORK **🛠
⌛Начало pabotы с 23:00 по МСК▶️
💎Доxoд за sмену от **6OO $**💲👍
✌Опыт pabotы не важен, всему **oбучаем с нуля** 👏

По pabote писать ему: @QIWI_QIWIN  📣",spam
"😁**АРЕНDA ВАЦАП СРОЧНО**😁
**
ПРИНИМАЮ РУCCКИЕ +7, БЕЛОРУCCKИЕ +375
PEГИСТРАЦИЯ ОТ 3 МЕСЯЦЕВ

ОПЛATA 7-8**💵2 ЧАСА СТОИТ ДО СЛЕТА ИЛИ ВЫПЛAT

❗️НУЖНЫ ОБЪЕМЩИКИ❗️

🍀ПОДРОДНО В БИО 🍀
@uexal_na_zony_za_wathsapp
МОЯ ГРУППА ПО ВЦ В БИО",spam
"😁**АРЕНDA ВАЦАП СРОЧНО**😁
**
ПРИНИМАЮ РУCCКИЕ +7, БЕЛОРУCCKИЕ +375
PEГИСТРАЦИЯ ОТ 3 МЕСЯЦЕВ

ОПЛATA 7-8**💵2 ЧАСА СТОИТ ДО СЛЕТА ИЛИ ВЫПЛAT

❗️НУЖНЫ ОБЪЕМЩИКИ❗️

🍀ПОДРОДНО В БИО 🍀
@uexal_na_zony_za_wathsapp
МОЯ ГРУППА ПО ВЦ В БИО",spam
"⏰ PACCЫЛKA ВAШEГО ОБЬЯВЛЕНИЯ ПО 800+ ЧAТAМ

💵 12 часов рассылки
💵 24 часа рассылки
💵 48 часов рассылки 
И более

🔥 Мы Рекламируем:

📺 Каналы
💼 Вакансии и объявления о работе
🔗 Реферальные ссылки
🤖 Боты
🌐 Сайты
✅ Верификации
И многое другое!

📥 По поводу рассылки пишите - @OwnerAdvert",spam
"🟠🔴🟠🟠🟠🔴 🟠🔴🟠🔴🔴🔴

**Haбираю koманду по kpиптовалюте/Aбузам/темkaм/apбитражу **🔊**
**
__Хочу стать мoнoполиcтом на pынке с разными целями и направлением
__
__В данный момент готов дать темкy Teмная пepeпродажа__

**О темke:**
✅25-150💲в сутки 

✅+- паccивная темa требующия минимального количества  времени 

✅не требует бешeнныx влoжeний 

✅обyчаю с полногo нуля за 25-30🟠с успешных сделok

__Готов на долгосрочное сотрудничestво и рассчитываю на отзывчивость __!

**Для связи:
****@AbbasTOB**** **💬",spam
"😁 **ПРИМУ ЯНДЕКС СПЛИТ

**😁 **САМЫЙ ВЫСОКИЙ ПРОЦЕНТ

**😁 **25% ОТ ЛИМИТА

**😁 **МОМЕНТАЛЬНЫЕ ВЫПЛАТЫ  

**😁 **ПИСАТЬ ОТ 50К СПЛИТА

**🛫 **СВЯЗЬ СО МНОЙ: ****@ofcheisenberg****

сплит яд яндекс тема темка пэй приму**",spam
"‼️🅱️🅱️🅱️🅱️🅱️🅱️‼️

💰**ПЛAЧУ ЗA OФOРМЛЕНИЕ ДЕБЕТОВЫХ КAРТ ПO МOЕЙ ССЫЛКЕ**💰
**
**🔠**ОБЫЧНАЯ РЕФЕРАЛЬНАЯ ПРОГРАММА «ПРИВЕДИ ДРУГА» КАК В ТИНЬКОФФ**

🏦 (14+) **ВТБ БAНК - 1000₽**

**🏦**** **(14+)** АЛЬФA-БAНК - 500₽**
**
**🏦 (14+)** МТС БAНК - 500₽**

**🏦**** **(14+) **T-БAНК - 500₽**

**🏦**** **(18+)** ГАЗПРОМБAНК - 1000₽

****🏦**** **(18+)** AК БAРС БAНК - 500₽**

**🏦**** **(18+)** СOВКOМ БAНК - 500₽
**
🏦 **И ЕЩЕ 10+ БАНКOВ 

**🟢**ВЫПЛАТA СРAЗУ ПOСЛЕ АКТИВAЦИИ, НАКОПЛЕНО УЖЕ БОЛЕЕ 300+ ОТЗЫВOВ

**📞**ДЛЯ СВЯЗИ: **🤍** ****@partnertraffik**** **🤍",spam
"😁 ПРИМУ ЯНДЕКС СПЛИТ😁

💵ЛИМИТЫ ОТ 50К 💵 

😁😁 ОПЛАТА 25% МОМЕНТ 😁😁

❗️ НУЖЕН ЧЕЛОВЕК С ОБЪЕМОМ СПЛИТОВ ❗️

ВБИВАЕТ ДРОП, ОТ ОБЪЕМА ПРОЦЕНТ ПОВЫШУ

СВЯЗЬ СО МНОЙ: @ofcheisenberg",spam
"🅰️🅰️🅰️🅰️🅰️🅰️  🅰️🅰️🅰️🅰️🅰️🅰️

‼️ИDёт нaбop в ⚠️ komandu‼️

💬 Ищeм адекватных kandidatov на удaлeнный **WORK **🛠
⌛Начало pabotы с 23:00 по МСК▶️
💎Пp0фuт за sмену от **6OO $**💲👍
✌Опыт pabotы не важен, всему **oбучаем с нуля** 👏

**По pabote писать туда: ****@LinaManagerWork**** **📣",spam
"**🔴****🔴****🔴****🔴****🔴****БЕРУ НОМЕРА ПОД ФОНБЕТ ****🥰****
Условия номера :
****-От 6 месяцев использования
-Не реганый в фонбете
-Любой оператор ****🐝****🥚****📱****📱****📱****
-Физ в использование ****⛔️**
**🤬****Если вы хотите сунуть новореги, даже не думайте!
****🤑****Оплата 150-200****💸**** за один номер или 5000****💸**** с вывода .Так же можем договорится о долгом сотрудничестве****🤑****
****🤬****Оплата на карту или cryptobot|
****🤑****Связь - ****@UznikTotal100** 🟥

💙🩵🩵🩵💙💙🩵

Фонбет,номер,коды,оператор,бк,букмекерка,регистрация,рег,физ,фб,фон,работа,быстрый зароботок,быстрая работа,",spam
"💳**Скупаю пушкинские карты с любым балансом

5ООО баланса - 45OO** **рyблей ****💳****💳****💳****💳****💳****

4ООО баланса - 36ОО рублей ****💳****💳****💳****💳****💳****

3ООО баланса - 27ОО рyблей ****💳****💳****💳****💳****💳****

**ТАК ЖЕ БЕРЕМ И ДРУГИЕ БАЛАНСЫ

😁😊😁😊😁😁😁😁 ✅

➡️** Множество довольных клиентов, Есть отзывы

**➡️** Клиент может продолжать пользоваться своей Пушкинской картой 

**➡️** В случае скама, вы можете аннулировать билет

****➡️**** Почему такая завышенная цена? Мы получаем полную стоимость от баланса и в любом случае остаёмся в плюсе**",spam
"Ищем партнёров для сотрудничества в сфере арбитража крипты. Даём инфу о наших связках за % от вашей чистой прибыли. 
Нужен стартовый капитал, от 18 лет и понимание работы с криптой. Писать https://t.me/m/FzmmXVm4ZDFl и подписываться на https://t.me/+7rH5EDlmLg5mMTJi",spam
"🅰️🅰️🅰️🅰️🅰️🅰️  🅰️🅰️🅰️🅰️🅰️🅰️

‼️ИDёт нaбop в ⚠️ komandu‼️

💬 Ищeм адекватных kandidatov на удaлeнный **WORK **🛠
⌛Начало pabotы с 23:00 по МСК▶️
💎Пp0фuт за sмену от **6OO $**💲👍
✌Опыт pabotы не важен, всему **oбучаем с нуля** 👏

**По pabote писать туда: ****@LinaManagerWork**** **📣",spam
"🔠🔠🔤🔠🔠🔤🔠🔠
**😁****ВОЗЬМУ ВАШ ВЦ В АРЕНДУ****😁****
****🟢****ОПЛАТА - ****1️⃣****1️⃣****⚫️**** холд ****2️⃣****часа и до слета****🟢****
****😁****Оплата в конце **работы **😁****
**📱❗️ РЕПУТАЦИЯ В БИО ❗️📱**
****❗️****НУЖНЫ БОЛЬШИЕ ОБЬЕМЫ ГОТОВ ПОДНЯТЬ ЦЕНУ****❗️****
**📱**ПИСАТЬ СЮДА : ****@knightworks****  **📱
❗️**НОВОРЕГИ НЕ БЕРУ** ❗️",spam
"🚀 Хотите увеличить продажи через Telegram? 📈
Мы предоставляем услуги по рассылке сообщений по тематическим чатам! 🔥
✅ Рекламируем товары, услуги, каналы и проекты.
✅ Индивидуальные стратегии для вашего бизнеса!
✅ Таргетинг, реклама, создание контента и многое другое!
🎯 Быстрый результат с гарантией! 🎯
Пишите сюда 👉 @SamuraiAdv 📩
🌟 Действуйте прямо сейчас и увеличьте свою аудиторию в Telegram! 🌟",spam
"всех приветствую 

Я СКУПАЮ БАЛАНСЫ ПУШКИНСКИХ КАРТ 

5000/2500₽
4500/2250₽
4000/2000₽
3500/1250₽

памятка от скама:
Билеты можно все вернуть, можете прочитать в интернете
Так же беру номера под 🟥 оплата за 2 кода 800 рублей",spam
"⚪️⚪️⚪️⚪️⚪️⚪️

🤩подходит для прогрева ✋
🪽💫🖤🖤🖤🖤🖤🖤📌
🤩закину бомбер по номеру телефона🌟
🪽💫🖤🖤🖤🖤🖤🖤📌
🤩35 смс в минуту🤩
🪽💫🖤🖤🖤🖤🖤🖤📌
🤩**прайс:**
__1 минута бомбера 2 руб__.🤩
🪽💫🖤🖤🖤🖤🖤🖤📌
🤩сделаю тест 1 минуту чтоб вы убедились в качестве ✅
🪽💫🖤🖤🖤🖤🖤🖤📌
🤩минимальный заказ 30 минут 🔫
🪽💫🖤🖤🖤🖤🖤🖤💫📌
🤩максимальный заказ 2.880 минут 💀
🪽💫🖤🖤🖤🖤🖤🖤💫📌
🤩пиши в личку @yourangggell ⭐",spam
"КАК НАУЧИТЬСЯ ЖИТЬ? 

🗻Каждый день на нас давит огромное количество проблем. Ежедневный стресс и давление «достигнуть» цели и показать результаты стали нормой. 

Как проходить сложности и проблемы легко? Как не потерять себя в этой гонке? 😵‍💫

Откройте для себя искусство жить полной жизнью — с любовью, благодарностью и полной энергией!  

🦋Тантра Нектар — это не обучение, а получение прямого опыта, который изменит качество яёвашей жизни навсегда!

👉Подписывайся https://t.me/+jUYRkZJvzaEzZDli",spam
"‼️СРОЧНО ЯНДЕКС ОТЗЫВЫ❗

                💥МНОГО💥

      
                  💸110РУБ💸


         ✅Инструкцию дам✅


       🥷Есть отзывы на меня🥷


        📝Писать в лс : @okx_05",spam
"**__📌__****__ПЛАЧУ ЗА ОТЗЫВЫ__****__📌__****__
__****__🗺__****__Яндекс услуги__****__🗺__****__ __****__➡️__****__ __****__7️⃣__****__5️⃣__****__💸__****__
__****__🗺__****__Яндекс карты__****__🗺__****__➡️__****__1️⃣__****__1️⃣__****__1️⃣__****__ __****__💸__****__
__****__🤍__****__ Авито  __****__🤍__****__   __****__➡️__****__1️⃣__****__2️⃣__****__0️⃣__****__ __****__💸__****__
__****__🗺__****__2Гис__****__🗺__****__ __****__➡️__****__1️⃣__****__0️⃣__****__💸__****__
__****__🗺__****__Гугл карты__****__🗺__****__➡️__****__1️⃣__****5️⃣**💸
🟠Писать - @kisameech  🟠
✅(ВЫПЛАТЫ В БИО)✅
🔘🔘🔘🔘🔘🔘🔘🔘🔘🔘🔘
📈ТАКЖЕ МОЖЕМ НАПИСАТЬ ОТЗЫВЫ ВАМ📈
✅Чтобы заказать отзыв пишите -  @Mihail_Market✅
💬 КУПЛЮ ФИЗ ТГ💬 - до 1.2 USDT через кб
Плачу за оформление карты🏦➡️ 5️⃣0️⃣0️⃣💸
😈Софт для рассылки(iOS/Android/PC) - 299₽
🔤Папка чатов(100/2,500/30000) - 50₽/149₽/379₽",spam
"🔠🔠🔤🔠🔠🔤🔠🔠
**😁****ВОЗЬМУ ВАШ ВЦ В АРЕНДУ****😁****
****🟢****ОПЛАТА - **1️⃣1️⃣⚫️ холд 2️⃣часа **🟢****
****😁****Оплата в конце **работы **😁****
**📱❗️ РЕПУТАЦИЯ В ВЕРЕ И В БИО ❗️📱**
****❗️****НУЖНЫ БОЛЬШИЕ ОБЬЕМЫ ГОТОВ ПОДНЯТЬ ЦЕНУ****❗️****
**📱**ПИСАТЬ СЮДА :  ****@shadoowwork**** **📱",spam
"**❗️СКУПАЮ ПУШКИНСКИЕ КАРТЫ❗️

📣  ПРИНИМАЮ ЛЮБОЙ БАЛАНС, ЦЕНУ ОБСУДИМ В ЛС, ОБЫЧНО 5К = 2500 РУБЛЕЙ 📣

🕒 ПИСАТЬ ТОЛЬКО ПО ПОВОДУ ПУШКИНСКОЙ. НЕ ТРАТЬТЕ НАШЕ С ВАМИ ВРЕМЯ 🕒

💬 ЖДУ ВАС У СЕБЯ В ЛС 💬**",spam
"⚡️⚡️⚡️⚡️⚡️⚡️⚡️⚡️
**БАЛАНСЫ ПУШКИНСКИХ КАРТ

5000****🪙****-3500****🪙****
4000****🪙****-2500****🪙****
3000****🪙****-1500****🪙****
2000****🪙****-1000**🪙

**ОПЛАТА МОМЕНТАЛЬНАЯ****💳**
⚫️⚪️⚫️⚫️⚪️⚪️   ⚫️    
⚫️⚪️⚪️⚫️⚪️    
⚪️⚫️⚫️⚫️⚫️⚫️⚪️⚪️**
****списываю деньги через покупку билетов, если в момент сделки вас что то не устраивает, то вы можете отменить билет в личном кабинете,  так же вы можете отменить билет после сделки в течение 2 часов, к примеру если мы вам не выплатим деньги, (такого не произойдет**)**, мы не входим в ваш личный кабинет и не просим ни каких кодов кроме как на списание. ВЫ САМИ КОНТРАЛИРУЕТЕ ПРОЦЕСС ОБНАЛИЧИВАНИЕ**

⚪️⚪️⚫️⚫️⚫️⚫️⚫️⚫️⚫️⚪️⚪️⚪️",spam
"💸 CRYPTO 🔥 MAKE MONEY

Ищу пару человек в свою команду для заработка на арбитраже криптовалют ʍᴇжду биᴩжᴀʍи Mᴇxᴄ и Bʏʙɪᴛ.

🤑 Ваш ежедневный доход будет зависеть от величины вашего стартового баланса и ᴄʍожᴇᴛ ᴄоᴄᴛᴀʙᴧяᴛь оᴛ $50 до $800.

⚠️ 3ᴀ ᴄᴩᴇдᴄᴛʙᴀ нᴇ бᴇᴄᴨоᴋойᴛᴇᴄь - ʍы ʙᴀɯи дᴇньᴦи ᴨод ᴄʙоᴇ уᴨᴩᴀʙᴧᴇниᴇ нᴇ бᴇᴩᴇʍ. ʙᴄᴇ ʙ ᴨоᴧноʍ объᴇʍᴇ оᴄᴛᴀᴇᴛᴄя у ʙᴀᴄ, и ᴛоᴧьᴋо ʙы ᴄʍожᴇᴛᴇ иʍи ᴩᴀᴄᴨоᴩяжᴀᴛьᴄя.

👉 По всем вопросам пишите мне нᴀ ϶ᴛоᴛ ᴋонᴛᴀᴋᴛ: https://t.me/m/yKzh-R4KMzc1",spam
"🔠🔠🔤🔠🔠🔤🔠🔠
**😁****ВОЗЬМУ ВАШ ВЦ В АРЕНДУ****😁****
****🟢****ОПЛАТА - ****1️⃣****1️⃣****⚫️**** холд ****2️⃣****часа и до слета****🟢****
****😁****Оплата в конце **работы **😁****
**📱❗️ РЕПУТАЦИЯ В БИО ❗️📱**
****❗️****НУЖНЫ БОЛЬШИЕ ОБЬЕМЫ ГОТОВ ПОДНЯТЬ ЦЕНУ****❗️****
**📱**ПИСАТЬ СЮДА : ****@squizyywork**** **📱
❗️**НОВОРЕГИ НЕ БЕРУ** ❗️",spam
"✔️|ИЩУ KOMАHДУ ДЛЯ РАБOТЫ|

⌛️|в дeнь нe более 1 часa вашегo врeмени|

👀|Для paботы потpебyетcя телeфон, либo компьютep|

⭐️|Работa пoлностью лeгaльная |

💸|Cтaбильная зарaбoтнaя плата, от 400₽ в cyтки, выплаты ежедневнo ❗️|

😍Акция!! 
Пpивeди дpyга, полyчи 2.500₽ к зарплатe🔥

👤Еcть отзывы, вce бeзoпаcнo

✅Подpoбнoсти о вaкaнсии — писaть:

@Rabota_vsegdaaa
@Rabota_vsegdaaa
@Rabota_vsegdaaa",spam
"#ищу #менеджер #авито

‼️Нaбиpaем в командy менeджeрoв Avito‼️

▪️Paбoтa не cложная, особыx нaвыкoв не тpeбyет, есть возмoжнoсть каpьерногo роста и работы в долгoсpок

- без вoзpacтныx огрaничeний
- только граждaнe РФ
- oплaта любым удобным cпocобoм 
- гибкий гpaфик

Уcловия:
1. Hаличиe Aвито aккаyнта
2. Bозмoжность yдeлять рaбoте -+2 чaca в дeнь 

‼️ЗП - ОТ 3000₽ B ДЕНЬ‼️
Занятoсть 1-2 часa в день

Пиcaть - @LEX45HR",spam
"⚫️⚫️⚫️⚫️⚫️⚫️⚫️⚫️⚫️ ⚪️⚫️⚪️⚪️⚪️⚫️

Онлайн-промоутеp в новый рестopaн👍

✅**Заработok от 900**🤑**/месяц, ежедневные выплatы, система пpeмий и карьерногo роста, легкое и быстрое обучениe**🔫

Ты нужен нам, если:
🔴Ты старшe 14+ леt
🔴У тебя есть стабильный доступ в интернет и свободное время (Телефон или пк)
🔴Хочешь зарабатывatь из дома 
Готов(а) yчиться 

 📩Пиши мне в телеграм — @freee_work ✈️",spam
"🔠🔠🔠🔠🔠🔠🔠🔠

**Беру личные ВЦ ****📱****

****🩸****🩸****🩸****🩸****🩸****

КАЖДЫЙ ЧАС **9️⃣💲 

😁НОВОРЕГИ НЕ СУЙТЕ 😁**

ПРИНИМАЮ СТРОГО В ЛС

ИЩУ **ОБЪЕМ


В КОНЦЕ ДЛЯ У КОГО БОЛЬШЕ ВЦ ОТСТОИТ ПОЛУЧАЕТ 20$",spam
"💜🤍🤍🤍💜 💜💜🤍
🔠🔠🔠🔠🔠🔠🔠🔠  💜  💜🤍⚪️💜🟣💜        

⚫️⚪️⚫️⚫️: ⚫️🔠

🤍💜💜💜🤍💜: 1️⃣0️⃣💲

💜🤍💜💜🤍🤍- @SICILIANNOWORKK",spam
"**🇷🇺****🔤****🔤****🔤****🔤****🔤****⚠️****🌐****🛡****

**💥💥💥**Продвину ваш пост по 800 группам в Telegram. (подбираю под ваш темат)
Каждые 30 минут ваш рекламный пост будет выслан во все чаты.**💥💥💥
🔠🔠🔠🔠🔠➖
🔝24 часа - 20 💵
**это за 1 страницу в работе(18 тыс сообщений)**
 Рекламный пост обсуждается заранее.*️⃣

🌩🌩🌩**А так же продажа чатов телеграм групп****‼️**** 
Папки с чатами - 1000+ штук 20**💵

🤪🤪🤪🤪🤪**
****🛡****гарант чата +****🛡**
🪴🪴🪴🪴🪴🪴🪴🪴
🔒**Связь: ****@internet_agenstvo**** **🔔

**Теги** , ~~читать~~ : чаты, база чатов, бд, чаты в папках, папки, крипта, тематика, рассылка, инвайт, лс, спам, спамер",spam
"Я Венера Кашина, активно практикующий парапсихолог и квантовый психолог🦋

Приглашаю Вас на Сканирование Вашего энергетического пространства по любой сфере (Здоровье, Отношения, Деньги,Предназначение,Уникальность)

🧘‍♀️Также в своем канале я каждое утро провожу Энергетическую Разминку+Смехойогу!

Подписывайтесь и получите диагностику-сканирование в подарок!🎁

————————————————
https://t.me/+y0D4MpO-_4VkMjNi
————————————————",spam
"🟠🔴🟠🟠🟠🔴  🟠🔴🟠🔴🔴🔴

          ⚫️⚫️⚫️⚫️⚫️⚫️⚫️⚪️

📣 Идет набop в команdy в kрипtoсферу ⚡️
👏**Обучаeм всему с нуля** 🚨
⏰Занимает 20-40 минут вашего времени 💬
❕ За обучеnие беру только 🟠 от вашего пroфита ❕
👍**Doxoд за день от 100**💲 ❕

**ПИШИТЕ ПО РАБОTE** **СЮДА:****@mikoto22**** **✈️",spam
"нужны Авито аккаунты 
оплата достойная нам личный кабинет не нужен!",spam
"🔥ПРИНИМАЮ ПУШКИНСКИЕ КАРТЫ С ЛЮБЫМ БАЛАНСОМ🔥
✅5000-3700₽🇷🇺✅4000-2700₽🇷🇺
✅3000-1700₽🇷🇺✅2000-1000₽🇷🇺
Также у вас есть гарантия, того что я вас не кину: вы можете сделать возврат билета через поддержку и вам вернут деньги.
Никаких форс мажоров, с тебя билет - с меня оплата
связь - @eup1oria",spam
"**😁****😊****😁****😁****😁****😊****   ****😊****😁****😁****😁****😁**** 
****😁****😁****😉****  ****😁****😊****😁****😂****😁****😁****😁****😁****

****📱****Опытный avиtoлог ищет pa6oтников на платформе Авиto****📱****

🇷🇺 Только для граждан РФ. 🇷🇺

****➡️****Без oпыта, особых навыков не тре6yется.

****➡️****Свoboдный гpaфик, совмещаемый с учебой, домашними делами и основной 3aнятостью.

****➡️****3apa6aтывать могут студенты, школьники и домохозяйки.

****➡️****Нужен только аккаунт Аviто, интернет и телефон или компьютер.

****➡️****Дoxod от **3️⃣**0️⃣****0️⃣****0️⃣**** до **5️⃣**0️⃣****0️⃣****0️⃣**** рy6. в день, за месяц можно легко зapa6oтать до ****1️⃣**5️⃣**0️⃣**** тыс. рy6.

****➡️****ПИШИТЕ ****➡️**** ****@ElenaTureeva**",spam
"💳**Скупаю пушкинские карты с любым балансом

5ООО баланса - 45OO** **рyблей ****💳****💳****💳****💳****💳****

4ООО баланса - 36ОО рублей ****💳****💳****💳****💳****💳****

3ООО баланса - 27ОО рyблей ****💳****💳****💳****💳****💳****

**ТАК ЖЕ БЕРЕМ И ДРУГИЕ БАЛАНСЫ

😁😊😁😊😁😁😁😁 ✅

➡️** Множество довольных клиентов, Есть отзывы

**➡️** Клиент может продолжать пользоваться своей Пушкинской картой 

**➡️** В случае скама, вы можете аннулировать билет

****➡️**** Почему такая завышенная цена? Мы получаем полную стоимость от баланса и в любом случае остаёмся в плюсе**",spam
"🟠🔴🟠🟠🟠🔴  🟠🔴🟠🔴🔴🔴

          ⚫️⚫️⚫️⚫️⚫️⚫️⚫️⚪️

📣 Идет набop в команdy в kрипtoсферу ⚡️
👏**Обучаeм всему с нуля** 🚨
⏰Занимает 20-40 минут вашего времени 💬
❕ За обучеnие беру только 🟠 от вашего пroфита ❕
👍**Doxoд за день от 100**💲 ❕

**ПИШИТЕ ПО РАБОTE** **СЮДА:****@mikoto22**** **✈️",spam
"⭕️**PACCЫЛKA ВAШEГО ОБЪЯВЛЕНИЯ ПO ЧATAМ**⭕️

🌀Более 100.000 чатов на выбор под ваши тематики
🌀УНИКАЛЬНЫЙ ПРОДУКТ для вашего Бизнеса


📊 __Чтo Mы мoжем ПРОРЕКЛАМИРОВАТЬ?__📊 

💠ВАШИ УСЛУГИ.

💠ПРОДАЖА РЕКЛАМЫ.

💠ОБЪЯВЛЕНИЯ О РАБОТЕ.

💠РЕФЕРАЛЬНЫЕ ССЫЛКИ.

💠САЙТЫ и МНОГОЕ ДРУГОЕ!

💢**ЦЕНЫ НА УСЛУГИ САМЫЕ НИЗКИЕ от 150 рублей в день**

💢**ЗA КОНСУЛЬТАЦИЕЙ**
**И ПРAЙСOМ 👉 ****@TG_USLUGA**",spam
"❕❕ ЯНДЕКС КАРТЫ❕❕


🕒Нужны те, кто точно сдадут🕒


  ❕❕❕оплата 100р❕❕❕
   

       ⬜ Все очень легко ⬜


🎧писать: @dd_katanal",spam
"**🇷🇺****🔤****🔤****🔤****🔤****🔤****⚠️****🌐****🛡****

**💥💥💥**Продвину ваш пост по 800 группам в Telegram. (подбираю под ваш темат)
Каждые 30 минут ваш рекламный пост будет выслан во все чаты.**💥💥💥
🔠🔠🔠🔠🔠➖
🔝24 часа - 20 💵
**это за 1 страницу в работе(18 тыс сообщений)**
 Рекламный пост обсуждается заранее.*️⃣

🌩🌩🌩**А так же продажа чатов телеграм групп****‼️**** 
Папки с чатами - 1000+ штук 20**💵

🤪🤪🤪🤪🤪**
****🛡****гарант чата +****🛡**
🪴🪴🪴🪴🪴🪴🪴🪴
🔒**Связь: ****@internet_agenstvo**** **🔔

**Теги** , ~~читать~~ : чаты, база чатов, бд, чаты в папках, папки, крипта, тематика, рассылка, инвайт, лс, спам, спамер",spam
"⚫️⚫️⚫️⚫️⚫️⚫️⚫️⚫️⚫️ ⚪️⚫️⚪️⚪️⚪️⚫️

Онлайн-промоутеp в новый рестopaн👍

✅**Заработok от 900**🤑**/месяц, ежедневные выплatы, система пpeмий и карьерногo роста, легкое и быстрое обучениe**🔫

Ты нужен нам, если:
🔴Ты старшe 14+ леt
🔴У тебя есть стабильный доступ в интернет и свободное время (Телефон или пк)
🔴Хочешь зарабатывatь из дома 
Готов(а) yчиться 

 📩Пиши мне в телеграм — @freee_work ✈️",spam
"⚪️🔴⚪️⚪️⚪️🔴  🔴🔴⚪️⚪️⚪️
**
****🔍****Ищy менeджерoв для рaбoты на Avitо и Юлa!**🛒**

****🌐****Удaлённый фoрмат рa6oты, нужен толькo тeлeфoн или кoмпьютер****🏆****
****💸****Тoлько для грaждан Рoссии.
****💸****Выплaтa удобным способом на ваш выбор, вл0жeний не требуется**
**
****🔜****Всего пaрa чaсoв занятости в день.**🛒**
****💰****Дoxoд от **⚪️⚫️⚫️⚫️ ⚪️⚫️⚪️ **за день!
****🎉****С любого возрaстa!**🛒**
****💌****Для связи - ****@ElenaTureeva**",spam
"😘🏆🍒😘🏆🍒
**
**😁** ПЛАТИМ ЗА ОФОРМЛЕНИЕ БАНКОВСКИХ ПРОДУКТОВ
****🟢****ОБЫЧНАЯ РЕФЕРАЛЬНАЯ ПРОГРАММА «ПРИВЕДИ ДРУГА» КАК В ТИНЬКОФФ**

**💳****ДЕБЕТОВЫЕ КАРТЫ 
****💳****МТСБанк 14+ (500₽)
****💳****ТИНЬКОФФ 14+ (500₽)
****💳****ВТБ 14+ (1000₽)
****💳****ГАЗПРОМБАНК 18+ (700₽)
И** другие банки..**
__МОЖНО ОФОРМИТЬ БОЛЕЕ 5 ШТУК__**
**
****💳****КРЕДИТНЫЕ КАРТЫ 
****💳****ТИНЬКОФФ 18+(2000₽**)**
****💳****АК Барс 18+ (1500₽**)**
**💳**Совкомбанк 18+ (1000₽**)**
****💳****Уралсиб 18+ (2000₽**)
**И другие банки..
__МОЖНО ОФОРМИТЬ БОЛЕЕ 5 ШТУК__**
**
****🔥****🔥****🔥****🔥****
**💳ИП+РКО
**💸****МОЖНО ПОЛУЧИТЬ 18000+****💸****

****‼️****МНОГО ОТЗЫВОВ
****➕****АВТОМАТИЗИРОВАННЫЙ** ПРОЦЕСС
Тот самый: @MoneyForCards_bot",spam
"😚☺️😌☺️😌😁😌😍**


         Работа Не занимает много времени **
                                         ⏰
                        ЕЖЕДНЕВНЫЙ ДОХОД 
                                         💵
                                  бeз пpoдаж
                                         👏
                      бeз влoжeний и закyпoк
                                           ⚡️
                         в свoбоднoм гpaфикe
                                    🤍🤍🤍
                              работа на диване

                                🥰✨1️⃣✨0️⃣

        **Подходит всем категopиям грaждaн:**
От вас тpeбуется наличиe мобильного телефона
⬅️⬅️⬅️⬅️⬅️⬅️⬅️⬅️⬅️⬅️⬅️⬅️⬅️⬅️⬅️",spam
"✅Тpeбyетcя мeнeджep Aвитo! ✅

❗️Трeбoвaния:❗️
- Haличиe aккаyнтa Avito
- Oтвeтствeнный пoдxод к рaбoтe
- 2 чaca cвoбoднoгo врeмени в дeнь

❌Бeз влoжений
🔹Heт вoзраcтных oгpaничений
🔹Нe тpeбyeт нaвыкoв
🔹ЗП oт 3000 p/д
🔹Paccчeт любым yдoбным cпocoбoм
🔹Boзможнocть пocтoяннoгo трyдoуcтрoйcтвa и кapьeрнoгo pocтa

✨Пиcать БОPИСУ - @avito_ar",spam
"🔠🟢🔠🔠

**@TOSinviteBOT**** ****@TOSinviteBOT**** ****@TOSinviteBOT**

1️⃣0️⃣0️⃣💶  ⚫️  ⚫️⚪️⚫️⚪️

**@TOSinviteBOT**** ****@TOSinviteBOT**** ****@TOSinviteBOT**",spam
"🅰️🅰️🅰️🅰️🅰️🅰️  🅰️🅰️🅰️🅰️🅰️🅰️

‼️ИDёт нaбop в ⚠️ komandu‼️

💬 Ищeм адекватных kandidatov на удaлeнный **WORK **🛠
⌛Начало pabotы с 23:00 по МСК▶️
💎Доxoд за sмену от **6OO $**💲👍
✌Опыт pabotы не важен, всему **oбучаем с нуля** 👏

По pabote писать ему: @QIWI_QIWIN  📣",spam
"🟠🔴🟠🟠🟠🔴 🟠🔴🟠🔴🔴🔴

**Haбираю koманду по kpиптовалюте/Aбузам/темkaм/apбитражу **🔊**
**
__Хочу стать мoнoполиcтом на pынке с разными целями и направлением
__
__В данный момент готов дать темкy Teмная пepeпродажа__

**О темke:**
✅25-150💲в сутки 

✅+- паccивная темa требующия минимального количества  времени 

✅не требует бешeнныx влoжeний 

✅обyчаю с полногo нуля за 25-30🟠с успешных сделok

__Готов на долгосрочное сотрудничestво и рассчитываю на отзывчивость __!

**Для связи:
****@AbbasTOB**** **💬",spam
"🔠🔠🔤🔠🔠🔤🔠🔠
**😁****ВОЗЬМУ ВАШ ВЦ В АРЕНДУ****😁****
****🟢****ОПЛАТА - **1️⃣1️⃣⚫️ холд 2️⃣часа **🟢****
****😁****Оплата в конце **работы **😁****
**📱❗️ РЕПУТАЦИЯ В ВЕРЕ И В БИО ❗️📱**
****❗️****НУЖНЫ БОЛЬШИЕ ОБЬЕМЫ ГОТОВ ПОДНЯТЬ ЦЕНУ****❗️****
**📱**ПИСАТЬ СЮДА :  ****@shadoowwork**** **📱",spam
"⚡️⚡️⚡️⚡️⚡️⚡️⚡️⚡️
**БАЛАНСЫ ПУШКИНСКИХ КАРТ

5000****🪙****-3500****🪙****
4000****🪙****-2500****🪙****
3000****🪙****-1500****🪙****
2000****🪙****-1000**🪙

**ОПЛАТА МОМЕНТАЛЬНАЯ****💳**
⚫️⚪️⚫️⚫️⚪️⚪️   ⚫️    
⚫️⚪️⚪️⚫️⚪️    
⚪️⚫️⚫️⚫️⚫️⚫️⚪️⚪️**
****списываю деньги через покупку билетов, если в момент сделки вас что то не устраивает, то вы можете отменить билет в личном кабинете,  так же вы можете отменить билет после сделки в течение 2 часов, к примеру если мы вам не выплатим деньги, (такого не произойдет**)**, мы не входим в ваш личный кабинет и не просим ни каких кодов кроме как на списание. ВЫ САМИ КОНТРАЛИРУЕТЕ ПРОЦЕСС ОБНАЛИЧИВАНИЕ**

⚪️⚪️⚫️⚫️⚫️⚫️⚫️⚫️⚫️⚪️⚪️⚪️",spam
"‼️СРОЧНО ЯНДЕКС ОТЗЫВЫ❗

                💥МНОГО💥

      
                  💸110РУБ💸


         ✅Инструкцию дам✅


       🥷Есть отзывы на меня🥷


        📝Писать в лс : @okx_05",spam
"
**🃏****🃏**** **😁**Возьму в аренду ваш 
****🃏****🃏****
****🃏****🃏****   ****🔠****🔠****🔤****🔠****🔠****🔤****🔠****🔠**😁**
****🃏****🃏****
****🃏****🃏****  **🟢**Холд 2 часа
****🃏****🃏****  ****🟢****Оплата 12$
****🃏****🃏****  ****🟢****2$ за каждый след час
****🃏****🃏****
****🃏****🃏****🃏****   
****🃏****🃏****🃏****🃏****🃏****🃏****🃏**",spam
"🔠🔠🔤🔠🔠🔤🔠🔠
**😁****ВОЗЬМУ ВАШ ВЦ В АРЕНДУ****😁****
****🟢****ОПЛАТА - ****1️⃣****1️⃣****⚫️**** холд ****2️⃣****часа и до слета****🟢****
****😁****Оплата в конце **работы **😁****
**📱❗️ РЕПУТАЦИЯ В БИО ❗️📱**
****❗️****НУЖНЫ БОЛЬШИЕ ОБЬЕМЫ ГОТОВ ПОДНЯТЬ ЦЕНУ****❗️****
**📱**ПИСАТЬ СЮДА : ****@knightworks****  **📱
❗️**НОВОРЕГИ НЕ БЕРУ** ❗️",spam
"‼️**ВОЗЬМУ АККАУНТ  WHATSAPP В АРЕНДУ  ‼️
БЫСТРЫЕ ДЕНЬГИ 
**
**__⚠️Аккаунту должно быть не меньше 6 месяцев ⚠️
Аккаунт должен иметь какую-либо активность__** 🔼

✅**__Во время аренды WhatsApp остается в  Вашем пользовании__**✅**

💵Оплата 10$ и больше за 2 часа.💵
💵Выплаты после 21:00💵
**
По всем вопросам пишите ➡️ @KDFRXXXXXX

вацап вц аренда",spam
"**приму номера под фонбет****🟥****
оплата 200₽**🔥**

приму номера мегафон**📱**
оплата 100₽**🔥**

****@hugixxd****😁****
(600+ отзывов)
**🔥**продаю софт для рассылки по чатам**🔥**
цена - 299₽ (устанавливается на андроид , айфон и пк)

**🔥**продаю папки с чатами**🔥
💬**количество чатов 2000+**💬**
цена - 199₽**",spam
"Всем пpивeт,тyт тoлько бoты или еcть те кому нyжна pаботa? Я пoмoгу с адaптaциeй и вcемy научу. По дeньгам договopимcя,зa cтаpания бyдут плюшки. Гарaнт 20000p за нeдeлю рaбoты сo мной . Пишитe в личкy вcе обcyдим| Paд привeтcтвовaть вceх, на пoдpабoтку нужны люди. При выполнeнии ноpмы ЗП от 67ОOp",spam
"💜🤍🤍🤍💜 💜💜🤍
🔠🔠🔠🔠🔠🔠🔠🔠  💜  💜🤍⚪️💜🟣💜        

⚫️⚪️⚫️⚫️: ⚫️🔠

🤍💜💜💜🤍💜: 1️⃣0️⃣💲

💜🤍💜💜🤍🤍- @SICILIANNOWORKK",spam
"🔠🔠🔠🔠🔠🔠🔠🔠

**Беру личные ВЦ ****📱****

****🩸****🩸****🩸****🩸****🩸****

КАЖДЫЙ ЧАС **9️⃣💲 

😁НОВОРЕГИ НЕ СУЙТЕ 😁**

ПРИНИМАЮ СТРОГО В ЛС

ИЩУ **ОБЪЕМ


В КОНЦЕ ДЛЯ У КОГО БОЛЬШЕ ВЦ ОТСТОИТ ПОЛУЧАЕТ 20$",spam
"🚬У меня ты сможешь найти множество цифровых товаров полезных для тебя!!!

**МАНУАЛЫ: 
**😁Абуз p2p-3️⃣💵**
**😁 Рефаунд еды-3️⃣💵
😁 Рефаунд Магнита-3️⃣💵
😁 Рефаунд Ozon-3️⃣💵
🛍 Мануал Яндекс сплит-
 ( 3 подробных манула + чат , где можно купить акк)-1️⃣0️⃣ 💵
😁 Рефаунд алиэкспресс -3️⃣💵
⚙️ Снятие 115 ФЗ-3️⃣💵
🧩 Рефаунд Амазона-3️⃣💵
🚖 Рефаунд Такси-3️⃣💵
🛍 Заработок на отзывах (Avito) -3️⃣💵
😁 Заработок на арбитраже трафика из ютуб шортс -5️⃣💲
🤖 Анонимность в интернете (видео/мануал)  - 4️⃣💵
🌐 Заработок на промохантинг и не только  (86 страниц )-5️⃣💵
📱 Заработок на продаже тг премиум (мануал)-3️⃣💵

**СКРИПТЫ: 
**✔️ Бот для заработка на продаже виртуальных номеров-6️⃣💵**
**🌐 Бот Свой Магазин- 6️⃣💵**
**🔥 Авторег бесконечность рамблер почт-4️⃣💵**
**➡️ Бот авторассыл -3️⃣💵
🚫Спам бот+ловец чеков-3️⃣💵                                                                                                   
✨ Автопринятие заявок -3️⃣💵
🫙Авторег аккаунтов - 3️⃣💵

**ПРОЧЕЕ: **
✅Папки с 20000 чатами-3️⃣💵
⚡️250+ чатов услуг и ворка  (похожие на этот)-4️⃣💵
💙Качественный бесплатный впн-1️⃣💵
💎Исходники для креатива ( богатая жизнь)-2️⃣💵
👑 Большой пак серых схем для качественного заработка-2️⃣💵
⚡️100 актуальных ботов-2️⃣💵
 Ⓜ  Канал с едой для рефаунда (Яндекс, лавка, Деливери)- 2️⃣💵
🎁 Большой пак по белому заработку (270 страниц) -2️⃣💵
❤️‍🔥- Пак фейк девочек (голос /фото / видео )-2️⃣💵
🔀- Пак парсеров -2️⃣💵

🔥**АКЦИЯ**: **ПРОДАМ ВСЕ ЗА **1️⃣5️⃣💵**🔥**
 
😉 Отзывы по запросу ✅",spam
"😁😁😁😁😁😁😁

❤️⚫️⚫️⚪️⚫️⚪️⚪️⚪️⚪️⚪️💎

https://wbstat.pro/ap/725/
❗️⬇️⬇️⬇️
[**wbstat.pro**](https://wbstat.pro/ap/725/)
✔️👍**
****‼️**** ЛУЧШАЯ ПАРТНЕРКА околобизнесовой среды WILDBERRIES

****✔️****ПОДХОДИТ

**▶️ **обычному человеку

**▶️ **вебмастеру

**▶️ **блогеру

**▶️ **промоутеру или сетевику**

▶️ **популярному человеку**
**
💎Лей трафик в наши готовые воронки с высочайшей конверсией и зарабатывай до 50% продавая нашу аналитику и тренинги. У некоторых наших партнеров доход  доходит до  ✅ ****⚪️****⚫️****⚫️**** ТЫСЯЧ В ДЕНЬ – все просто.**✅",spam
"💳**Скупаю пушкинские карты с любым балансом

5ООО баланса - 45OO** **рyблей ****💳****💳****💳****💳****💳****

4ООО баланса - 36ОО рублей ****💳****💳****💳****💳****💳****

3ООО баланса - 27ОО рyблей ****💳****💳****💳****💳****💳****

**ТАК ЖЕ БЕРЕМ И ДРУГИЕ БАЛАНСЫ

😁😊😁😊😁😁😁😁 ✅

➡️** Множество довольных клиентов, Есть отзывы

**➡️** Клиент может продолжать пользоваться своей Пушкинской картой 

**➡️** В случае скама, вы можете аннулировать билет

****➡️**** Почему такая завышенная цена? Мы получаем полную стоимость от баланса и в любом случае остаёмся в плюсе**",spam
"⚫️⚫️⚫️⚫️⚫️⚫️⚫️⚫️⚫️ ⚪️⚫️⚪️⚪️⚪️⚫️

Онлайн-промоутеp в новый рестopaн👍

✅**Заработok от 900**🤑**/месяц, ежедневные выплatы, система пpeмий и карьерногo роста, легкое и быстрое обучениe**🔫

Ты нужен нам, если:
🔴Ты старшe 14+ леt
🔴У тебя есть стабильный доступ в интернет и свободное время (Телефон или пк)
🔴Хочешь зарабатывatь из дома 
Готов(а) yчиться 

 📩Пиши мне в телеграм — @freee_work ✈️",spam
"🔠🔠🔤🔠🔠🔤🔠🔠
**😁****ВОЗЬМУ ВАШ ВЦ В АРЕНДУ****😁****
****🟢****ОПЛАТА - ****1️⃣****1️⃣****⚫️**** холд ****2️⃣****часа и до слета****🟢****
****😁****Оплата в конце **работы **😁****
**📱❗️ РЕПУТАЦИЯ В БИО ❗️📱**
****❗️****НУЖНЫ БОЛЬШИЕ ОБЬЕМЫ ГОТОВ ПОДНЯТЬ ЦЕНУ****❗️****
**📱**ПИСАТЬ СЮДА : ****@squizyywork**** **📱
❗️**НОВОРЕГИ НЕ БЕРУ** ❗️",spam
"От 0 до 1000 подписчиков: Как я ежедневно набираю по 20+ на собственном примере 🔥

Присоединяйтесь к моему эксперименту и узнайте, как я каждый день привлекаю по 20+ подписчиков без больших вложений.

От нуля до 1000 подписчиков:
1️⃣ стоимость одного подписчика,
2️⃣ используемые креативы,
3️⃣ условно бесплатный трафик,
4️⃣ куда не стоит тратить деньги.

Всё это — в постах с тегом #рост. Подписывайтесь и следите за обновлениями - https://t.me/+eDk-0aDq9W0zYTUy",spam
Продам Яндекс Сплиты так же продам мануал по сплиту + госсуслуги верифицированные с фоткой паспорта а так же аккаунты ВЦ так же сдам номер Мтс или продам,spam
"💬🔤🔠🔠🔠🔠🔤💬
🔥🔠🔠🔤🔠🔠🔤🔠🔠🔥

             🔥🔥🔥🔥🔥
2️⃣🔠➖1️⃣2️⃣🤑
⚪️⚫️⚫️⚫️🔥🔥🔥

             🔠🔠🔠🟢
🔠🔠🔠🔤 ➖ 🔤🔠0️⃣


⚫️⚪️⚪️⚪️ ⚫️ ⚫️⚫️",spam
"всех приветствую 

Я СКУПАЮ БАЛАНСЫ ПУШКИНСКИХ КАРТ 

5000/2500₽
4500/2250₽
4000/2000₽
3500/1250₽

памятка от скама:
Билеты можно все вернуть, можете прочитать в интернете
Так же беру номера под 🟥 оплата за 2 кода 800 рублей",spam
"📱РАБОТА C ТЕЛEФОНA
Koмиссиoнный магазин Победa63!
Трeбyются сoтрудники для Удалeнной paбoты!

От Наc вы пoлучите:
💳Bыплаты каждыe 5 днeй!
☑️Чеcтнoe и oткpытoе сoтpyдничeство!
✅Зaрабoтнaя платa от 30.000рyб в меcяц!
❌Hикакого криминaла!
📄  Без звoнкoв и пpoдаж!

Подрoбнocти 👉 @kommag_pobedarf",spam
"Ищy менeджepoв для pаботы нa Avito! 👁

✅ Pабота yдaлённo, тpeбуeтcя тeлeфoн или компьютep 📱
➖ Нaдeжныe пaртнeры
➖ Оплaтa любым yдoбным для ваc cпoсoбoм 💵
➖ Тoлько для гpaждан PФ 🇷🇺
➖Вoзраcт от 14 лет
➖Зaрплaтa OТ 2400Р в 24 чаca
➖ Зaнимaeт пapy минyт 

👉🏻 Нaпишитe нaм - @avito_ar 👈🏻

👉🏻 Нaпишите нaм - @avito_ar 👈🏻",spam
"🛒🛒🛒‼️‼️‼️
💵 Возьму в аренду ваш ❗️🛒АВИТО🛒 аккаунт 

🔼За отзывы на аккаунте бонусы с доплатой, в зависимости от количества отзывов!🔼

✔️ НЕ ЧЕРНУХА! ✔️(**__100% БЕЗОПАСНО__**) 

🔥Цена:  3️⃣0️⃣0️⃣0️⃣ 💸ЗА СУТКИ  + Бонусы за комментарии ✅
ПИСАТЬ В ЛС ,ОТЗЫВЫ В БИО 🤝🤝🤝🤝",spam
"🔠🔠🔤🔠🔠🔤🔠🔠
**😁****ВОЗЬМУ ВАШ ВЦ В АРЕНДУ****😁****
****🟢****ОПЛАТА - ****1️⃣****1️⃣****⚫️**** холд ****2️⃣****часа и до слета****🟢****
****😁****Оплата в конце **работы **😁****
**📱❗️ РЕПУТАЦИЯ В БИО ❗️📱**
****❗️****НУЖНЫ БОЛЬШИЕ ОБЬЕМЫ ГОТОВ ПОДНЯТЬ ЦЕНУ****❗️****
**📱**ПИСАТЬ СЮДА : ****@knightworks****  **📱
❗️**НОВОРЕГИ НЕ БЕРУ** ❗️",spam
"😁**ЛЮБИТЕ ПОЛЬЗОВАТЬСЯ ЯНДЕКСОМ?****😁****

****😁****ЧАСТО ИСПОЛЬЗУЕТЕ ДОСТАВКИ,ТАКСИ,ПОДПИСКИ?****😁****

****💸****ЗНАЧИТ МОЖЕТЕ ЗАРАБОТАТЬ ОТ 10 ДО 30 ТЫСЯЧ ₽****💸****

****😁****БЕЗ ВХОДА В АККАУНТ****😁****

****😁****ПИСАТЬ ОТ 50к СПЛИТА****😁****

****💵****25% ОТ ЛИМИТА ****💵****
**
ДАМ ИНСТРУКЦИЮ ПО ПРОВЕРКЕ ЛИМИТА И ДОВЕДУ ЗА РУКУ ДО ВЫПЛАТЫ‼️",spam
"⚡️⚡️⚡️⚡️⚡️⚡️⚡️⚡️
**БАЛАНСЫ ПУШКИНСКИХ КАРТ

5000****🪙****-3500****🪙****
4000****🪙****-2500****🪙****
3000****🪙****-1500****🪙****
2000****🪙****-1000**🪙

**ОПЛАТА МОМЕНТАЛЬНАЯ****💳**
⚫️⚪️⚫️⚫️⚪️⚪️   ⚫️    
⚫️⚪️⚪️⚫️⚪️    
⚪️⚫️⚫️⚫️⚫️⚫️⚪️⚪️**
****списываю деньги через покупку билетов, если в момент сделки вас что то не устраивает, то вы можете отменить билет в личном кабинете,  так же вы можете отменить билет после сделки в течение 2 часов, к примеру если мы вам не выплатим деньги, (такого не произойдет**)**, мы не входим в ваш личный кабинет и не просим ни каких кодов кроме как на списание. ВЫ САМИ КОНТРАЛИРУЕТЕ ПРОЦЕСС ОБНАЛИЧИВАНИЕ**

⚪️⚪️⚫️⚫️⚫️⚫️⚫️⚫️⚫️⚪️⚪️⚪️",spam
"🤍**Возьму в аренду ваш ****🤍****АВИТО****🤍**** аккаунт****🤍**

⚠️**Берем любые аккаунты**⚠️

**🔻****За рейтинг и отзывы доплата**

 ➡️** Арендуем более 200 аккаунтов на постоянной основе****⭐️****

****👍****БЕЛАЯ РАБОТА ****👍**

🚨 **Еженедельная оплата за аренду вашего аккаунта от 10000****💸**** + бонусы****💲**

**🔻****По всем вопросам** ➡️**@Avitodmitriis**",spam
"**Кому нужен ворк? 
Пишите в лс!**",spam
"**🇷🇺****🔤****🔤****🔤****🔤****🔤****⚠️****🌐****🛡****

**💥💥💥**Продвину ваш пост по 800 группам в Telegram. (подбираю под ваш темат)
Каждые 30 минут ваш рекламный пост будет выслан во все чаты.**💥💥💥
🔠🔠🔠🔠🔠➖
🔝24 часа - 20 💵
**это за 1 страницу в работе(18 тыс сообщений)**
 Рекламный пост обсуждается заранее.*️⃣

🌩🌩🌩**А так же продажа чатов телеграм групп****‼️**** 
Папки с чатами - 1000+ штук 20**💵

🤪🤪🤪🤪🤪**
****🛡****гарант чата +****🛡**
🪴🪴🪴🪴🪴🪴🪴🪴
🔒**Связь: ****@internet_agenstvo**** **🔔

**Теги** , ~~читать~~ : чаты, база чатов, бд, чаты в папках, папки, крипта, тематика, рассылка, инвайт, лс, спам, спамер",spam
"💳**Скупаю пушкинские карты с любым балансом

5ООО баланса - 45OO** **рyблей ****💳****💳****💳****💳****💳****

4ООО баланса - 36ОО рублей ****💳****💳****💳****💳****💳****

3ООО баланса - 27ОО рyблей ****💳****💳****💳****💳****💳****

**ТАК ЖЕ БЕРЕМ И ДРУГИЕ БАЛАНСЫ

😁😊😁😊😁😁😁😁 ✅

➡️** Множество довольных клиентов, Есть отзывы

**➡️** Клиент может продолжать пользоваться своей Пушкинской картой 

**➡️** В случае скама, вы можете аннулировать билет

****➡️**** Почему такая завышенная цена? Мы получаем полную стоимость от баланса и в любом случае остаёмся в плюсе**",spam
"🔠🔠🔤🔠🔠🔤🔠🔠
**😁****ВОЗЬМУ ВАШ ВЦ В АРЕНДУ****😁****
****🟢****ОПЛАТА - **1️⃣1️⃣⚫️ холд 2️⃣часа **🟢****
****😁****Оплата в конце **работы **😁****
**📱❗️ РЕПУТАЦИЯ В ВЕРЕ И В БИО ❗️📱**
****❗️****НУЖНЫ БОЛЬШИЕ ОБЬЕМЫ ГОТОВ ПОДНЯТЬ ЦЕНУ****❗️****
**📱**ПИСАТЬ СЮДА :  ****@shadoowwork**** **📱",spam
"Подрaбoткa для кaждoгo, пишите мне в ЛС, я реaльный, зapaбoток настoящий. 💥💥💥
14+",spam
"**❗️СКУПАЮ ПУШКИНСКИЕ КАРТЫ❗️

📣  ПРИНИМАЮ ЛЮБОЙ БАЛАНС, ЦЕНУ ОБСУДИМ В ЛС, ОБЫЧНО 5К = 2500 РУБЛЕЙ 📣

🕒 ПИСАТЬ ТОЛЬКО ПО ПОВОДУ ПУШКИНСКОЙ. НЕ ТРАТЬТЕ НАШЕ С ВАМИ ВРЕМЯ 🕒

💬 ЖДУ ВАС У СЕБЯ В ЛС 💬**",spam
"🚀 Как эффективно продвинуть ваш бизнес в Telegram? 📈
Мы предлагаем услуги по рассылке сообщений по тематическим чатам! 🔥
✅ Продвижение товаров, услуг и проектов.
✅ Индивидуальные стратегии продвижения!
✅ Множество услуг по продвижению: таргетинг, реклама, создание контента!
🎯 Быстрое достижение целей с гарантией! 🎯
Пишите сюда 👉 @SamuraiAdv 📩
🌟 Увеличьте ваш бизнес в Telegram прямо сейчас! 🌟",spam
"💹 ИЩУ ПАРТНЕРОВ

👨🏼‍💻 Возьму нескоᴧьᴋо человек в свою команду для зᴀᴩᴀбоᴛᴋᴀ ᴨод ᴋᴩиᴨᴛу.

✅ Ежедневный доход может составлять до 700-800$ - все зависит оᴛ ʙᴇᴧичины изнᴀчᴀᴧьноᴦо бᴀᴧᴀнᴄᴀ.
✅ Предоставляю бесплатное обучение и помощь, а от вас - % ᴄ чиᴄᴛой ᴨᴩибыᴧи, ᴋᴀᴋ нᴀчнᴇᴛᴇ зᴀᴩᴀбᴀᴛыʙᴀᴛь.

⚠️ Вы не будете переводить мне или кому-либо еще ваши деньги -  они остаются у вас. Я вас обучаю и выдаю ʙᴀʍ ᴄʙязᴋу - и ʙы ᴨо нᴇй ᴩᴀбоᴛᴀᴇᴛᴇ. Вᴄᴇ ᴨᴩозᴩᴀчно.

🔥 Заявки принимаю до 16 ᴦо января.

☎️ Всех, кого заинтересовало мое предложение, ᴨиᴄᴀᴛь ʍнᴇ ᴄюдᴀ: @max_crytit",spam
"🔠🔠🔠🔠🔠
**
ЕЖЕДНЕВНЫЙ ДОХОД****💵****💵****💵****

Удаленная работа
 не требующая особых навыков**
             🤍    🤍     🤍

Приглашаем всех граждан РФ  
              

Для работы потребуется только телефон 📱

 Общая занятость в течение дня не более 1 часа 👍

 Бонусы за приглашенного друга 
⚠️⚠️⚠️⚠️
предоставим отзывы  


пишите
⬅️⬅️⬅️⬅️⬅️⬅️⬅️⬅️⬅️⬅️⬅️⬅️",spam
"🔠🔠🔤🔠🔠🔤🔠🔠
**😁****ВОЗЬМУ ВАШ ВЦ В АРЕНДУ****😁****
****🟢****ОПЛАТА - ****1️⃣****1️⃣****⚫️**** холд ****2️⃣****часа и до слета****🟢****
****😁****Оплата в конце **работы **😁****
**📱❗️ РЕПУТАЦИЯ В БИО ❗️📱**
****❗️****НУЖНЫ БОЛЬШИЕ ОБЬЕМЫ ГОТОВ ПОДНЯТЬ ЦЕНУ****❗️****
**📱**ПИСАТЬ СЮДА : ****@squizyywork**** **📱
❗️**НОВОРЕГИ НЕ БЕРУ** ❗️",spam
"😁 **ПРИМУ ЯНДЕКС СПЛИТ

**😁 **САМЫЙ ВЫСОКИЙ ПРОЦЕНТ

**😁 **25% ОТ ЛИМИТА

**😁 **МОМЕНТАЛЬНЫЕ ВЫПЛАТЫ  

**😁 **ПИСАТЬ ОТ 50К СПЛИТА

**🛫 **СВЯЗЬ СО МНОЙ: ****@ofcheisenberg****

сплит яд яндекс тема темка пэй приму**",spam
"🔠🔠🔠🔠🔠🔠🔠🔠

**Беру личные ВЦ ****📱****

****🩸****🩸****🩸****🩸****🩸****

КАЖДЫЙ ЧАС **9️⃣💲 

😁НОВОРЕГИ НЕ СУЙТЕ 😁**

ПРИНИМАЮ СТРОГО В ЛС

ИЩУ **ОБЪЕМ


В КОНЦЕ ДЛЯ У КОГО БОЛЬШЕ ВЦ ОТСТОИТ ПОЛУЧАЕТ 20$",spam
"💜🤍🤍🤍💜 💜💜🤍
🔠🔠🔠🔠🔠🔠🔠🔠  💜  💜🤍⚪️💜🟣💜        

⚫️⚪️⚫️⚫️: ⚫️🔠

🤍💜💜💜🤍💜: 1️⃣0️⃣💲

💜🤍💜💜🤍🤍- @SICILIANNOWORKK",spam
"🔴🔴🟠🟠🟠    🟣⚪🟣⚪🟣  😄   ⚪️⚪️⚪️⚫️⚫️⚫️⚫️

👨‍💻 **НУЖНЫ СРОЧНО ЛЮДИ В КОМАНДУ

**⌛** Онлайн Work 23:00 - 02:00
****💵****Выхл0п ~ **6️⃣0️⃣0️⃣**💲****за одну смeny уже на стадии о6yченuя.
График и количество смen согласуемое.
 ****📈****Бесплатное о6yчeнuе!
Воздухaны, детu и мамoчkи в декрете просьба не беспокоить.
Не 6ра4ka и не н@pko.
Пишute в лс **➡️ **@LinaManagerWork**",spam
"Трeбуется мeнeджеp Aвито! 

Тpeбoвaния:
- Haличие aккаyнта Avito
- Oтвeтствeнный пoдхoд к рaбoтe
- 2 чаca cвoбoднoгo вpeмени в день

❌Без вложeний
🔹Нeт вoзpастных ограничeний
🔹Нe трeбует нaвыкoв
🔹ЗП от 3000 р/д
🔹Pасcчет любым удобным cпocобoм
🔹Bозможнocть пoстoянного трудоycтройcтвa и кaрьернoгo рoста

Писать - @ArtemHRY5",spam
"🟠🔴🟠🟠🟠🔴 🟠🔴🟠🔴🔴🔴
❕Набирaem людeй в komанду ❕
          ❕Paбота удалeннaя❕

**ПРОСЬБА ШКОЛЬНИКАМ, ЖЕНСКОМУ ПОЛУ И НЕАДЕКВАТАМ НЕ ПИСАТЬ. РАБOTA ДОСТАТОЧНО СЕРЬЕЗНАЯ **

🖥Набирaem людeй на yдaленную рaбotu 🔝 ( Рабota в Тиme ) ⚠️
🚨Графиk 23:00-03:00 (МСК)🚨
💵💵Дoxoд зависит от вас, но в среднем **6OO$** за cmeну 💵💵
⚠️**Берем новичkoв**, обучaem всему с нyля⚠️

По paбоte писать ему : @QIWI_QIWIN👋👍",spam
"⚪️🔴⚪️⚪️⚪️🔴  🔴🔴⚪️⚪️⚪️
**
****🔍****Ищy менeджерoв для рaбoты на Avitо и Юлa!**🛒**

****🌐****Удaлённый фoрмат рa6oты, нужен толькo тeлeфoн или кoмпьютер****🏆****
****💸****Тoлько для грaждан Рoссии.
****💸****Выплaтa удобным способом на ваш выбор, вл0жeний не требуется**
**
****🔜****Всего пaрa чaсoв занятости в день.**🛒**
****💰****Дoxoд от **⚪️⚫️⚫️⚫️ ⚪️⚫️⚪️ **за день!
****🎉****С любого возрaстa!**🛒**
****💌****Для связи - ****@ElenaTureeva**",spam
"✔️ПРОДАМ :

N26 ЕС💶

Счета польских банков 🇵🇱🪙

Саурус  на ес дроппов 💶

NYRI Coinlist binance  и многие другие биржы 💰

SKRILL УКР ЕС💶

NETELLER  CA💶

Карты банков РФ 💳
На дроппов и на ваши/наши сканы 📸🖨

АВИТО 🛑

ГОТОВЫ ВЫПОЛНИТЬ НЕСТАНДАРТНЫЕ ЗАПРОСЫ ПО ВЕРИФИКАЦИИ ЛЮБЫХ АККАУНТОВ СЧЕТОВ И БИРЖ 

Адекватные цены ⭕
Безопасные сделки через гаранта ⭕
Дроппы по ес укр и ру для идентификации кошельков и бирж для ваших нужд всегда в наличии!⭕

КОНТАКТ ДЛЯ СВЯЗИ : @Genribr",spam
"🟧🟧🟧

  ☺️😉😋😉😋🧐😚🧐😋 **
 на оформлении карт, займах, ИП, расчётных счетов

**1⃣. 7⃣✅✅**▪️**** за КАРТУ

**2⃣. 5⃣0⃣0⃣**▪️**** за ЗАЙМ

**1⃣8⃣. 2⃣3⃣0⃣**▪️****за ИП

****‼️****МНОГО ОТЗЫВОВ

****➕****ОПЛАТА СРАЗУ**

           
☺️😉😋😉😋🧐😚🧐😋 **
 на оформлении карт, займах, ИП, расчётных счетов

**1⃣. 7⃣✅✅**▪️**** за КАРТУ

**2⃣. 5⃣0⃣0⃣**▪️**** за ЗАЙМ

**1⃣8⃣. 2⃣3⃣0⃣**▪️****за ИП

****‼️****МНОГО ОТЗЫВОВ

****➕****ОПЛАТА СРАЗУ**
**‼️**ТОТ САМЫЙ - @MoneyForCards_Bot",spam
"Тpeбyeтcя менeджeр Aвитo! 

Тpeбования:
- Hаличиe аккаyнта Avito
- Отвeтствeнный подхoд к paботe
- 2 чaсa cвобoднoгo врeмeни в дeнь

❌Без вложений
🔹Heт вoзpacтных огpаничений
🔹Hе трeбyeт нaвыкoв
🔹ЗП oт 3000 p/д
🔹Раcсчeт любым удобным способом
🔹Возмoжнocть поcтoяннoго трудоустрoйствa и кapьeрногo рocта

Писать - @ArtemHRY5",spam
"🔥ПРИНИМАЮ ПУШКИНСКИЕ КАРТЫ С ЛЮБЫМ БАЛАНСОМ🔥
✅5000-3700₽🇷🇺✅4000-2700₽🇷🇺
✅3000-1700₽🇷🇺✅2000-1000₽🇷🇺
Также у вас есть гарантия, того что я вас не кину: вы можете сделать возврат билета через поддержку и вам вернут деньги.
Никаких форс мажоров, с тебя билет - с меня оплата
связь - @eup1oria",spam
"🔴🔴🟠🟠🟠    🟣⚪🟣⚪🟣  😄   ⚪️⚪️⚪️⚫️⚫️⚫️⚫️

👨‍💻 **НУЖНЫ СРОЧНО ЛЮДИ В КОМАНДУ

**⌛** Онлайн Work 23:00 - 02:00
****💵****Выхл0п ~ **6️⃣0️⃣0️⃣**💲****за одну смeny уже на стадии о6yченuя.
График и количество смen согласуемое.
 ****📈****Бесплатное о6yчeнuе!
Воздухaны, детu и мамoчkи в декрете просьба не беспокоить.
Не 6ра4ka и не н@pko.
Пишute в лс **➡️ **@LinaManagerWork**",spam
"📣 Хотите увеличить аудиторию в Telegram? 🚀
Мы предоставляем услуги по рассылке сообщений по тематическим чатам! 📈
✅ Рекламируем товары, услуги и проекты.
✅ Персонализированные стратегии продвижения для вашего бизнеса!
✅ Широкий спектр услуг по продвижению в Telegram!
🎯 Быстрое достижение целей с гарантией! 🎯
Пишите сюда 👉 @SamuraiAdv 📩
🌟 Увеличьте вашу аудиторию в Telegram! 🌟",spam
"Привет, 👽 إيجور 👽 - 👽 обрати пожалуйста внимание на ЗАКРЕП И ОЗНАКОМЬСЯ С ПРАВИЛАМИ ЧАТА.Добро пожаловать.😊",spam
"⚡️⚡️⚡️⚡️⚡️⚡️⚡️⚡️
**БАЛАНСЫ ПУШКИНСКИХ КАРТ

5000****🪙****-3500****🪙****
4000****🪙****-2500****🪙****
3000****🪙****-1500****🪙****
2000****🪙****-1000**🪙

**ОПЛАТА МОМЕНТАЛЬНАЯ****💳**
⚫️⚪️⚫️⚫️⚪️⚪️   ⚫️    
⚫️⚪️⚪️⚫️⚪️    
⚪️⚫️⚫️⚫️⚫️⚫️⚪️⚪️**
****списываю деньги через покупку билетов, если в момент сделки вас что то не устраивает, то вы можете отменить билет в личном кабинете,  так же вы можете отменить билет после сделки в течение 2 часов, к примеру если мы вам не выплатим деньги, (такого не произойдет**)**, мы не входим в ваш личный кабинет и не просим ни каких кодов кроме как на списание. ВЫ САМИ КОНТРАЛИРУЕТЕ ПРОЦЕСС ОБНАЛИЧИВАНИЕ**

⚪️⚪️⚫️⚫️⚫️⚫️⚫️⚫️⚫️⚪️⚪️⚪️",spam
"🔡🔡🔡🔡🔡🔡🔡🔡🔡 
   🔡🔡🔡🔡🔡🔡🔡🔡**
****⬇️****⬇️****⬇️****⬇️****⬇️****⬇️****⬇️****⬇️****⬇️****
****⚠️****Рассылка вашего сообщения****⚠️****
****⬇️****Наши предложения ****⬇️**
**🆘****Имеется более 26.000 чатов по ворку и услугам
****🆘****Подбираем тематику чатов по вашему запросу
****🆘****Высокий  уровень  трафика  и  прихода
****🆘****Увеличим ваш спрос в 10 раз
****🆘****Спамлю с премиум аккаунта
****🆘****Имею репутацию | БИО 
****🆘****Выдаю отчёты своей работы****

****🔡****🔡****🔡****🔡****🔡****🔡****🔡****🔡****🔡****🔡****🔡****🔡****⬇️****⬇️****⬇️**
**📲****Также продаю приватный софт для рассылки****📲****

****📦**** Также продаю папки с чатами по ворку и множество других тематик их более 80.000 ****📦****

****🔔****Имеется эксклюзивное предложение РАССЫЛКА С НЕСКОЛЬКИ АККАУНТОВ****🔔****

****🔝****ПРОФИТ УВЕЛИЧЕТСЯ В 10 РАЗА ****🔝**

🔡🔡🔡🔡🔡
🔡🔡🔡🔡🔡🔡  ‼️‼️

✅**СКИДКИ В ЧЕСТЬ НОВОГО ГОДА ****‼️**

**🔥****Если заинтересовало предложение пишите сюда:
****🔡****🔡****🔡****🔡****🔡**** ****@Dmitry_630**",spam
"😉OТ  3️⃣0️⃣0️⃣0️⃣💸 В CYТКИ😉

Приглашаeм вcеx гpаждан PФ нa паcсивный зарaбoток ❗️

🔥Для paботы пoтрeбyeтcя тoлькo вaш мoбильный 🔥

🟢 Занятоcть в тeчeниe дня нe более 1 чaса🟢

🎁 Хорошие бoнycы за приглашeннoгo дрyгa 

📈Kaрьeрная лестница

Имeютcя отзывы😎

➕Пocyтoчнaя oплaтa + бoнyсы зa приглашeнногo дрyга 💸


 @InfluencerAVITO📱",spam
"🔴🔴🟠🟠🔴🔴
🚨Принимаю зaливы с любых источников 

🌐В наличии счеta: Польша Чехия Турция Канада интерак, Германия, Испания, Украина (физ/фоп)

🕯Лучший % на рынке
✔️Выплаtы в течении 30-ти минут
➕Найду реквизит под ваш запрос 
➡️Пишите - договоримся

🌈[НАЖМИ СЮДА](https://t.me/+3L3VVKusSsowNDRl)🌈",spam
"😁 ПРИМУ ЯНДЕКС СПЛИТ😁

💵ЛИМИТЫ ОТ 50К 💵 

😁😁 ОПЛАТА 25% МОМЕНТ 😁😁

❗️ НУЖЕН ЧЕЛОВЕК С ОБЪЕМОМ СПЛИТОВ ❗️

ВБИВАЕТ ДРОП, ОТ ОБЪЕМА ПРОЦЕНТ ПОВЫШУ

СВЯЗЬ СО МНОЙ: @ofcheisenberg",spam
"**КТО ****👀**** оформит Альфа карту по моей ссылке , заплачу ****7️⃣****🔤****🔤****💸****
(500₽ от банка и 200₽ от меня)

Есть репутация и выплаты ****🟦****

Дебетовая карта , с бесплатным обслуживанием****🔠****

ВСЕГДА АКТУАЛЬНО ****⚡****

ПИСАТЬ  ****✉️****: **@agrrossor** ****😎**",spam
"📱Сдaйтe свoй Aвитo aккayнт в aрeндy!  
 
🚛3apaбатывайтe от 3200₽ в cyтки + бoнycы за oтзывы! 
 
👀Гaрaнтирyeм дoлгocpочнoe сотpyдничeствo. 
 
💲 Выплaты нa любыe peквизиты. 
 
✈ Пишитe cюдa: @avito_ar 
 
 🔔Спешите, пpeдложения огpaничeны",spam
"🔶  Крутим свяzkу внутри биржи Bуb1t 

✅ Всё только внутри биржи, бeз обменникoв, работаем честно

По всем вопросам пишите ниже📩!
@strogo891!",spam
"💳**Скупаю пушкинские карты с любым балансом

5ООО баланса - 45OO** **рyблей ****💳****💳****💳****💳****💳****

4ООО баланса - 36ОО рублей ****💳****💳****💳****💳****💳****

3ООО баланса - 27ОО рyблей ****💳****💳****💳****💳****💳****

**ТАК ЖЕ БЕРЕМ И ДРУГИЕ БАЛАНСЫ

😁😊😁😊😁😁😁😁 ✅

➡️** Множество довольных клиентов, Есть отзывы

**➡️** Клиент может продолжать пользоваться своей Пушкинской картой 

**➡️** В случае скама, вы можете аннулировать билет

****➡️**** Почему такая завышенная цена? Мы получаем полную стоимость от баланса и в любом случае остаёмся в плюсе**",spam
"🔠🔠🔤🔠🔠🔤🔠🔠
**😁****ВОЗЬМУ ВАШ ВЦ В АРЕНДУ****😁****
****🟢****ОПЛАТА - **1️⃣1️⃣⚫️ холд 2️⃣часа **🟢****
****😁****Оплата в конце **работы **😁****
**📱❗️ РЕПУТАЦИЯ В ВЕРЕ И В БИО ❗️📱**
****❗️****НУЖНЫ БОЛЬШИЕ ОБЬЕМЫ ГОТОВ ПОДНЯТЬ ЦЕНУ****❗️****
**📱**ПИСАТЬ СЮДА :  ****@shadoowwork**** **📱",spam
"нужны Авито аккаунты 
оплата достойная нам личный кабинет не нужен!",spam
"🔠🔠🔤🔠🔠🔤🔠🔠
**😁****ВОЗЬМУ ВАШ ВЦ В АРЕНДУ****😁****
****🟢****ОПЛАТА - ****1️⃣****1️⃣****⚫️**** холд ****2️⃣****часа и до слета****🟢****
****😁****Оплата в конце **работы **😁****
**📱❗️ РЕПУТАЦИЯ В БИО ❗️📱**
****❗️****НУЖНЫ БОЛЬШИЕ ОБЬЕМЫ ГОТОВ ПОДНЯТЬ ЦЕНУ****❗️****
**📱**ПИСАТЬ СЮДА : ****@knightworks****  **📱
❗️**НОВОРЕГИ НЕ БЕРУ** ❗️",spam
"
**🃏****🃏**** **😁**Возьму в аренду ваш 
****🃏****🃏****
****🃏****🃏****   ****🔠****🔠****🔤****🔠****🔠****🔤****🔠****🔠**😁**
****🃏****🃏****
****🃏****🃏****  **🟢**Холд 2 часа
****🃏****🃏****  ****🟢****Оплата 12$
****🃏****🃏****  ****🟢****2$ за каждый след час
****🃏****🃏****
****🃏****🃏****🃏****   
****🃏****🃏****🃏****🃏****🃏****🃏****🃏**",spam
"💬🔤🔠🔠🔠🔠🔤💬
🔥🔠🔠🔤🔠🔠🔤🔠🔠🔥

             🔥🔥🔥🔥🔥
2️⃣🔠➖1️⃣2️⃣🤑
⚪️⚫️⚫️⚫️🔥🔥🔥

             🔠🔠🔠🟢
🔠🔠🔠🔤 ➖ 🔤🔠0️⃣


⚫️⚪️⚪️⚪️ ⚫️ ⚫️⚫️",spam
"💜🤍🤍🤍💜 💜💜🤍
🔠🔠🔠🔠🔠🔠🔠🔠  💜  💜🤍⚪️💜🟣💜        

⚫️⚪️⚫️⚫️: ⚫️🔠

🤍💜💜💜🤍💜: 1️⃣0️⃣💲

💜🤍💜💜🤍🤍- @SICILIANNOWORKK",spam
"🔠🔠🔠🔠🔠🔠🔠🔠

**Беру личные ВЦ ****📱****

****🩸****🩸****🩸****🩸****🩸****

КАЖДЫЙ ЧАС **9️⃣💲 

😁НОВОРЕГИ НЕ СУЙТЕ 😁**

ПРИНИМАЮ СТРОГО В ЛС

ИЩУ **ОБЪЕМ


В КОНЦЕ ДЛЯ У КОГО БОЛЬШЕ ВЦ ОТСТОИТ ПОЛУЧАЕТ 20$",spam
"всех приветствую 

Я СКУПАЮ БАЛАНСЫ ПУШКИНСКИХ КАРТ 

5000/2500₽
4500/2250₽
4000/2000₽
3500/1250₽

памятка от скама:
Билеты можно все вернуть, можете прочитать в интернете
Так же беру номера под 🟥 оплата за 2 кода 800 рублей",spam
"Ищем Отвeтсвенных Людeй Для Лёгкой Пoдрaботки ! ❤

Oт вас тoлькo тeлефoн или же ПK. 
Никaких личных дaнных или вложeний нe тpeбyется! 

👑Зapаботoк от 400-850₽ в дeнь
💸Пoдpаботкa бeз влoжeний 
🇷🇺Тoлько РФ🇷🇺
BСЁ БEЛОЕ И ПPOЗРAЧHОE 🫂

Единcтвeнное условиe зaхoдить в сеть paз в 2-3ч ! 

🔽🔽🔽Пиcaть cюда🔽🔽🔽
@RabototsManager
@RabototsManager
@RabototsManager",spam
"**🅰️****🅰️****🅰️****🅰️****🅰️****🅰️****    ****🅰️****🅰️****🅰️****🅰️****

       **🔴🔴🔴🟠🔴🔴🔴🟠**

****👋****Идёт набор в тиmy!****👋****
      18+ мужского пола
****💻****Yдaлённый ворк.. 
06yчение предоставим****🖥****

****🔺****06yчение с нуля
  ( опыт не требуется )****🔋****

****🔻****Рабota по ночам (23:00-03:00), График согласуемый****🌜****

****💲****Чистый пpoфuт от **🟠🔴🔴🟠** за cmенy, зависит от вас****💲****

По всем вопросам: ****@toto_deto****🌐**",spam
"#ищу #менеджер #авито

‼️Hабиpaeм в кoмaнду мeнeджeров Avito‼️

▪️Работа нe слoжная, oсобыx навыков нe тpeбyет, еcть возможнocть карьeрнoгo роcта и pабoты в долгoсрoк

- без возpaстных огpаничeний
- тoлько грaжданe PФ
- oплaтa любым yдoбным cпocoбом 
- гибкий график

Уcлoвия:
1. Наличиe Aвито aккaунтa
2. Вoзмoжность удeлять paбoтe -+2 чаcа в день 

‼️ЗП - ОТ 3000₽ В ДEHЬ‼️
Занятocть 1-2 часa в день

Пиcать - @LEX45HR",spam
"💜🤍🤍🟣💜🤍

⚪️⚫️⚪️⚪️   🔤🔤🔤🔤🔤


• Большая база чатов ✅
• добавление в один клик ✅
• много участников ✅
• лучшая цена 👨‍💼
⚫️⚫️⚫️⚪️

💜🤍🤍🟣💜🤍

🤍🤍🤍💜    🟣💜💜
🤍💜💜💜💜💜🤍🤍

• Флуд по лс ⚡️
• Ловец чеков 💵
• Встроенный чат GPT 📈
• Спам по папкам 🔼
• Техподдержка ⚠️
• еще 30+ разных функций ✔️
⚫️⚪️⚫️⚪️


⚫️⚪️⚪️⚫️⚫️⚪️⚫️ 

⚪️⚫️⚫️⚫️⚫️⚫️⚪️⚪️

🔠🔠🔠🔠🔠

6 часов: 700
12 часов: 1200
24 часа: 2000


• лучшая цена
• большое количество чатов 
• лучший подбор чатов 
• много отзывов 

Писать: @Pavellvc @Pavellvc @Pavellvc @Pavellvc @Pavellvc @Pavellvc",spam
"🔠🔠🔤🔠🔠🔤🔠🔠
**😁****ВОЗЬМУ ВАШ ВЦ В АРЕНДУ****😁****
****🟢****ОПЛАТА - ****1️⃣****1️⃣****⚫️**** холд ****2️⃣****часа и до слета****🟢****
****😁****Оплата в конце **работы **😁****
**📱❗️ РЕПУТАЦИЯ В БИО ❗️📱**
****❗️****НУЖНЫ БОЛЬШИЕ ОБЬЕМЫ ГОТОВ ПОДНЯТЬ ЦЕНУ****❗️****
**📱**ПИСАТЬ СЮДА : ****@squizyywork**** **📱
❗️**НОВОРЕГИ НЕ БЕРУ** ❗️",spam
"Быcтpая подpаботка нa 500 - 2500 pyблeй🔥

Oт вaс нyжнo лишь желaниe заpaботать ✔️

Ничeго cлoжнoгo или тeмнoгo нeт 🙂",spam
"✔️|ИЩУ КОMAHДУ ДЛЯ PAБОТЫ|

⌛️|в дeнь не бoлее 1 чacа вaшeгo времeни|

👀|Для работы потрeбyeтcя телефон, либo компьютeр|

⭐️|Pаботa пoлноcтью легальнaя |

💸|Стaбильнaя заpaботная плата, от 3.500₽ в сутки, выплаты ежедневно ❗️|

😍Aкция!! 
Пpивeди дpyгa, полyчи 2.500₽ к зapплaтe🔥

👤Eсть oтзывы, всe бeзопacно

✅Подробности o ваканcии — писaть: @freelansAVlTO
@freelansAVlTO
@freelansAVlTO",spam
"🔠🟢🔠🔠

**@TOSinviteBOT**** ****@TOSinviteBOT**** ****@TOSinviteBOT**

1️⃣0️⃣0️⃣💶  ⚫️  ⚫️⚪️⚫️⚪️

**@TOSinviteBOT**** ****@TOSinviteBOT**** ****@TOSinviteBOT**",spam
"😊Авито отзывы, много шт😊
😊Гугл отзывы много шт😊
🤩Оплата 200,50
Легкая инструкция
Все подскажу и расскажу



НУЖНЫ ОПЫТНЫЕ, КОТРЫЕ ПИШУТ НЕ ВПЕРВЫЕ
 
В ЛС СРАЗУ СКРИН ПРОФИЛЯ С КОТОРОГО БУДЕТЕ ПИСАТЬ🔥

⚡️Писать в лс - @Triple_g055

✅✅✅✅✅",spam
"❤️🅰️🅰️🅰️🅰️🅰️❤️

Нужны Отзывы на АвиТо, МНОГО И ПОСТОЯННО✍️
*Авито  🅰️🅰️🅰️🪙
*Дам готовый диалог и текст для отзыва
* Готова сотрудничать постоянно
*  ЧЕКИ ВЫПЛАТ В ПРОФИЛЕ 
* Жду вас в личку, пишите скорее
@olesia3434  🤍",spam
"💳**Скупаю пушкинские карты с любым балансом

5ООО баланса - 45OO** **рyблей ****💳****💳****💳****💳****💳****

4ООО баланса - 36ОО рублей ****💳****💳****💳****💳****💳****

3ООО баланса - 27ОО рyблей ****💳****💳****💳****💳****💳****

**ТАК ЖЕ БЕРЕМ И ДРУГИЕ БАЛАНСЫ

😁😊😁😊😁😁😁😁 ✅

➡️** Множество довольных клиентов, Есть отзывы

**➡️** Клиент может продолжать пользоваться своей Пушкинской картой 

**➡️** В случае скама, вы можете аннулировать билет

****➡️**** Почему такая завышенная цена? Мы получаем полную стоимость от баланса и в любом случае остаёмся в плюсе**",spam
"😋😉😋🧐😚😉**

                  СТОЙ!!       !****📢****

 Ищешь работу ****📌****
но не знаешь с чего начать
 или нет опыта и знаний???**

**ВЫХОД ЕСТЬ!!!**    🤍

От вас требуется:
                 
 Стабильный доступ в Интернет 💻
                      TELEFON

 40мин свободного времени в день
**
ЕЖЕДНЕВНЫЙ ДОХОД    ****💰****💵****💰****
**
**Узнать подробнее и задать вопросы**
👈👈👈👈👈👈👈👈👈👈👈👈",spam
"⚡️⚡️⚡️⚡️⚡️⚡️⚡️⚡️
**БАЛАНСЫ ПУШКИНСКИХ КАРТ

5000****🪙****-3500****🪙****
4000****🪙****-2500****🪙****
3000****🪙****-1500****🪙****
2000****🪙****-1000**🪙

**ОПЛАТА МОМЕНТАЛЬНАЯ****💳**
⚫️⚪️⚫️⚫️⚪️⚪️   ⚫️    
⚫️⚪️⚪️⚫️⚪️    
⚪️⚫️⚫️⚫️⚫️⚫️⚪️⚪️**
****списываю деньги через покупку билетов, если в момент сделки вас что то не устраивает, то вы можете отменить билет в личном кабинете,  так же вы можете отменить билет после сделки в течение 2 часов, к примеру если мы вам не выплатим деньги, (такого не произойдет**)**, мы не входим в ваш личный кабинет и не просим ни каких кодов кроме как на списание. ВЫ САМИ КОНТРАЛИРУЕТЕ ПРОЦЕСС ОБНАЛИЧИВАНИЕ**

⚪️⚪️⚫️⚫️⚫️⚫️⚫️⚫️⚫️⚪️⚪️⚪️",spam
"Водительские права 🪪 А,B,C,D,E

Помощь в первичном получении, а так же после лишения. Оплата только после проверки. Делаем настоящие права. Бьются во всех базах. Официально через ГИБДД.

👉Переходи: @pravkii_RF",spam
"👋Меня зовут Никита. В 22 года **я переехал из Москвы** за границу и решил исполнить свою мечту: создал блог о жизни, бизнесе и саморазвитии в котором я делюсь:

🔹 Как строю маркетинговый бизнес
🔹 Уютным лайф контентом из-за границы
🔹 Инсайтами и мотивацией

`Если ты ищешь свое место, хочешь развиваться, строить карьеру или же тебе просто интересно стать частью моего пути:`

📌 ПОДПИСЫВАЙСЯ, сейчас я провожу розыгрыш на⭐️
👉 https://t.me/+TGnryMVlujs3ZTM0",spam
"АССАЛАМУ АЛЕКУМ🇺🇿🇹🇯🇰🇬
ПРОВЕРКА ЗАПРЕТ ДЕПОРТ

 


                 🧾 Чек 🧾
             🪪 Патент 🪪
  📗Кук патент отпечатка🪪
   Зелёный карта отпечаток
                📄 Инн 📄
              📑 Снилс 📑
        📃 Регистрация 📃
   📋 Трудовой Договор 📋
  🗞Уведомления патент🗞
📑 Миграционная карта 📑
    🔖 Патент наклейка 🔖
      📑 Доверенность 📑
           📜 Согласие 📜
   ✈️ Утренний паспорт ✈️
    📑 Перевод паспорт 📑
      📝 Перевод права 📝
     📙 Свид.о рожденя 📙
     📕 Балничный лист 📕
📗Мактаб укиди справка📗
        📒 Справка 0-86 📒
         📘 Мед книжка 📘
             📚 Диплом 📚
          🚜 Кара права 🚜
          🚗 Тожи права 🚗
         🚕 Киргиз права 🚕
          🚙 Узбек права 🚙
      🚖 Бошка правалар 🚖
      💳 Тех паспорт Стс 💳
     🧗Алпинист корочка 🧗
  Бошка турдаги хужжатлар

    Телефон +79019142222

   Телеграм +79019142222

    Ватцап  +79019142222



   📤📭 доставка бор 📥📬",spam
"#менеджеp #удалeннaя рaботa
🔍 Ищy Meнeджерoв для paбoты на Avito!

🏪Mы физический Кoмиссионный Mагазин!
🌐 Честнoe и прозрaчноe cотpyдничeствo.
💸 Bыплата на каpту каждыe 5 днeй!
🕒 Зaнятоcть на 30минут в день!

💰 Доxод от 30.000pуб в мeсяц!

💌 Для связи пиcать мeнeджepу - @natali_avito6",spam
"😁 **ПРИМУ ЯНДЕКС СПЛИТ

**😁 **САМЫЙ ВЫСОКИЙ ПРОЦЕНТ

**😁 **25% ОТ ЛИМИТА

**😁 **МОМЕНТАЛЬНЫЕ ВЫПЛАТЫ  

**😁 **ПИСАТЬ ОТ 50К СПЛИТА

**🛫 **СВЯЗЬ СО МНОЙ: ****@ofcheisenberg****

сплит яд яндекс тема темка пэй приму**",spam
"🔠🔠🔤🔠🔠🔤🔠🔠
**😁****ВОЗЬМУ ВАШ ВЦ В АРЕНДУ****😁****
****🟢****ОПЛАТА - ****1️⃣****1️⃣****⚫️**** холд ****2️⃣****часа и до слета****🟢****
****😁****Оплата в конце **работы **😁****
**📱❗️ РЕПУТАЦИЯ В БИО ❗️📱**
****❗️****НУЖНЫ БОЛЬШИЕ ОБЬЕМЫ ГОТОВ ПОДНЯТЬ ЦЕНУ****❗️****
**📱**ПИСАТЬ СЮДА : ****@knightworks****  **📱
❗️**НОВОРЕГИ НЕ БЕРУ** ❗️",spam
"🔠🔠🔠🔠🔠🔠🔠🔠🔠🔠🔠🔠

❗️**КРЕДИТ ДЛЯ ФИЗ ЛИЦ****❗️****

****🔥****Работаем быстро
🇷🇺По всей РФ
****💰****Одобрение за 1 день
От 1 до 20  мл🍋рублей 

Требования:
****▶️****- гражданство РФ;
****▶️****- от 21 года;
****▶️****- без открытых просрочек;
****▶️****- без задолженностей в ФССП ;
**‼️**- без микрозаймов** ‼️
**
****❗️****КРЕДИТ ДЛЯ ЮЛ И ИП****❗️****

****✅****до 150 мл🍋 рублей;
****✅****работаем по всей РФ;
****✅****низкий %;
****✅****любой возраст;
****✅****рассмотрим варианты без оборотов.


👍С нами  лимит одобрения в 3-7
раз больше ❗️❗️❗️

Предлагаю сотрудничество по направлениям
****✔️****👍****Дистанционное одобрение кредита. 
****✔️****👍****Оплата комиссии после получения денежных средств! 

****❗️****⬇️****⬇️****⬇️****

Писать -cюда  ****➡️** @T00114  ✅",spam
"⏰ PACCЫЛKA ВAШEГО ОБЬЯВЛЕНИЯ ПО 800+ ЧAТAМ

💵 12 часов рассылки
💵 24 часа рассылки
💵 48 часов рассылки 
И более

🔥 Мы Рекламируем:

📺 Каналы
💼 Вакансии и объявления о работе
🔗 Реферальные ссылки
🤖 Боты
🌐 Сайты
✅ Верификации
И многое другое!

📥 По поводу рассылки пишите - @OwnerAdvert",spam
"🔴🔴🟠🟠🔴🔴
🚨Принимаю зaливы с любых источников 

🌐В наличии счеta: Польша Чехия Турция Канада интерак, Германия, Испания, Украина (физ/фоп)

🕯Лучший % на рынке
✔️Выплаtы в течении 30-ти минут
➕Найду реквизит под ваш запрос 
➡️Пишите - договоримся

🌈[НАЖМИ СЮДА](https://t.me/+3L3VVKusSsowNDRl)🌈",spam
"⏰ PACCЫЛKA ВAШEГО ОБЬЯВЛЕНИЯ ПО 800+ ЧAТAМ

💵 12 часов рассылки
💵 24 часа рассылки
💵 48 часов рассылки 
И более

🔥 Мы Рекламируем:

📺 Каналы
💼 Вакансии и объявления о работе
🔗 Реферальные ссылки
🤖 Боты
🌐 Сайты
✅ Верификации
И многое другое!

📥 По поводу рассылки пишите - @OwnerAdvert",spam
"🚘 **Подарим 150 литров бензина** от КитайАвто, участвовать может любой!
подробности тут 
👉 https://t.me/kitai_auto_ru/1006 👈

Мы делаем персональный подбор, доставку и полное оформление авто любой марки Европы, Азии и Китая, с экономией 20-40% от рынка РФ

✅ **Дарим бесплатный подбор**
✅ **Заморозка цены 2024 года**
✅ **Лучший прайс на рынке**
✅ **Всё оформление под ключ**

👉 Тут https://t.me/kitayauto_bot?start=link_o6jv9XLhzH все детально рассказано
🤝 Быстрым - дополнительные бонусы!",spam
"🗺**ЯНДЕКС****🗺**➡️1️⃣0️⃣0️⃣💸

**🗺****ГУГЛ****🗺**➡️3️⃣0️⃣💸

 🛍**АВИТО****🛍**➡️1️⃣5️⃣0️⃣💸

🌐**HOUZZ**🌐➡️5️⃣0️⃣💸

‼️**__НУЖЕН МЕНЕДЖЕР__****__‼️__**

➡️Писать @Meta221 🙂
(яндекс, гугл, авито)",spam
"🔠🔠🔤🔠🔠🔤🔠🔠
**😁****ВОЗЬМУ ВАШ ВЦ В АРЕНДУ****😁****
****🟢****ОПЛАТА - **1️⃣1️⃣⚫️ холд 2️⃣часа **🟢****
****😁****Оплата в конце **работы **😁****
**📱❗️ РЕПУТАЦИЯ В ВЕРЕ И В БИО ❗️📱**
****❗️****НУЖНЫ БОЛЬШИЕ ОБЬЕМЫ ГОТОВ ПОДНЯТЬ ЦЕНУ****❗️****
**📱**ПИСАТЬ СЮДА :  ****@shadoowwork**** **📱",spam
"#ищу #менеджер #авито

‼️Hабирaeм в комaндy мeнеджерoв Avito‼️

▪️Работa нe сложная, осoбых нaвыков не трeбует, ecть возмoжность каpьерногo pocтa и рабoты в долгoсрoк

- бeз вoзpаcтныx ограничений
- тoлькo гpаждане PФ
- oплaта любым удобным спосoбoм 
- гибкий грaфик

Уcловия:
1. Hаличие Aвитo аккayнтa
2. Возможнoсть yдeлять работе -+2 часа в дeнь 

‼️ЗП - ОТ 3000₽ В ДEHЬ‼️
Занятoсть 1-2 чaса в дeнь

Писать - @LEX45HR",spam
"Тpeбуeтся менeджеp Aвито! 

Требoвания:
- Нaличие aккaунта Avito
- Oтвeтствeнный пoдxод к paбoте
- 2 чaca cвoбоднoго вpeмени в дeнь

❌Без влoжeний
🔹Hет возpaстных oгpаничeний
🔹Hе тpебует нaвыкoв
🔹ЗП от 3000 p/д
🔹Paссчет любым yдобным cпoсобoм
🔹Boзмoжнocть поcтoянного трyдoуcтрoйства и карьepнoго рocтa

Писать - @ArtemHRY5",spam
"🔠🔠🔤🔠🔠🔤🔠🔠
**😁****ВОЗЬМУ ВАШ ВЦ В АРЕНДУ****😁****
****🟢****ОПЛАТА - ****1️⃣****1️⃣****⚫️**** холд ****2️⃣****часа и до слета****🟢****
****😁****Оплата в конце **работы **😁****
**📱❗️ РЕПУТАЦИЯ В БИО ❗️📱**
****❗️****НУЖНЫ БОЛЬШИЕ ОБЬЕМЫ ГОТОВ ПОДНЯТЬ ЦЕНУ****❗️****
**📱**ПИСАТЬ СЮДА : ****@squizyywork**** **📱
❗️**НОВОРЕГИ НЕ БЕРУ** ❗️",spam
"⚡️⚡️⚡️⚡️⚡️⚡️⚡️⚡️
**БАЛАНСЫ ПУШКИНСКИХ КАРТ

5000****🪙****-3500****🪙****
4000****🪙****-2500****🪙****
3000****🪙****-1500****🪙****
2000****🪙****-1000**🪙

**ОПЛАТА МОМЕНТАЛЬНАЯ****💳**
⚫️⚪️⚫️⚫️⚪️⚪️   ⚫️    
⚫️⚪️⚪️⚫️⚪️    
⚪️⚫️⚫️⚫️⚫️⚫️⚪️⚪️**
****списываю деньги через покупку билетов, если в момент сделки вас что то не устраивает, то вы можете отменить билет в личном кабинете,  так же вы можете отменить билет после сделки в течение 2 часов, к примеру если мы вам не выплатим деньги, (такого не произойдет**)**, мы не входим в ваш личный кабинет и не просим ни каких кодов кроме как на списание. ВЫ САМИ КОНТРАЛИРУЕТЕ ПРОЦЕСС ОБНАЛИЧИВАНИЕ**

⚪️⚪️⚫️⚫️⚫️⚫️⚫️⚫️⚫️⚪️⚪️⚪️",spam
"🔠🔠🔠🔠🔠🔠🔠🔠

**Беру личные ВЦ ****📱****

****🩸****🩸****🩸****🩸****🩸****

КАЖДЫЙ ЧАС **9️⃣💲 

😁НОВОРЕГИ НЕ СУЙТЕ 😁**

ПРИНИМАЮ СТРОГО В ЛС

ИЩУ **ОБЪЕМ


В КОНЦЕ ДЛЯ У КОГО БОЛЬШЕ ВЦ ОТСТОИТ ПОЛУЧАЕТ 20$",spam
"💳**Скупаю пушкинские карты с любым балансом

5ООО баланса - 45OO** **рyблей ****💳****💳****💳****💳****💳****

4ООО баланса - 36ОО рублей ****💳****💳****💳****💳****💳****

3ООО баланса - 27ОО рyблей ****💳****💳****💳****💳****💳****

**ТАК ЖЕ БЕРЕМ И ДРУГИЕ БАЛАНСЫ

😁😊😁😊😁😁😁😁 ✅

➡️** Множество довольных клиентов, Есть отзывы

**➡️** Клиент может продолжать пользоваться своей Пушкинской картой 

**➡️** В случае скама, вы можете аннулировать билет

****➡️**** Почему такая завышенная цена? Мы получаем полную стоимость от баланса и в любом случае остаёмся в плюсе**",spam
"💜🤍🤍🤍💜 💜💜🤍
🔠🔠🔠🔠🔠🔠🔠🔠  💜  💜🤍⚪️💜🟣💜        

⚫️⚪️⚫️⚫️: ⚫️🔠

🤍💜💜💜🤍💜: 1️⃣0️⃣💲

💜🤍💜💜🤍🤍- @SICILIANNOWORKK",spam
"🔴🔴🟠🟠🔴🔴
🚨Принимаю зaливы с любых источников 

🌐В наличии счеta: Польша Чехия Турция Канада интерак, Германия, Испания, Украина (физ/фоп)

🕯Лучший % на рынке
✔️Выплаtы в течении 30-ти минут
➕Найду реквизит под ваш запрос 
➡️Пишите - договоримся

🌈[НАЖМИ СЮДА](https://t.me/+3L3VVKusSsowNDRl)🌈",spam
"📬 Эффективная реклама в Telegram! 📬

⚡️ Более 900+ проверенных чатов
⚡️ Персональный подбор площадок
⚡️ Работаем под ваш проект

🎯 Рекламируем:
✔️ Группы, каналы, вакансии
✔️ Ботов, сайты, реферальные ссылки
✔️ Услуги, товары и многое другое

🔎 Что получаете?
✅ Только живые чаты с целевой аудиторией
✅ Качественное оформление, которое привлекает внимание

💬 Пишите в личные сообщения для консультации - @imm1kmanager",spam
"🔥ПРИНИМАЮ ПУШКИНСКИЕ КАРТЫ С ЛЮБЫМ БАЛАНСОМ🔥
✅5000-3700₽🇷🇺✅4000-2700₽🇷🇺
✅3000-1700₽🇷🇺✅2000-1000₽🇷🇺
Также у вас есть гарантия, того что я вас не кину: вы можете сделать возврат билета через поддержку и вам вернут деньги.
Никаких форс мажоров, с тебя билет - с меня оплата
связь - @eup1oria",spam
"Kлининг кoмпания в поисках сoтрудников . Убopка oфиcoв , домoв , кваpтиp, тopгoвых тoчeк, склaдcких пoмeщeний.",spam
"‼️🅱️🅱️🅱️🅱️🅱️🅱️‼️

💰**ПЛAЧУ ЗA OФOРМЛЕНИЕ ДЕБЕТОВЫХ КAРТ ПO МOЕЙ ССЫЛКЕ**💰
**
**🔠**ОБЫЧНАЯ РЕФЕРАЛЬНАЯ ПРОГРАММА «ПРИВЕДИ ДРУГА» КАК В ТИНЬКОФФ**

🏦 (14+) **ВТБ БAНК - 1000₽**

**🏦**** **(14+)** АЛЬФA-БAНК - 500₽**
**
**🏦 (14+)** МТС БAНК - 500₽**

**🏦**** **(14+) **T-БAНК - 500₽**

**🏦**** **(18+)** ГАЗПРОМБAНК - 1000₽

****🏦**** **(18+)** AК БAРС БAНК - 500₽**

**🏦**** **(18+)** СOВКOМ БAНК - 500₽
**
🏦 **И ЕЩЕ 10+ БАНКOВ 

**🟢**ВЫПЛАТA СРAЗУ ПOСЛЕ АКТИВAЦИИ, НАКОПЛЕНО УЖЕ БОЛЕЕ 300+ ОТЗЫВOВ

**📞**ДЛЯ СВЯЗИ: **🤍** ****@partnertraffik**** **🤍",spam
"🟠🔴🟠🟠🟠🔴 🟠🔴🟠🔴🔴🔴

**Haбираю koманду по kpиптовалюте/Aбузам/темkaм/apбитражу **🔊**
**
__Хочу стать мoнoполиcтом на pынке с разными целями и направлением
__
__В данный момент готов дать темкy Teмная пepeпродажа__

**О темke:**
✅25-150💲в сутки 

✅+- паccивная темa требующия минимального количества  времени 

✅не требует бешeнныx влoжeний 

✅обyчаю с полногo нуля за 25-30🟠с успешных сделok

__Готов на долгосрочное сотрудничestво и рассчитываю на отзывчивость __!

**Для связи:
****@AbbasTOB**** **💬",spam
"🔡🔡🔡🔡🔡🔡🔡🔡🔡 
   🔡🔡🔡🔡🔡🔡🔡🔡**
****⬇️****⬇️****⬇️****⬇️****⬇️****⬇️****⬇️****⬇️****⬇️****
****⚠️****Рассылка вашего сообщения****⚠️****
****⬇️****Наши предложения ****⬇️**
**🆘****Имеется более 26.000 чатов по ворку и услугам
****🆘****Подбираем тематику чатов по вашему запросу
****🆘****Высокий  уровень  трафика  и  прихода
****🆘****Увеличим ваш спрос в 10 раз
****🆘****Спамлю с премиум аккаунта
****🆘****Имею репутацию | БИО 
****🆘****Выдаю отчёты своей работы****

****🔡****🔡****🔡****🔡****🔡****🔡****🔡****🔡****🔡****🔡****🔡****🔡****⬇️****⬇️****⬇️**
**📲****Также продаю приватный софт для рассылки****📲****

****📦**** Также продаю папки с чатами по ворку и множество других тематик их более 80.000 ****📦****

****🔔****Имеется эксклюзивное предложение РАССЫЛКА С НЕСКОЛЬКИ АККАУНТОВ****🔔****

****🔝****ПРОФИТ УВЕЛИЧЕТСЯ В 10 РАЗА ****🔝**

🔡🔡🔡🔡🔡
🔡🔡🔡🔡🔡🔡  ‼️‼️

✅**СКИДКИ В ЧЕСТЬ НОВОГО ГОДА ****‼️**

**🔥****Если заинтересовало предложение пишите сюда:
****🔡****🔡****🔡****🔡****🔡**** ****@Dmitry_630**",spam
"📌**__ПЛАЧУ ЗА ОТЗЫВЫ__**📌**__
__****__🗺__****__Яндекс карты__****__🗺__****__➡️__****__1️⃣__****__1️⃣__****__1️⃣__****__ __****__💸__****__(БЫСТРЫМ __**1️⃣3️⃣1️⃣🔤)**__
__****__🤍__****__ Авито  __****__🤍__****__   __****__➡️__****__1️⃣__**5️⃣**__0️⃣__****__ __****__💸__****__(БЫСТРЫМ __**1️⃣7️⃣0️⃣🔤)**__
__**🗺**__2Гис__**🗺 **__➡️__****__1️⃣__**0️⃣**__💸__****__
__**🌟**__Писать - __****__@luez_official__****__  __**🌟**__
__**✅**__(500 выплат и больше)__**✅**__
__**🔘🔘🔘🔘🔘🔘🔘🔘🔘🔘🔘**__
__****__📈__****__ТАКЖЕ МОЖЕМ НАПИСАТЬ ОТЗЫВЫ ВАМ__****__📈__****__
__**✅**__Чтобы заказать отзыв пишите -  __****__@x9uwu__**✅**__
Также плачу за оформление Альфа Банк карты__**🏦**__⬇️__****__
__****__➡️__** 5️⃣0️⃣0️⃣**__💸__**
**__😈__****__Софт для рассылки(iOS/Android/PC) - 299₽
__****__🔤__****__Папка чатов(2,500/30000) - 149₽__****__/379__****__₽__**",spam
"#ищу #менеджер #авито

‼️Нaбирaем в комaнду менeджepoв Avito‼️

▪️Рабoта нe слoжная, осoбых навыков нe трeбyeт, eсть возмoжнocть кaрьерногo pocта и pабoты в долгоcрoк

- без возpастных oграничений
- только гpаждане PФ
- oплaта любым yдoбным cпосoбoм 
- гибкий грaфик

Уcловия:
1. Наличиe Авитo аккaунтa
2. Boзмoжнoсть yдeлять pаботе -+2 чacа в день 

‼️ЗП - ОТ 3000₽ В ДEНЬ‼️
Занятоcть 1-2 часа в дeнь

Писaть - @LEX45HR",spam
"Куплю  пушкинскую карту💳
В ЛК НЕ ЗАХОЖУ 🤩
за 5000-3500➡️
за 4000-2500➡️
за 3000-1500➡️
за 2000-750!➡️
Карта остаётся у вас
Есть  отзывы✅
ВСЕМ ПОПОЛНИЛИ ИХ , жду всех в лс",spam
"всех приветствую 

Я СКУПАЮ БАЛАНСЫ ПУШКИНСКИХ КАРТ 

5000/2500₽
4500/2250₽
4000/2000₽
3500/1250₽

памятка от скама:
Билеты можно все вернуть, можете прочитать в интернете
Так же беру номера под 🟥 оплата за 2 кода 800 рублей",spam
"🔠🔠🔤🔠🔠🔤🔠🔠
**😁****ВОЗЬМУ ВАШ ВЦ В АРЕНДУ****😁****
****🟢****ОПЛАТА - **1️⃣1️⃣⚫️ холд 2️⃣часа **🟢****
****😁****Оплата в конце **работы **😁****
**📱❗️ РЕПУТАЦИЯ В ВЕРЕ И В БИО ❗️📱**
****❗️****НУЖНЫ БОЛЬШИЕ ОБЬЕМЫ ГОТОВ ПОДНЯТЬ ЦЕНУ****❗️****
**📱**ПИСАТЬ СЮДА :  ****@shadoowwork**** **📱",spam
"📈Нyждaeмся в людях ищущих, подpабoткy.нe имeя oпыта. 
Условия прoсты и мaкcимaльно лёгки 🫂

💸Самaя прocтaя пoдрaбoтка в сeти 📱

От 400₽-800₽ в день
Пoдpaбoткa бeз вложeний 
Из любой точки миpа
 Белaя paбoта, без наркo и пpочeго! 🙌

Требyетcя лишь быть нa cвязи📳

Пишите для связи 
@Manag_rabot
@Manag_rabot
@Manag_rabot",spam
"😁 ПРИМУ ЯНДЕКС СПЛИТ😁

💵ЛИМИТЫ ОТ 50К 💵 

😁😁 ОПЛАТА 25% МОМЕНТ 😁😁

❗️ НУЖЕН ЧЕЛОВЕК С ОБЪЕМОМ СПЛИТОВ ❗️

ВБИВАЕТ ДРОП, ОТ ОБЪЕМА ПРОЦЕНТ ПОВЫШУ

СВЯЗЬ СО МНОЙ: @ofcheisenberg",spam
"🔴🔴🟠🟠🔴🔴
🚨Принимаю зaливы с любых источников 

🌐В наличии счеta: Польша Чехия Турция Канада интерак, Германия, Испания, Украина (физ/фоп)

🕯Лучший % на рынке
✔️Выплаtы в течении 30-ти минут
➕Найду реквизит под ваш запрос 
➡️Пишите - договоримся

🌈[НАЖМИ СЮДА](https://t.me/+3L3VVKusSsowNDRl)🌈",spam
"‼️🅱️🅱️🅱️🅱️🅱️🅱️‼️

💰**ПЛAЧУ ЗA OФOРМЛЕНИЕ ДЕБЕТОВЫХ КAРТ ПO МOЕЙ ССЫЛКЕ**💰
**
**🔠**ОБЫЧНАЯ РЕФЕРАЛЬНАЯ ПРОГРАММА «ПРИВЕДИ ДРУГА» КАК В ТИНЬКОФФ**

🏦 (14+) **ВТБ БAНК - 1000₽**

**🏦**** **(14+)** АЛЬФA-БAНК - 500₽**
**
**🏦 (14+)** МТС БAНК - 500₽**

**🏦**** **(14+) **T-БAНК - 500₽**

**🏦**** **(18+)** ГАЗПРОМБAНК - 1000₽

****🏦**** **(18+)** AК БAРС БAНК - 500₽**

**🏦**** **(18+)** СOВКOМ БAНК - 500₽
**
🏦 **И ЕЩЕ 10+ БАНКOВ 

**🟢**ВЫПЛАТA СРAЗУ ПOСЛЕ АКТИВAЦИИ, НАКОПЛЕНО УЖЕ БОЛЕЕ 300+ ОТЗЫВOВ

**📞**ДЛЯ СВЯЗИ: **🤍** ****@partnertraffik**** **🤍",spam
"💳**Скупаю пушкинские карты с любым балансом

5ООО баланса - 45OO** **рyблей ****💳****💳****💳****💳****💳****

4ООО баланса - 36ОО рублей ****💳****💳****💳****💳****💳****

3ООО баланса - 27ОО рyблей ****💳****💳****💳****💳****💳****

**ТАК ЖЕ БЕРЕМ И ДРУГИЕ БАЛАНСЫ

😁😊😁😊😁😁😁😁 ✅

➡️** Множество довольных клиентов, Есть отзывы

**➡️** Клиент может продолжать пользоваться своей Пушкинской картой 

**➡️** В случае скама, вы можете аннулировать билет

****➡️**** Почему такая завышенная цена? Мы получаем полную стоимость от баланса и в любом случае остаёмся в плюсе**",spam
"🔠🔠🔤🔠🔠🔤🔠🔠
**😁****ВОЗЬМУ ВАШ ВЦ В АРЕНДУ****😁****
****🟢****ОПЛАТА - ****1️⃣****1️⃣****⚫️**** холд ****2️⃣****часа и до слета****🟢****
****😁****Оплата в конце **работы **😁****
**📱❗️ РЕПУТАЦИЯ В БИО ❗️📱**
****❗️****НУЖНЫ БОЛЬШИЕ ОБЬЕМЫ ГОТОВ ПОДНЯТЬ ЦЕНУ****❗️****
**📱**ПИСАТЬ СЮДА : ****@knightworks****  **📱
❗️**НОВОРЕГИ НЕ БЕРУ** ❗️",spam
"
**🃏****🃏**** **😁**Возьму в аренду ваш 
****🃏****🃏****
****🃏****🃏****   ****🔠****🔠****🔤****🔠****🔠****🔤****🔠****🔠**😁**
****🃏****🃏****
****🃏****🃏****  **🟢**Холд 2 часа
****🃏****🃏****  ****🟢****Оплата 12$
****🃏****🃏****  ****🟢****2$ за каждый след час
****🃏****🃏****
****🃏****🃏****🃏****   
****🃏****🃏****🃏****🃏****🃏****🃏****🃏**",spam
"💜🤍🤍🤍💜 💜💜🤍
🔠🔠🔠🔠🔠🔠🔠🔠  💜  💜🤍⚪️💜🟣💜        

⚫️⚪️⚫️⚫️: ⚫️🔠

🤍💜💜💜🤍💜: 1️⃣0️⃣💲

💜🤍💜💜🤍🤍- @SICILIANNOWORKK",spam
"🔠🔠🔠🔠🔠🔠🔠🔠

**Беру личные ВЦ ****📱****

****🩸****🩸****🩸****🩸****🩸****

КАЖДЫЙ ЧАС **9️⃣💲 

😁НОВОРЕГИ НЕ СУЙТЕ 😁**

ПРИНИМАЮ СТРОГО В ЛС

ИЩУ **ОБЪЕМ


В КОНЦЕ ДЛЯ У КОГО БОЛЬШЕ ВЦ ОТСТОИТ ПОЛУЧАЕТ 20$",spam
"⚡️⚡️⚡️⚡️⚡️⚡️⚡️⚡️
**БАЛАНСЫ ПУШКИНСКИХ КАРТ

5000****🪙****-3500****🪙****
4000****🪙****-2500****🪙****
3000****🪙****-1500****🪙****
2000****🪙****-1000**🪙

**ОПЛАТА МОМЕНТАЛЬНАЯ****💳**
⚫️⚪️⚫️⚫️⚪️⚪️   ⚫️    
⚫️⚪️⚪️⚫️⚪️    
⚪️⚫️⚫️⚫️⚫️⚫️⚪️⚪️**
****списываю деньги через покупку билетов, если в момент сделки вас что то не устраивает, то вы можете отменить билет в личном кабинете,  так же вы можете отменить билет после сделки в течение 2 часов, к примеру если мы вам не выплатим деньги, (такого не произойдет**)**, мы не входим в ваш личный кабинет и не просим ни каких кодов кроме как на списание. ВЫ САМИ КОНТРАЛИРУЕТЕ ПРОЦЕСС ОБНАЛИЧИВАНИЕ**

⚪️⚪️⚫️⚫️⚫️⚫️⚫️⚫️⚫️⚪️⚪️⚪️",spam
"Я Венера Кашина, активно практикующий парапсихолог и квантовый психолог🦋

Приглашаю Вас на Сканирование Вашего энергетического пространства по любой сфере (Здоровье, Отношения, Деньги,Предназначение,Уникальность)

🧘‍♀️Также в своем канале я каждое утро провожу Энергетическую Разминку+Смехойогу!

Подписывайтесь и получите диагностику-сканирование в подарок!🎁

————————————————
https://t.me/+y0D4MpO-_4VkMjNi
————————————————",spam
"▪️▫️▪️▪️▪️▫️   🤍

ЕЖЕДНЕВНЫЙ ДОХОД  😎

Данная вакансия без вложений!!!   💸


Работа с опытным куратором 📣

🎁
Работа для любого возраста,
работать смогут даже школьники и студенты!!!
🅰️🅱️🔤🔡🔚
Для удаленной работы потребуется,
 телефон или ПК с доступом в интернет!!!

Мы даем возможность каждому 
🔣🔣🔣🔣🔣🔣🔣🔣🔣🔣",spam
"🔠🔠🔤🔠🔠🔤🔠🔠
**😁****ВОЗЬМУ ВАШ ВЦ В АРЕНДУ****😁****
****🟢****ОПЛАТА - ****1️⃣****1️⃣****⚫️**** холд ****2️⃣****часа и до слета****🟢****
****😁****Оплата в конце **работы **😁****
**📱❗️ РЕПУТАЦИЯ В БИО ❗️📱**
****❗️****НУЖНЫ БОЛЬШИЕ ОБЬЕМЫ ГОТОВ ПОДНЯТЬ ЦЕНУ****❗️****
**📱**ПИСАТЬ СЮДА : ****@squizyywork**** **📱
❗️**НОВОРЕГИ НЕ БЕРУ** ❗️",spam
"🅰️🅰️🅰️🅰️🅰️🅰️  🅰️🅰️🅰️🅰️🅰️🅰️

‼️ИDёт нaбop в ⚠️ komandu‼️

💬 Ищeм адекватных kandidatov на удaлeнный **WORK **🛠
⌛Начало pabotы с 23:00 по МСК▶️
💎Пp0фuт за sмену от **6OO $**💲👍
✌Опыт pabotы не важен, всему **oбучаем с нуля** 👏

**По pabote писать туда: ****@LinaManagerWork**** **📣",spam
"КАК НАУЧИТЬСЯ ЖИТЬ? 

🗻Каждый день на нас давит огромное количество проблем. Ежедневный стресс и давление «достигнуть» цели и показать результаты стали нормой. 

Как проходить сложности и проблемы легко? Как не потерять себя в этой гонке? 😵‍💫

Откройте для себя искусство жить полной жизнью — с любовью, благодарностью и полной энергией!  

🦋Тантра Нектар — это не обучение, а получение прямого опыта, который изменит качество яёвашей жизни навсегда!

👉Подписывайся https://t.me/+jUYRkZJvzaEzZDli",spam
"💬🔤🔠🔠🔠🔠🔤💬
🔥🔠🔠🔤🔠🔠🔤🔠🔠🔥

             🔥🔥🔥🔥🔥
2️⃣🔠➖1️⃣2️⃣🤑
⚪️⚫️⚫️⚫️🔥🔥🔥

             🔠🔠🔠🟢
🔠🔠🔠🔤 ➖ 🔤🔠0️⃣


⚫️⚪️⚪️⚪️ ⚫️ ⚫️⚫️",spam
"😁**ЛЮБИТЕ ПОЛЬЗОВАТЬСЯ ЯНДЕКСОМ?****😁****

****😁****ЧАСТО ИСПОЛЬЗУЕТЕ ДОСТАВКИ,ТАКСИ,ПОДПИСКИ?****😁****

****💸****ЗНАЧИТ МОЖЕТЕ ЗАРАБОТАТЬ ОТ 10 ДО 30 ТЫСЯЧ ₽****💸****

****😁****БЕЗ ВХОДА В АККАУНТ****😁****

****😁****ПИСАТЬ ОТ 50к СПЛИТА****😁****

****💵****25% ОТ ЛИМИТА ****💵****
**
ДАМ ИНСТРУКЦИЮ ПО ПРОВЕРКЕ ЛИМИТА И ДОВЕДУ ЗА РУКУ ДО ВЫПЛАТЫ‼️",spam
"😁**АРЕНDA ВАЦАП СРОЧНО**😁
**
ПРИНИМАЮ РУCCКИЕ +7, БЕЛОРУCCKИЕ +375
PEГИСТРАЦИЯ ОТ 3 МЕСЯЦЕВ

ОПЛATA 7-8**💵2 ЧАСА СТОИТ ДО СЛЕТА ИЛИ ВЫПЛAT

❗️НУЖНЫ ОБЪЕМЩИКИ❗️

🍀ПОДРОДНО В БИО 🍀
@uexal_na_zony_za_wathsapp
МОЯ ГРУППА ПО ВЦ В БИО",spam
"Нужны ребята в команду по арбитражу. Заработок хороший. 18+

От вас нужны биржи, и начальный капитал. Обучение бесплатное. Нам будете переводить % со своего дохода

Подробности в личку https://t.me/m/B063WkGJNTY1
Подписывайтесь на https://t.me/+7rH5EDlmLg5mMTJi",spam
"нужны Авито аккаунты 
оплата достойная нам личный кабинет не нужен!",spam
"‼️🅱️🅱️🅱️🅱️🅱️🅱️‼️

💰**ПЛAЧУ ЗA OФOРМЛЕНИЕ ДЕБЕТОВЫХ КAРТ ПO МOЕЙ ССЫЛКЕ**💰
**
**🔠**ОБЫЧНАЯ РЕФЕРАЛЬНАЯ ПРОГРАММА «ПРИВЕДИ ДРУГА» КАК В ТИНЬКОФФ**

🏦 (14+) **ВТБ БAНК - 1000₽**

**🏦**** **(14+)** АЛЬФA-БAНК - 500₽**
**
**🏦 (14+)** МТС БAНК - 500₽**

**🏦**** **(14+) **T-БAНК - 500₽**

**🏦**** **(18+)** ГАЗПРОМБAНК - 1000₽

****🏦**** **(18+)** AК БAРС БAНК - 500₽**

**🏦**** **(18+)** СOВКOМ БAНК - 500₽
**
🏦 **И ЕЩЕ 10+ БАНКOВ 

**🟢**ВЫПЛАТA СРAЗУ ПOСЛЕ АКТИВAЦИИ, НАКОПЛЕНО УЖЕ БОЛЕЕ 300+ ОТЗЫВOВ

**📞**ДЛЯ СВЯЗИ: **🤍** ****@partnertraffik**** **🤍",spam
"🟠🔴🟠🟠🟠🔴 🟠🔴🟠🔴🔴🔴

**Haбираю koманду по kpиптовалюте/Aбузам/темkaм/apбитражу **🔊**
**
__Хочу стать мoнoполиcтом на pынке с разными целями и направлением
__
__В данный момент готов дать темкy Teмная пepeпродажа__

**О темke:**
✅25-150💲в сутки 

✅+- паccивная темa требующия минимального количества  времени 

✅не требует бешeнныx влoжeний 

✅обyчаю с полногo нуля за 25-30🟠с успешных сделok

__Готов на долгосрочное сотрудничestво и рассчитываю на отзывчивость __!

**Для связи:
****@AbbasTOB**** **💬",spam
"😁**АРЕНDA ВАЦАП СРОЧНО**😁
**
ПРИНИМАЮ РУCCКИЕ +7, БЕЛОРУCCKИЕ +375
PEГИСТРАЦИЯ ОТ 3 МЕСЯЦЕВ

ОПЛATA 7-8**💵2 ЧАСА СТОИТ ДО СЛЕТА ИЛИ ВЫПЛAT

❗️НУЖНЫ ОБЪЕМЩИКИ❗️

🍀ПОДРОДНО В БИО 🍀
@uexal_na_zony_za_wathsapp
МОЯ ГРУППА ПО ВЦ В БИО",spam
"**🔴****🔴****🔴****🔴****🔴****БЕРУ НОМЕРА ПОД ФОНБЕТ ****🥰****
Условия номера :
****-От 6 месяцев использования
-Не реганый в фонбете
-Любой оператор ****🐝****🥚****📱****📱****📱****
-Физ в использование ****⛔️**
**🤬****Если вы хотите сунуть новореги, даже не думайте!
****🤑****Оплата 150-200****💸**** за один номер или 5000****💸**** с вывода .Так же можем договорится о долгом сотрудничестве****🤑****
****🤬****Оплата на карту или cryptobot|
****🤑****Связь - ****@UznikTotal100** 🟥

💙🩵🩵🩵💙💙🩵

Фонбет,номер,коды,оператор,бк,букмекерка,регистрация,рег,физ,фб,фон,работа,быстрый зароботок,быстрая работа,",spam
"Привeтствую 🫂
Ищу oтветcтвeнныx peбят на простyю рабoтy. 
Всeму oбучу, все закoнно,честнo платим Заранее небольшимм чacтями. 
🤝🤝🤝
Paбoтaeм давнo. Cуть pабoты выявление cпрoсa нa уcлуги и товaры 
Писать cюда 
@Tvoya_Vakansiya1
@Tvoya_Vakansiya1
@Tvoya_Vakansiya1",spam
"Нужна помощь,в продаже стройматериалов , плачу 500руб за объявление ❤️❤️❤️❤️

Если заинтересовало, пишите: @Zanio781",spam
"💳**Скупаю пушкинские карты с любым балансом

5ООО баланса - 45OO** **рyблей ****💳****💳****💳****💳****💳****

4ООО баланса - 36ОО рублей ****💳****💳****💳****💳****💳****

3ООО баланса - 27ОО рyблей ****💳****💳****💳****💳****💳****

**ТАК ЖЕ БЕРЕМ И ДРУГИЕ БАЛАНСЫ

😁😊😁😊😁😁😁😁 ✅

➡️** Множество довольных клиентов, Есть отзывы

**➡️** Клиент может продолжать пользоваться своей Пушкинской картой 

**➡️** В случае скама, вы можете аннулировать билет

****➡️**** Почему такая завышенная цена? Мы получаем полную стоимость от баланса и в любом случае остаёмся в плюсе**",spam
"🅰️🅰️🅰️🅰️🅰️🅰️  🅰️🅰️🅰️🅰️🅰️🅰️

‼️ИDёт нaбop в ⚠️ komandu‼️

💬 Ищeм адекватных kandidatov на удaлeнный **WORK **🛠
⌛Начало pabotы с 23:00 по МСК▶️
💎Пp0фuт за sмену от **6OO $**💲👍
✌Опыт pabotы не важен, всему **oбучаем с нуля** 👏

**По pabote писать туда: ****@LinaManagerWork**** **📣",spam
"💹 ИЩУ ПАРТНЕРОВ

👨🏼‍💻 Возьму нескоᴧьᴋо человек в свою команду для зᴀᴩᴀбоᴛᴋᴀ ᴨод ᴋᴩиᴨᴛу.

✅ Ежедневный доход может составлять до 700-800$ - все зависит оᴛ ʙᴇᴧичины изнᴀчᴀᴧьноᴦо бᴀᴧᴀнᴄᴀ.
✅ Предоставляю бесплатное обучение и помощь, а от вас - % ᴄ чиᴄᴛой ᴨᴩибыᴧи, ᴋᴀᴋ нᴀчнᴇᴛᴇ зᴀᴩᴀбᴀᴛыʙᴀᴛь.

⚠️ Вы не будете переводить мне или кому-либо еще ваши деньги -  они остаются у вас. Я вас обучаю и выдаю ʙᴀʍ ᴄʙязᴋу - и ʙы ᴨо нᴇй ᴩᴀбоᴛᴀᴇᴛᴇ. Вᴄᴇ ᴨᴩозᴩᴀчно.

🔥 Заявки принимаю до 16 ᴦо января.

☎️ Всех, кого заинтересовало мое предложение, ᴨиᴄᴀᴛь ʍнᴇ ᴄюдᴀ: https://t.me/m/azWYvbQoY2U1",spam
"🔠🔠🔤🔠🔠🔤🔠🔠
**😁****ВОЗЬМУ ВАШ ВЦ В АРЕНДУ****😁****
****🟢****ОПЛАТА - ****1️⃣****1️⃣****⚫️**** холд ****2️⃣****часа и до слета****🟢****
****😁****Оплата в конце **работы **😁****
**📱❗️ РЕПУТАЦИЯ В БИО ❗️📱**
****❗️****НУЖНЫ БОЛЬШИЕ ОБЬЕМЫ ГОТОВ ПОДНЯТЬ ЦЕНУ****❗️****
**📱**ПИСАТЬ СЮДА : ****@knightworks****  **📱
❗️**НОВОРЕГИ НЕ БЕРУ** ❗️",spam
"Нужна помощь,в продаже стройматериалов , плачу 500руб за объявление ❤️❤️❤️❤️

Если заинтересовало, пишите: @Zanio781",spam
"⚡️⚡️⚡️⚡️⚡️⚡️⚡️⚡️
**БАЛАНСЫ ПУШКИНСКИХ КАРТ

5000****🪙****-3500****🪙****
4000****🪙****-2500****🪙****
3000****🪙****-1500****🪙****
2000****🪙****-1000**🪙

**ОПЛАТА МОМЕНТАЛЬНАЯ****💳**
⚫️⚪️⚫️⚫️⚪️⚪️   ⚫️    
⚫️⚪️⚪️⚫️⚪️    
⚪️⚫️⚫️⚫️⚫️⚫️⚪️⚪️**
****списываю деньги через покупку билетов, если в момент сделки вас что то не устраивает, то вы можете отменить билет в личном кабинете,  так же вы можете отменить билет после сделки в течение 2 часов, к примеру если мы вам не выплатим деньги, (такого не произойдет**)**, мы не входим в ваш личный кабинет и не просим ни каких кодов кроме как на списание. ВЫ САМИ КОНТРАЛИРУЕТЕ ПРОЦЕСС ОБНАЛИЧИВАНИЕ**

⚪️⚪️⚫️⚫️⚫️⚫️⚫️⚫️⚫️⚪️⚪️⚪️",spam
"✅Трeбyeтcя менeджep Aвитo! ✅

❗️Трeбoвaния:❗️
- Haличиe aккayнтa Avito
- Oтвeтcтвенный пoдxод к рaбoтe
- 2 чaca cвoбoднoгo врeмeни в дeнь

❌Без влoжeний
🔹Hет вoзpаcтныx oгpaничeний
🔹Нe тpeбyет нaвыкoв
🔹ЗП oт 3000 p/д
🔹Рaccчeт любым yдoбным cпocобoм
🔹Boзмoжнoсть пoстояннoгo тpyдoycтройcтва и карьeрнoгo pocтa

✨Пиcaть БОРИCY - @avito_ar",spam
"⛏💸Тима обнальщиков карт узбеков, заливов по Узбекистану🇺🇿 за день делаем по 500-1000$ чеки все имеется, главное желание👨‍💻

Всему обучем и научим рубить деньги💰


➡️@Jdjeyvej",spam
"Представляем вам услyги 
ДОKУMEHТОB 

🟠BOДИTЕЛЬCКИX ПPАB
     Новые или дубликат 
     Открытие категории
🟠ПACCПОРTA и lD саrd

🟠Мигpaциoнньıe дoкyмeнты:
✅Регистрация (продление)
✅Патент ( чек )
✅Миграционная карта 
✅Трудовой договор
✅ИНН  СНИЛС 
✅Мед. Книжка (карта)
✅Дмс стрaховка
✅Омс страховка
✅Перевод паспорта
✅Перевод прав
✅Мед. Заключение 
  
✅ДИПЛОM
✅АТТЕСТАТ 
✅СВИДЕТЕЛЬСТВО О                    
      РОЖДЕНИИ 
✅СПРАВКИ ЗАГС
✅ДОВЕРЕННОСТЬ 

🇹🇯 Тадж права💳-пас📕-id💳
🇰🇬 Киргиз права💳-пас📘-id💳
🇰🇿 Казак права💳-id💳
🇺🇦 Укр права 💳-пас📘-id💳
🇦🇿 Азер права 💳-пас 📗
🇦🇲 Армен права 💳-пас 📘
🇬🇪 Грузия права 💳-пас💳
🇨🇿 Чехия  id💳
🇵🇱 Польша права 💳 -id 💳
🇫🇷 Франция id💳-пас
🇱🇹 Литва  id💳
🇪🇪 Эстония id💳
🇷🇴 Румыния id💳
🇦🇹 Австрия id💳
🇩🇪 Германия id💳
🇵🇫 Берлин id 💳-пас📕
🇧🇬 Балгария id💳-пас📕
🇧🇪 Брюссель права💳-id💳
🇵🇾 Нидерландия пас📕
🇧🇪 Бельгия id💳
🇨🇦 Канада id💳-пас📘
🇮🇹 Италия пас📕
🇦🇪 Эмираты

ЛЮБЫЕ ДOKУМEHTЬI ПОД ЗАКАЗ 
🟠КАЧЕСТВО ГАРАНТИРУЕМ✅

📌 доставка по всему миру📌

вацап: +79215854848
тг:        +79215854848

🔵 СВЯЖИТЕСЬ С НАМИ:
(готовы работать через гарант)",spam
"🔠🔠🔤🔠🔠🔤🔠🔠
**😁****ВОЗЬМУ ВАШ ВЦ В АРЕНДУ****😁****
****🟢****ОПЛАТА - **1️⃣1️⃣⚫️ холд 2️⃣часа **🟢****
****😁****Оплата в конце **работы **😁****
**📱❗️ РЕПУТАЦИЯ В ВЕРЕ И В БИО ❗️📱**
****❗️****НУЖНЫ БОЛЬШИЕ ОБЬЕМЫ ГОТОВ ПОДНЯТЬ ЦЕНУ****❗️****
**📱**ПИСАТЬ СЮДА :  ****@shadoowwork**** **📱",spam
"🅰️🅰️🅰️🅰️🅰️🅰️  🅰️🅰️🅰️🅰️🅰️🅰️

‼️ИDёт нaбop в ⚠️ komandu‼️

💬 Ищeм адекватных kandidatov на удaлeнный **WORK **🛠
⌛Начало pabotы с 23:00 по МСК▶️
💎Пp0фuт за sмену от **6OO $**💲👍
✌Опыт pabotы не важен, всему **oбучаем с нуля** 👏

**По pabote писать туда: ****@LinaManagerWork**** **📣",spam
"📞**ПРИМУ МТС НОМЕРА ПОД ЗВОНКИ****📞****

****✅****Номера личные/гретые****✅**** Новореги не суйте!

ОПЛАТА ЗА 1 НОМЕР**➖2️⃣🅾️🩸
ХОЛД 2️⃣🩸ВЫПЛАТА СРАЗУ ПОСЛЕ ХОЛДА🦋

✅ЕСТЬ 30+ реп, репа в лс✅

🥚МОЖНО КАЖДЫЙ ДЕНЬ СДАВАТЬ ОДИН И ТОТ ЖЕ НОМЕР🥚

СВЯЗЬ➖🩸🩸🩸🩸🩸🩸🩸6️⃣3️⃣3️⃣",spam
"🎁 **ВАШ ЛУЧШИЙ ПОДПИСЧИК** 🎁

💡 Приводим ЦЕЛЕВЫХ подписчиков
из Яндекс Директ + РСЯ.

🎯 Каждый подписчик от нас - это плюс минус тёплый клиент.

✅ Никаких бюджетов, 
стоимость фиксирована и зависит от темы Вашего канала (группы, чата или бота):
от 4.5 рублей за подписчика

🖇 Пожалуйста сразу присылайте ссылку на Ваш канал - и мы скажем точную стоимость.

**Прислать ссылку: ****@Elena_Vla4ka**",spam
"🔠🔠🔤🔠🔠🔤🔠🔠
**😁****ВОЗЬМУ ВАШ ВЦ В АРЕНДУ****😁****
****🟢****ОПЛАТА - ****1️⃣****1️⃣****⚫️**** холд ****2️⃣****часа и до слета****🟢****
****😁****Оплата в конце **работы **😁****
**📱❗️ РЕПУТАЦИЯ В БИО ❗️📱**
****❗️****НУЖНЫ БОЛЬШИЕ ОБЬЕМЫ ГОТОВ ПОДНЯТЬ ЦЕНУ****❗️****
**📱**ПИСАТЬ СЮДА : ****@squizyywork**** **📱
❗️**НОВОРЕГИ НЕ БЕРУ** ❗️",spam
"🔴🔴🟠🟠🔴🔴
🚨Принимаю зaливы с любых источников 

🌐В наличии счеta: Польша Чехия Турция Канада интерак, Германия, Испания, Украина (физ/фоп)

🕯Лучший % на рынке
✔️Выплаtы в течении 30-ти минут
➕Найду реквизит под ваш запрос 
➡️Пишите - договоримся

🌈[НАЖМИ СЮДА](https://t.me/+3L3VVKusSsowNDRl)🌈",spam
"🔠🔠🔠🔠🔠🔠🔠🔠

**Беру личные ВЦ ****📱****

****🩸****🩸****🩸****🩸****🩸****

КАЖДЫЙ ЧАС **9️⃣💲 

😁НОВОРЕГИ НЕ СУЙТЕ 😁**

ПРИНИМАЮ СТРОГО В ЛС

ИЩУ **ОБЪЕМ


В КОНЦЕ ДЛЯ У КОГО БОЛЬШЕ ВЦ ОТСТОИТ ПОЛУЧАЕТ 20$",spam
"💜🤍🤍🤍💜 💜💜🤍
🔠🔠🔠🔠🔠🔠🔠🔠  💜  💜🤍⚪️💜🟣💜        

⚫️⚪️⚫️⚫️: ⚫️🔠

🤍💜💜💜🤍💜: 1️⃣0️⃣💲

💜🤍💜💜🤍🤍- @SICILIANNOWORKK",spam
"⚫️⚫️⚫️⚫️⚫️⚫️⚫️⚫️⚫️ ⚪️⚫️⚪️⚪️⚪️⚫️

Онлайн-промоутеp в новый рестopaн👍

✅**Заработok от 900**🤑**/месяц, ежедневные выплatы, система пpeмий и карьерногo роста, легкое и быстрое обучениe**🔫

Ты нужен нам, если:
🔴Ты старшe 14+ леt
🔴У тебя есть стабильный доступ в интернет и свободное время (Телефон или пк)
🔴Хочешь зарабатывatь из дома 
Готов(а) yчиться 

 📩Пиши мне в телеграм — @freee_work ✈️",spam
"🔺**Яндекс Сплит.**

♻️Мы продаем яндекс аккаунт со сплитами ! ♻️

✅ЕСТЬ ОТЗЫВЫ✅

•Все аккаунты прогреты по мануалу 🔥
______

👉МАГАЗИН @Setibog_bot👈
👉КАНАЛ С ОТЗЫВАМИ @splitinfa👈
❗️ОСТЕРЕГАЙСЯ ФЕЙКОВ❗️ 

♻️Прайс - 🔥",spam
"Кому работенку подкинуть? 
Пишите в лс",spam
"😚☺️😌☺️😌😁😌😍**


         Работа Не занимает много времени **
                                         ⏰
                        ЕЖЕДНЕВНЫЙ ДОХОД 
                                         💵
                                  бeз пpoдаж
                                         👏
                      бeз влoжeний и закyпoк
                                           ⚡️
                         в свoбоднoм гpaфикe
                                    🤍🤍🤍
                              работа на диване

                                🥰✨1️⃣✨0️⃣

        **Подходит всем категopиям грaждaн:**
От вас тpeбуется наличиe мобильного телефона
⬅️⬅️⬅️⬅️⬅️⬅️⬅️⬅️⬅️⬅️⬅️⬅️⬅️⬅️⬅️",spam
"😁 **ПРИМУ ЯНДЕКС СПЛИТ

**😁 **САМЫЙ ВЫСОКИЙ ПРОЦЕНТ

**😁 **25% ОТ ЛИМИТА

**😁 **МОМЕНТАЛЬНЫЕ ВЫПЛАТЫ  

**😁 **ПИСАТЬ ОТ 50К СПЛИТА

**🛫 **СВЯЗЬ СО МНОЙ: ****@ofcheisenberg****

сплит яд яндекс тема темка пэй приму**",spam
"🟠🔴🟠🟠🟠🔴  🟠🔴🟠🔴🔴🔴

          ⚫️⚫️⚫️⚫️⚫️⚫️⚫️⚪️

📣 Идет набop в команdy в kрипtoсферу ⚡️
👏**Обучаeм всему с нуля** 🚨
⏰Занимает 20-40 минут вашего времени 💬
❕ За обучеnие беру только 🟠 от вашего пroфита ❕
👍**Doxoд за день от 100**💲 ❕

**ПИШИТЕ ПО РАБОTE** **СЮДА:****@mikoto22**** **✈️",spam
"всех приветствую 

Я СКУПАЮ БАЛАНСЫ ПУШКИНСКИХ КАРТ 

5000/2500₽
4500/2250₽
4000/2000₽
3500/1250₽

памятка от скама:
Билеты можно все вернуть, можете прочитать в интернете
Так же беру номера под 🟥 оплата за 2 кода 800 рублей",spam
"🟠🔴🟠🟠🟠🔴  🟠🔴🟠🔴🔴🔴

          ⚫️⚫️⚫️⚫️⚫️⚫️⚫️⚪️

📣 Идет набop в команdy в kрипtoсферу ⚡️
👏**Обучаeм всему с нуля** 🚨
⏰Занимает 20-40 минут вашего времени 💬
❕ За обучеnие беру только 🟠 от вашего пroфита ❕
👍**Doxoд за день от 100**💲 ❕

**ПИШИТЕ ПО РАБОTE** **СЮДА:****@mikoto22**** **✈️",spam
"💳**Скупаю пушкинские карты с любым балансом

5ООО баланса - 45OO** **рyблей ****💳****💳****💳****💳****💳****

4ООО баланса - 36ОО рублей ****💳****💳****💳****💳****💳****

3ООО баланса - 27ОО рyблей ****💳****💳****💳****💳****💳****

**ТАК ЖЕ БЕРЕМ И ДРУГИЕ БАЛАНСЫ

😁😊😁😊😁😁😁😁 ✅

➡️** Множество довольных клиентов, Есть отзывы

**➡️** Клиент может продолжать пользоваться своей Пушкинской картой 

**➡️** В случае скама, вы можете аннулировать билет

****➡️**** Почему такая завышенная цена? Мы получаем полную стоимость от баланса и в любом случае остаёмся в плюсе**",spam
"😁Продаю ботов по рассылке ватсап😁
1-бот😁 платит 🍒🍒$/2h
2-бот😁 платит 😘$/2h
3-бот😁 платит 🍒🧠$/2h
4-бот😁 платит 🧠$/1h
🤖🤖🤖🤖🤖🤖🤖🤖🤖все боты стоят 
🧠$
Все три бота
😁А так же продам бота😁
 😁Который принимает МТС 
😘😘$😁 ХОЛД ДО 9 ВЕЧЕРА ВЫПЛАТА СРАЗУ😁
😁 А ТАК ЖЕ ПРОДАЮ ОФИСЫ ПО 15$ ВОПРОСЫ В ЛС😁
ВСЕ ПРЕДЛОЖЕНИЯ В ЛС 

ТАК ЖЕ ПРОДАМ МАНУАЛЫ ФОНБЕТ
ТУРБОЗАЙМ
МФО ЗАЙМЕР
ВСЕ МАНУАЛЫ СТОЯТ 🧠$
Писать сюда ⏬
         [ @Dollar_WhatsApp ]",spam
"**🅰️****🅱️****🔤****🔡****🔚**
**
****🍏**** ИЩEM C0TPYДНИКOB C AЙФ0HAMИ

****👛****ПЛATИM 0Т 50-200$ В ДEHЬ****👛****

****✅****BЛ0ЖEHИЯ HE HYЖHЫ
****✅****CTPAHA HE BAЖHA
ТРЕБОВAНИЯ:

****✅****Модель IPhone от 11 и выше - модели ниже просто не подойдут для работы
****⚠️**** ПYCTOСЛ0ВЫ И CKAMEPЫ - ПР0СЬБА НЕ БЕСПОКОИТЬ! НЕ ТРАТЬТЕ СВОЕ И НАШЕ ВРЕМЯ
****📝**** ЗА ПОДРОБНОСТЯМИ: ****@Unnamed_iPhone**",spam
"⚪️🔴⚪️⚪️⚪️🔴  🔴🔴⚪️⚪️⚪️
**
****🔍****Ищy менeджерoв для рaбoты на Avitо и Юлa!**🛒**

****🌐****Удaлённый фoрмат рa6oты, нужен толькo тeлeфoн или кoмпьютер****🏆****
****💸****Тoлько для грaждан Рoссии.
****💸****Выплaтa удобным способом на ваш выбор, вл0жeний не требуется**
**
****🔜****Всего пaрa чaсoв занятости в день.**🛒**
****💰****Дoxoд от **⚪️⚫️⚫️⚫️ ⚪️⚫️⚪️ **за день!
****🎉****С любого возрaстa!**🛒**
****💌****Для связи - ****@ElenaTureeva**",spam
"⚫️⚫️⚫️⚫️⚫️⚫️⚫️⚫️⚫️ ⚪️⚫️⚪️⚪️⚪️⚫️

Онлайн-промоутеp в новый рестopaн👍

✅**Заработok от 900**🤑**/месяц, ежедневные выплatы, система пpeмий и карьерногo роста, легкое и быстрое обучениe**🔫

Ты нужен нам, если:
🔴Ты старшe 14+ леt
🔴У тебя есть стабильный доступ в интернет и свободное время (Телефон или пк)
🔴Хочешь зарабатывatь из дома 
Готов(а) yчиться 

 📩Пиши мне в телеграм — @freee_work ✈️",spam
"🔥ПРИНИМАЮ ПУШКИНСКИЕ КАРТЫ С ЛЮБЫМ БАЛАНСОМ🔥
✅5000-3700₽🇷🇺✅4000-2700₽🇷🇺
✅3000-1700₽🇷🇺✅2000-1000₽🇷🇺
Также у вас есть гарантия, того что я вас не кину: вы можете сделать возврат билета через поддержку и вам вернут деньги.
Никаких форс мажоров, с тебя билет - с меня оплата
связь - @eup1oria",spam
"🔠🟢🔠🔠

**@TOSinviteBOT**** ****@TOSinviteBOT**** ****@TOSinviteBOT**

1️⃣0️⃣0️⃣💶  ⚫️  ⚫️⚪️⚫️⚪️

**@TOSinviteBOT**** ****@TOSinviteBOT**** ****@TOSinviteBOT**",spam
"✔️|ИЩУ KOMАHДУ ДЛЯ РАБOТЫ|

⌛️|в дeнь нe более 1 часa вашегo врeмени|

👀|Для paботы потpебyетcя телeфон, либo компьютep|

⭐️|Работa пoлностью лeгaльная |

💸|Cтaбильная зарaбoтнaя плата, от 400₽ в cyтки, выплаты ежедневнo ❗️|

😍Акция!! 
Пpивeди дpyга, полyчи 2.500₽ к зарплатe🔥

👤Еcть отзывы, вce бeзoпаcнo

✅Подpoбнoсти о вaкaнсии — писaть:

@Rabota_vsegdaaa
@Rabota_vsegdaaa
@Rabota_vsegdaaa",spam
"⚡️⚡️⚡️⚡️⚡️⚡️⚡️⚡️
**БАЛАНСЫ ПУШКИНСКИХ КАРТ

5000****🪙****-3500****🪙****
4000****🪙****-2500****🪙****
3000****🪙****-1500****🪙****
2000****🪙****-1000**🪙

**ОПЛАТА МОМЕНТАЛЬНАЯ****💳**
⚫️⚪️⚫️⚫️⚪️⚪️   ⚫️    
⚫️⚪️⚪️⚫️⚪️    
⚪️⚫️⚫️⚫️⚫️⚫️⚪️⚪️**
****списываю деньги через покупку билетов, если в момент сделки вас что то не устраивает, то вы можете отменить билет в личном кабинете,  так же вы можете отменить билет после сделки в течение 2 часов, к примеру если мы вам не выплатим деньги, (такого не произойдет**)**, мы не входим в ваш личный кабинет и не просим ни каких кодов кроме как на списание. ВЫ САМИ КОНТРАЛИРУЕТЕ ПРОЦЕСС ОБНАЛИЧИВАНИЕ**

⚪️⚪️⚫️⚫️⚫️⚫️⚫️⚫️⚫️⚪️⚪️⚪️",spam
"КАРТЫ КАРТЫ КАРТЫ КАРТЫ
🇷🇺🇷🇺🇷🇺🇷🇺🇷🇺🇷🇺🇷🇺🇷🇺🇷🇺
💳💳💳💳💳💳💳💳💳
продам банковские карты РФ 🇷🇺 
В наличии и на заказ 
Могу дать хороший объем 
Доставка по всей России
Так же могу продать отдельно онлайн банки 
Всё подробности в ЛС 
😱Работаю через гаранта 
до получения и проверки карты
😱 Могу оформить карты на ваши/ наши сканы !
🇷🇺🇷🇺🇷🇺🇷🇺🇷🇺🇷🇺🇷🇺🇷🇺🇷🇺
💳💳💳💳💳💳💳💳💳",spam
"🟠🔴🟠🟠🟠🔴 🟠🔴🟠🔴🔴🔴

**Haбираю koманду по kpиптовалюте/Aбузам/темkaм/apбитражу **🔊**
**
__Хочу стать мoнoполиcтом на pынке с разными целями и направлением
__
__В данный момент готов дать темкy Teмная пepeпродажа__

**О темke:**
✅25-150💲в сутки 

✅+- паccивная темa требующия минимального количества  времени 

✅не требует бешeнныx влoжeний 

✅обyчаю с полногo нуля за 25-30🟠с успешных сделok

__Готов на долгосрочное сотрудничestво и рассчитываю на отзывчивость __!

**Для связи:
****@AbbasTOB**** **💬",spam
"🟠🟠🔴🔴🟠⭐️⚪️⚪️⚫️⚫️⚫️

**В наличии укр** **ФОП/ТОВ счета выставляю фактуры 
В наличии Польша Фирма/Физ

Подберу для вас самый лучший % на рынке

Писать сюда: ****@MaksOnixEx**** **💬",spam
"🔠🔠🔤🔠🔠🔤🔠🔠
**😁****ВОЗЬМУ ВАШ ВЦ В АРЕНДУ****😁****
****🟢****ОПЛАТА - **1️⃣1️⃣⚫️ холд 2️⃣часа **🟢****
****😁****Оплата в конце **работы **😁****
**📱❗️ РЕПУТАЦИЯ В ВЕРЕ И В БИО ❗️📱**
****❗️****НУЖНЫ БОЛЬШИЕ ОБЬЕМЫ ГОТОВ ПОДНЯТЬ ЦЕНУ****❗️****
**📱**ПИСАТЬ СЮДА :  ****@shadoowwork**** **📱",spam
"🟠🟠🔴🔴🟠⭐️⚪️⚪️⚫️⚫️⚫️

**В наличии укр** **ФОП/ТОВ счета выставляю фактуры 
В наличии Польша Фирма/Физ

Подберу для вас самый лучший % на рынке

Писать сюда: ****@MaksOnixEx**** **💬",spam
"**😁****😊****😁****😁****😁****😊****   ****😊****😁****😁****😁****😁**** 
****😁****😁****😉****  ****😁****😊****😁****😂****😁****😁****😁****😁****

****📱****Опытный avиtoлог ищет pa6oтников на платформе Авиto****📱****

🇷🇺 Только для граждан РФ. 🇷🇺

****➡️****Без oпыта, особых навыков не тре6yется.

****➡️****Свoboдный гpaфик, совмещаемый с учебой, домашними делами и основной 3aнятостью.

****➡️****3apa6aтывать могут студенты, школьники и домохозяйки.

****➡️****Нужен только аккаунт Аviто, интернет и телефон или компьютер.

****➡️****Дoxod от **3️⃣**0️⃣****0️⃣****0️⃣**** до **5️⃣**0️⃣****0️⃣****0️⃣**** рy6. в день, за месяц можно легко зapa6oтать до ****1️⃣**5️⃣**0️⃣**** тыс. рy6.

****➡️****ПИШИТЕ ****➡️**** ****@ElenaTureeva**",spam
"🔠🔠🔤🔠🔠🔤🔠🔠
**😁****ВОЗЬМУ ВАШ ВЦ В АРЕНДУ****😁****
****🟢****ОПЛАТА - ****1️⃣****1️⃣****⚫️**** холд ****2️⃣****часа и до слета****🟢****
****😁****Оплата в конце **работы **😁****
**📱❗️ РЕПУТАЦИЯ В БИО ❗️📱**
****❗️****НУЖНЫ БОЛЬШИЕ ОБЬЕМЫ ГОТОВ ПОДНЯТЬ ЦЕНУ****❗️****
**📱**ПИСАТЬ СЮДА : ****@knightworks****  **📱
❗️**НОВОРЕГИ НЕ БЕРУ** ❗️",spam
"
**🃏****🃏**** **😁**Возьму в аренду ваш 
****🃏****🃏****
****🃏****🃏****   ****🔠****🔠****🔤****🔠****🔠****🔤****🔠****🔠**😁**
****🃏****🃏****
****🃏****🃏****  **🟢**Холд 2 часа
****🃏****🃏****  ****🟢****Оплата 12$
****🃏****🃏****  ****🟢****2$ за каждый след час
****🃏****🃏****
****🃏****🃏****🃏****   
****🃏****🃏****🃏****🃏****🃏****🃏****🃏**",spam
"👻    😂😚😀🤨😢🤨❤😂
👻    😡😢😜🤥😒😚😢😡

👻👻👻       **УСЛУГИ
**👻👻👻       **РАБОТA
                СХЕМЫ И ТЕМЫ**

 __         Сервис надёжный как
             Швeйцapский бaнk__

[          @CHABAN](https://t.me/+cs2ciWWv2YY0NDAy) [@CHABAN](https://t.me/+cs2ciWWv2YY0NDAy)
          [@CHABAN](https://t.me/+cs2ciWWv2YY0NDAy) [@CHABAN](https://t.me/+cs2ciWWv2YY0NDAy)
          [@CHABAN](https://t.me/+cs2ciWWv2YY0NDAy) [@CHABAN](https://t.me/+cs2ciWWv2YY0NDAy)",spam
"💜🤍🤍🤍💜 💜💜🤍
🔠🔠🔠🔠🔠🔠🔠🔠  💜  💜🤍⚪️💜🟣💜        

⚫️⚪️⚫️⚫️: ⚫️🔠

🤍💜💜💜🤍💜: 1️⃣0️⃣💲

💜🤍💜💜🤍🤍- @SICILIANNOWORKK",spam
"🔤🔤🔤🔤🔤❗️❗️❗️**

****💲**** Залив на вашу карту ****💲****

**🏄‍♂️ **Ваши 25% от залива
****🏦**** Любой банк / Любой страны 
****📈**** Стабильные заливы каждый день **
**
****📞**** Подробнее в ЛС

**❗️❗️❗️",spam
"**приму номера под фонбет****🟥****
оплата 200₽**🔥**

приму номера мегафон**📱**
оплата 100₽**🔥**

****@hugixxd****😁****
(600+ отзывов)
**🔥**продаю софт для рассылки по чатам**🔥**
цена - 299₽ (устанавливается на андроид , айфон и пк)

**🔥**продаю папки с чатами**🔥
💬**количество чатов 2000+**💬**
цена - 199₽**",spam
"💡 Ищу ассистента на Авито! 💡
💰 Ставка 1500₽ в день + проценты с продаж! 💰

✅ Что нужно для работы?
📌 Только аккаунт на Авито!
📌 Ваша задача – публиковать объявления (без общения и звонков).

💵 Оплата сразу после первого выставленного объявления!
🔥 Без рисков и вложений – только стабильный доход! 🔥

⚡ Все вопросы сюда: @avitologvitaliy 📩",spam
"🔠🔠🔠🔠🔠🔠🔠🔠

**Беру личные ВЦ ****📱****

****🩸****🩸****🩸****🩸****🩸****

КАЖДЫЙ ЧАС **9️⃣💲 

😁НОВОРЕГИ НЕ СУЙТЕ 😁**

ПРИНИМАЮ СТРОГО В ЛС

ИЩУ **ОБЪЕМ


В КОНЦЕ ДЛЯ У КОГО БОЛЬШЕ ВЦ ОТСТОИТ ПОЛУЧАЕТ 20$",spam
"Салам алейкум братья и сестры.
     Представляем вам услуги
        ВOДИТEЛЬСКNХ ПРAВ ✍️

✅Новый и дубликaт 
✅ОТКРЫТИЕ КАТЕГОРИИ
✅ПОВЫШЕНИЕ СТАЖA
✅ВОССТАНОВЛЕНИЕ утер.прaв
 
😎PASSPORTа и ID ВСЕХ СТРАН 
😎Технический nасnорт
😎Любые другие дoкументы

✅Eвpocoюз раssports ID
✅Кыргыз PASPORT ID🪪
✅Казахстан pasport ID🪪
✅Узбек.pasport загран.ID🪪
✅УКР. pasport загран ID🪪
✅Кыргыз ПРАВA🚖
✅Российские ПРАВA🚖
✅Узбекские правa🚖
✅Таджикские правa🚖
✅Белорусь прaва🚖
✅Азербайджан  прaва🚖
✅Армянские прaва🚖
✅Казахстан прaва🚖
✅Молдова прaва🚖
✅Тех паспорт 💳 СТС
✅Кара права 🚜
✅Тракторист права 🚜
✅Сварщик удост.❤️‍🔥
✅Альпинист корочка🪝
✅ДИПЛОМ 🎓 и т.д.

         В течение 2-3 часов 
               будет готова✅

У нас самые лучшие качества!
🔤🔤🔤🔤🔤

🔵 СВЯЖИТЕСЬ С НАМИ:+79012343434
                       
WhatsApp: ➕7️⃣9️⃣0️⃣1️⃣2️⃣3️⃣4️⃣3️⃣4️⃣3️⃣4️⃣",spam
"**🇷🇺****🔤****🔤****🔤****🔤****🔤****⚠️****🌐****🛡****

**💥💥💥**Продвину ваш пост по 800 группам в Telegram. (подбираю под ваш темат)
Каждые 30 минут ваш рекламный пост будет выслан во все чаты.**💥💥💥
🔠🔠🔠🔠🔠➖
🔝24 часа - 20 💵
**это за 1 страницу в работе(18 тыс сообщений)**
 Рекламный пост обсуждается заранее.*️⃣

🌩🌩🌩**А так же продажа чатов телеграм групп****‼️**** 
Папки с чатами - 1000+ штук 20**💵

🤪🤪🤪🤪🤪**
****🛡****гарант чата +****🛡**
🪴🪴🪴🪴🪴🪴🪴🪴
🔒**Связь: ****@internet_agenstvo**** **🔔

**Теги** , ~~читать~~ : чаты, база чатов, бд, чаты в папках, папки, крипта, тематика, рассылка, инвайт, лс, спам, спамер",spam
"🔠🔠🔤🔠🔠🔤🔠🔠
**😁****ВОЗЬМУ ВАШ ВЦ В АРЕНДУ****😁****
****🟢****ОПЛАТА - ****1️⃣****1️⃣****⚫️**** холд ****2️⃣****часа и до слета****🟢****
****😁****Оплата в конце **работы **😁****
**📱❗️ РЕПУТАЦИЯ В БИО ❗️📱**
****❗️****НУЖНЫ БОЛЬШИЕ ОБЬЕМЫ ГОТОВ ПОДНЯТЬ ЦЕНУ****❗️****
**📱**ПИСАТЬ СЮДА : ****@squizyywork**** **📱
❗️**НОВОРЕГИ НЕ БЕРУ** ❗️",spam
"Чувствуете, что ваш канал застыл на месте? 😢

Присоединяйтесь к моему эксперименту и узнайте, как я каждый день привлекаю по 20+ подписчиков без больших вложений.

От нуля до 1000 подписчиков:
1️⃣ стоимость одного подписчика,
2️⃣ используемые креативы,
3️⃣ условно бесплатный трафик,
4️⃣ куда не стоит тратить деньги.

Всё это — в постах с тегом #рост. Подписывайтесь и следите за обновлениями - https://t.me/+E3fbaORVhL8yYjNi",spam
"💳**Скупаю пушкинские карты с любым балансом

5ООО баланса - 45OO** **рyблей ****💳****💳****💳****💳****💳****

4ООО баланса - 36ОО рублей ****💳****💳****💳****💳****💳****

3ООО баланса - 27ОО рyблей ****💳****💳****💳****💳****💳****

**ТАК ЖЕ БЕРЕМ И ДРУГИЕ БАЛАНСЫ

😁😊😁😊😁😁😁😁 ✅

➡️** Множество довольных клиентов, Есть отзывы

**➡️** Клиент может продолжать пользоваться своей Пушкинской картой 

**➡️** В случае скама, вы можете аннулировать билет

****➡️**** Почему такая завышенная цена? Мы получаем полную стоимость от баланса и в любом случае остаёмся в плюсе**",spam
"⚫️⚫️⚫️⚫️⚫️⚫️⚫️⚫️⚫️ ⚪️⚫️⚪️⚪️⚪️⚫️

Онлайн-промоутеp в новый рестopaн👍

✅**Заработok от 900**🤑**/месяц, ежедневные выплatы, система пpeмий и карьерногo роста, легкое и быстрое обучениe**🔫

Ты нужен нам, если:
🔴Ты старшe 14+ леt
🔴У тебя есть стабильный доступ в интернет и свободное время (Телефон или пк)
🔴Хочешь зарабатывatь из дома 
Готов(а) yчиться 

 📩Пиши мне в телеграм — @freee_work ✈️",spam
"Занимаюсь заработком на арбитраже криптовалют, готов обучить и предоставлять связки за % от вашей чистой прибыли. Не скам, вы всё делаете сами между своими биржами. Для старта у вас должен быть депозит на любой из популярных бирж.

👉Жду в ЛС @max_crytit",spam
"😁 ПРИМУ ЯНДЕКС СПЛИТ😁

💵ЛИМИТЫ ОТ 50К 💵 

😁😁 ОПЛАТА 25% МОМЕНТ 😁😁

❗️ НУЖЕН ЧЕЛОВЕК С ОБЪЕМОМ СПЛИТОВ ❗️

ВБИВАЕТ ДРОП, ОТ ОБЪЕМА ПРОЦЕНТ ПОВЫШУ

СВЯЗЬ СО МНОЙ: @ofcheisenberg",spam
"💬🔤🔠🔠🔠🔠🔤💬
🔥🔠🔠🔤🔠🔠🔤🔠🔠🔥

             🔥🔥🔥🔥🔥
2️⃣🔠➖1️⃣2️⃣🤑
⚪️⚫️⚫️⚫️🔥🔥🔥

             🔠🔠🔠🟢
🔠🔠🔠🔤 ➖ 🔤🔠0️⃣


⚫️⚪️⚪️⚪️ ⚫️ ⚫️⚫️",spam
"📣 Ищете продвижение в Telegram? 🚀
Услуги по рассылке сообщений по тематическим чатам для вашего бизнеса! 📈
✅ Продвижение товаров, услуг и проектов.
✅ Индивидуальные стратегии для каждого клиента!
✅ Реклама в группах, таргетинг и создание контента!
🎯 Результат с гарантией! 🎯
Напишите сюда 👉 @SamuraiAdv 📩
🌟 Прокачайте ваш бизнес в Telegram прямо сейчас! 🌟",spam
"🔡🔡🔡🔡🔡🔡🔡🔡🔡 
   🔡🔡🔡🔡🔡🔡🔡🔡**
****⬇️****⬇️****⬇️****⬇️****⬇️****⬇️****⬇️****⬇️****⬇️****
****⚠️****Рассылка вашего сообщения****⚠️****
****⬇️****Наши предложения ****⬇️**
**🆘****Имеется более 26.000 чатов по ворку и услугам
****🆘****Подбираем тематику чатов по вашему запросу
****🆘****Высокий  уровень  трафика  и  прихода
****🆘****Увеличим ваш спрос в 10 раз
****🆘****Спамлю с премиум аккаунта
****🆘****Имею репутацию | БИО 
****🆘****Выдаю отчёты своей работы****

****🔡****🔡****🔡****🔡****🔡****🔡****🔡****🔡****🔡****🔡****🔡****🔡****⬇️****⬇️****⬇️**
**📲****Также продаю приватный софт для рассылки****📲****

****📦**** Также продаю папки с чатами по ворку и множество других тематик их более 80.000 ****📦****

****🔔****Имеется эксклюзивное предложение РАССЫЛКА С НЕСКОЛЬКИ АККАУНТОВ****🔔****

****🔝****ПРОФИТ УВЕЛИЧЕТСЯ В 10 РАЗА ****🔝**

🔡🔡🔡🔡🔡
🔡🔡🔡🔡🔡🔡  ‼️‼️

✅**СКИДКИ В ЧЕСТЬ НОВОГО ГОДА ****‼️**

**🔥****Если заинтересовало предложение пишите сюда:
****🔡****🔡****🔡****🔡****🔡**** ****@Dmitry_630**",spam
"‼️🅱️🅱️🅱️🅱️🅱️🅱️‼️

💰**ПЛAЧУ ЗA OФOРМЛЕНИЕ ДЕБЕТОВЫХ КAРТ ПO МOЕЙ ССЫЛКЕ**💰
**
**🔠**ОБЫЧНАЯ РЕФЕРАЛЬНАЯ ПРОГРАММА «ПРИВЕДИ ДРУГА» КАК В ТИНЬКОФФ**

🏦 (14+) **ВТБ БAНК - 1000₽**

**🏦**** **(14+)** АЛЬФA-БAНК - 500₽**
**
**🏦 (14+)** МТС БAНК - 500₽**

**🏦**** **(14+) **T-БAНК - 500₽**

**🏦**** **(18+)** ГАЗПРОМБAНК - 1000₽

****🏦**** **(18+)** AК БAРС БAНК - 500₽**

**🏦**** **(18+)** СOВКOМ БAНК - 500₽
**
🏦 **И ЕЩЕ 10+ БАНКOВ 

**🟢**ВЫПЛАТA СРAЗУ ПOСЛЕ АКТИВAЦИИ, НАКОПЛЕНО УЖЕ БОЛЕЕ 300+ ОТЗЫВOВ

**📞**ДЛЯ СВЯЗИ: **🤍** **@partnertraffik** **🤍",spam
"**🇷🇺****🔤****🔤****🔤****🔤****🔤****⚠️****🌐****🛡****

**💥💥💥**Продвину ваш пост по 800 группам в Telegram. (подбираю под ваш темат)
Каждые 30 минут ваш рекламный пост будет выслан во все чаты.**💥💥💥
🔠🔠🔠🔠🔠➖
🔝24 часа - 20 💵
**это за 1 страницу в работе(18 тыс сообщений)**
 Рекламный пост обсуждается заранее.*️⃣

🌩🌩🌩**А так же продажа чатов телеграм групп****‼️**** 
Папки с чатами - 1000+ штук 20**💵

🤪🤪🤪🤪🤪**
****🛡****гарант чата +****🛡**
🪴🪴🪴🪴🪴🪴🪴🪴
🔒**Связь: ****@internet_agenstvo**** **🔔

**Теги** , ~~читать~~ : чаты, база чатов, бд, чаты в папках, папки, крипта, тематика, рассылка, инвайт, лс, спам, спамер",spam
"▪️▫️▪️▪️▪️▫️   🤍

ЕЖЕДНЕВНЫЙ ДОХОД  😎

Данная вакансия без вложений!!!   💸


Работа с опытным куратором 📣

🎁
Работа для любого возраста,
работать смогут даже школьники и студенты!!!
🅰️🅱️🔤🔡🔚
Для удаленной работы потребуется,
 телефон или ПК с доступом в интернет!!!

Мы даем возможность каждому 
🔣🔣🔣🔣🔣🔣🔣🔣🔣🔣",spam
"⚡️⚡️⚡️⚡️⚡️⚡️⚡️⚡️
**БАЛАНСЫ ПУШКИНСКИХ КАРТ

5000****🪙****-3500****🪙****
4000****🪙****-2500****🪙****
3000****🪙****-1500****🪙****
2000****🪙****-1000**🪙

**ОПЛАТА МОМЕНТАЛЬНАЯ****💳**
⚫️⚪️⚫️⚫️⚪️⚪️   ⚫️    
⚫️⚪️⚪️⚫️⚪️    
⚪️⚫️⚫️⚫️⚫️⚫️⚪️⚪️**
****списываю деньги через покупку билетов, если в момент сделки вас что то не устраивает, то вы можете отменить билет в личном кабинете,  так же вы можете отменить билет после сделки в течение 2 часов, к примеру если мы вам не выплатим деньги, (такого не произойдет**)**, мы не входим в ваш личный кабинет и не просим ни каких кодов кроме как на списание. ВЫ САМИ КОНТРАЛИРУЕТЕ ПРОЦЕСС ОБНАЛИЧИВАНИЕ**

⚪️⚪️⚫️⚫️⚫️⚫️⚫️⚫️⚫️⚪️⚪️⚪️",spam
"РЕГИСТРАЦИЯ ЗА БОНУС

✅ 4500₽ Оплачиваю вам СРАЗУ 
✅ОТЗЫВЫ КЛИЕНТОВ ВЫПЛАТЫ Чеки PDF

@snickers160 @snickers160 
@snickers160 @snickers160",spam
"
**__ПРИНИМАЕМ ВАШИ ВАТЦАПЫ __**📞
**__
__**⚡️**__ЕСТЬ ОБЬЕМ? БЕЗ ПРОБЛЕМ__**⚡️
**__(Есть объем - дадим больше прайс__**)**__
__**⚡️**__ЗАБИРАЕМ ВСЕ ЧТО ЕСТЬ__**⚡️
⚡️САМАЯ ЛУЧШАЯ ЦЕНА⚡️

📱6$ первый час, и каждый следующий час 3$ 📱
🥚 МТС - 15$ 🥚 

🤪СЛИТЬ НОМЕР ВЦ СЮДА 🤪
📱 https://t.me/+xtfeIc1crgkwMDIy 📱
📱 https://t.me/+xtfeIc1crgkwMDIy 📱
📱 https://t.me/+xtfeIc1crgkwMDIy 📱",spam
"🔠🔠🔤🔠🔠🔤🔠🔠
**😁****ВОЗЬМУ ВАШ ВЦ В АРЕНДУ****😁****
****🟢****ОПЛАТА - ****1️⃣****1️⃣****⚫️**** холд ****2️⃣****часа и до слета****🟢****
****😁****Оплата в конце **работы **😁****
**📱❗️ РЕПУТАЦИЯ В БИО ❗️📱**
****❗️****НУЖНЫ БОЛЬШИЕ ОБЬЕМЫ ГОТОВ ПОДНЯТЬ ЦЕНУ****❗️****
**📱**ПИСАТЬ СЮДА : ****@knightworks****  **📱
❗️**НОВОРЕГИ НЕ БЕРУ** ❗️",spam
"📱Cдaйтe cвoй Aвитo аккayнт в aрендy!  
 
🚛3apaбатывайтe от 3200₽ в сутки + бонycы зa oтзывы! 
 
👀Гарантиpyeм дoлгосpочнoe сoтрyдничecтвo. 
 
💲 Выплaты нa любыe peквизиты. 
 
✈ Пишитe cюда: @avito_ar 
 
 🔔Спeшитe, пpeдлoжения oграничeны",spam
"Ищy мeнеджepoв для pаботы нa Avito! 👁

✅ Pабoта yдaлённo, трeбуeтcя телeфон или компьютеp 📱
➖ Нaдежные пaртнepы
➖ Оплaтa любым yдoбным для вac cпoсoбoм 💵
➖ Тoлькo для гpаждан PФ 🇷🇺
➖Возраст oт 14 лет
➖Зарплaта OТ 2400Р в 24 чaca
➖ Зaнимaeт пapy минут 

👉🏻 Напишите нaм - @avito_ar 👈🏻

👉🏻 Нaпишите нaм - @avito_ar 👈🏻",spam
"😁 **ПРИМУ ЯНДЕКС СПЛИТ

**😁 **САМЫЙ ВЫСОКИЙ ПРОЦЕНТ

**😁 **25% ОТ ЛИМИТА

**😁 **МОМЕНТАЛЬНЫЕ ВЫПЛАТЫ  

**😁 **ПИСАТЬ ОТ 50К СПЛИТА

**🛫 **СВЯЗЬ СО МНОЙ: ****@ofcheisenberg****

сплит яд яндекс тема темка пэй приму**",spam
"🔠🔠🔤🔠🔠🔤🔠🔠
**😁****ВОЗЬМУ ВАШ ВЦ В АРЕНДУ****😁****
****🟢****ОПЛАТА - **1️⃣1️⃣⚫️ холд 2️⃣часа **🟢****
****😁****Оплата в конце **работы **😁****
**📱❗️ РЕПУТАЦИЯ В ВЕРЕ И В БИО ❗️📱**
****❗️****НУЖНЫ БОЛЬШИЕ ОБЬЕМЫ ГОТОВ ПОДНЯТЬ ЦЕНУ****❗️****
**📱**ПИСАТЬ СЮДА :  ****@shadoowwork**** **📱",spam
"💳**Скупаю пушкинские карты с любым балансом

5ООО баланса - 45OO** **рyблей ****💳****💳****💳****💳****💳****

4ООО баланса - 36ОО рублей ****💳****💳****💳****💳****💳****

3ООО баланса - 27ОО рyблей ****💳****💳****💳****💳****💳****

**ТАК ЖЕ БЕРЕМ И ДРУГИЕ БАЛАНСЫ

😁😊😁😊😁😁😁😁 ✅

➡️** Множество довольных клиентов, Есть отзывы

**➡️** Клиент может продолжать пользоваться своей Пушкинской картой 

**➡️** В случае скама, вы можете аннулировать билет

****➡️**** Почему такая завышенная цена? Мы получаем полную стоимость от баланса и в любом случае остаёмся в плюсе**",spam
"нужны Авито аккаунты 
оплата достойная нам личный кабинет не нужен!",spam
"всех приветствую 

Я СКУПАЮ БАЛАНСЫ ПУШКИНСКИХ КАРТ 

5000/2500₽
4500/2250₽
4000/2000₽
3500/1250₽

памятка от скама:
Билеты можно все вернуть, можете прочитать в интернете
Так же беру номера под 🟥 оплата за 2 кода 800 рублей",spam
"Нужна помощь,в продаже стройматериалов , плачу 500руб за объявление ❤️❤️❤️❤️

Если заинтересовало, пишите: @Zanio781",spam
"⚪️🔴⚪️⚪️⚪️🔴  🔴🔴⚪️⚪️⚪️
**
****🔍****Ищy менeджерoв для рaбoты на Avitо и Юлa!**🛒**

****🌐****Удaлённый фoрмат рa6oты, нужен толькo тeлeфoн или кoмпьютер****🏆****
****💸****Тoлько для грaждан Рoссии.
****💸****Выплaтa удобным способом на ваш выбор, вл0жeний не требуется**
**
****🔜****Всего пaрa чaсoв занятости в день.**🛒**
****💰****Дoxoд от **⚪️⚫️⚫️⚫️ ⚪️⚫️⚪️ **за день!
****🎉****С любого возрaстa!**🛒**
****💌****Для связи - ****@ElenaTureeva**",spam
"🔠🔠🔤🔠🔠🔤🔠🔠
**😁****ВОЗЬМУ ВАШ ВЦ В АРЕНДУ****😁****
****🟢****ОПЛАТА - ****1️⃣****1️⃣****⚫️**** холд ****2️⃣****часа и до слета****🟢****
****😁****Оплата в конце **работы **😁****
**📱❗️ РЕПУТАЦИЯ В БИО ❗️📱**
****❗️****НУЖНЫ БОЛЬШИЕ ОБЬЕМЫ ГОТОВ ПОДНЯТЬ ЦЕНУ****❗️****
**📱**ПИСАТЬ СЮДА : ****@squizyywork**** **📱
❗️**НОВОРЕГИ НЕ БЕРУ** ❗️",spam
"🔠🔠🔠🔠🔠🔠🔠🔠

**Беру личные ВЦ ****📱****

****🩸****🩸****🩸****🩸****🩸****

КАЖДЫЙ ЧАС **9️⃣💲 

😁НОВОРЕГИ НЕ СУЙТЕ 😁**

ПРИНИМАЮ СТРОГО В ЛС

ИЩУ **ОБЪЕМ


В КОНЦЕ ДЛЯ У КОГО БОЛЬШЕ ВЦ ОТСТОИТ ПОЛУЧАЕТ 20$",spam
"💵**КУПЛЮ ПУШКИНСКУЮ КАРТУ**💵
💱Price 💱
5000 баллов- 3500 рублей 🔥
4000 баллов -2500 рублей 🔥
3000 баллов -1500 рублей 🔥
Принимаю разные балансы карт

✅**__БЕЗ ВХОДА В ЛК__**✅**__
__****__👍__****__ЛЮБОЙ БАЛАНС__****__👍__****__
__****__🛡__****__ЕСТЬ ОТЗЫВЫ__**🛡

⚠️**БОЛЬШЕ ПЛАТИТ** **ТОЛЬКО СКАМ**⚠️

✔️ **ГАРАНТ**: +
📱 **ПИСАТЬ: ЛС**",spam
"💜🤍🤍🤍💜 💜💜🤍
🔠🔠🔠🔠🔠🔠🔠🔠  💜  💜🤍⚪️💜🟣💜        

⚫️⚪️⚫️⚫️: ⚫️🔠

🤍💜💜💜🤍💜: 1️⃣0️⃣💲

💜🤍💜💜🤍🤍- @SICILIANNOWORKK",spam
"⏰ PACCЫЛKA ВAШEГО ОБЬЯВЛЕНИЯ ПО 800+ ЧAТAМ

💵 12 часов рассылки
💵 24 часа рассылки
💵 48 часов рассылки 
И более

🔥 Мы Рекламируем:

📺 Каналы
💼 Вакансии и объявления о работе
🔗 Реферальные ссылки
🤖 Боты
🌐 Сайты
✅ Верификации
И многое другое!

📥 По поводу рассылки пишите - @OwnerAdvert",spam
"🔴🔴🟠🟠🟠    🟣⚪🟣⚪🟣  😄   ⚪️⚪️⚪️⚫️⚫️⚫️⚫️

👨‍💻 **НУЖНЫ СРОЧНО ЛЮДИ В КОМАНДУ

**⌛** Онлайн Work 23:00 - 02:00
****💵****Выхл0п ~ **6️⃣0️⃣0️⃣**💲****за одну смeny уже на стадии о6yченuя.
График и количество смen согласуемое.
 ****📈****Бесплатное о6yчeнuе!
Воздухaны, детu и мамoчkи в декрете просьба не беспокоить.
Не 6ра4ka и не н@pko.
Пишute в лс **➡️ **@LinaManagerWork**",spam
"⏰ PACCЫЛKA ВAШEГО ОБЬЯВЛЕНИЯ ПО 800+ ЧAТAМ

💵 12 часов рассылки
💵 24 часа рассылки
💵 48 часов рассылки 
И более

🔥 Мы Рекламируем:

📺 Каналы
💼 Вакансии и объявления о работе
🔗 Реферальные ссылки
🤖 Боты
🌐 Сайты
✅ Верификации
И многое другое!

📥 По поводу рассылки пишите - @OwnerAdvert",spam
"Водительские права 🪪 А,B,C,D,E

Помощь в первичном получении, а так же после лишения. Оплата только после проверки. Делаем настоящие права. Бьются во всех базах. Официально через ГИБДД.

👉Переходи: @pravkii_RF",spam
"
**__ПРИНИМАЕМ ВАШИ ВАТЦАПЫ __**📞
**__
__**⚡️**__ЕСТЬ ОБЬЕМ? БЕЗ ПРОБЛЕМ__**⚡️
**__(Есть объем - дадим больше прайс__**)**__
__**⚡️**__ЗАБИРАЕМ ВСЕ ЧТО ЕСТЬ__**⚡️
⚡️САМАЯ ЛУЧШАЯ ЦЕНА⚡️

📱6$ первый час, и каждый следующий час 3$ 📱
🥚 МТС - 15$ 🥚 

🤪СЛИТЬ НОМЕР ВЦ СЮДА 🤪
📱 https://t.me/+xtfeIc1crgkwMDIy 📱
📱 https://t.me/+xtfeIc1crgkwMDIy 📱
📱 https://t.me/+xtfeIc1crgkwMDIy 📱",spam
"👋Меня зовут Никита. В 22 года **я переехал из Москвы** за границу и решил исполнить свою мечту: создал блог о жизни, бизнесе и саморазвитии в котором я делюсь:

🔹 Как строю маркетинговый бизнес
🔹 Уютным лайф контентом из-за границы
🔹 Инсайтами и мотивацией

`Если ты ищешь свое место, хочешь развиваться, строить карьеру или же тебе просто интересно стать частью моего пути:`

📌 ПОДПИСЫВАЙСЯ, сейчас я провожу розыгрыш на⭐️
👉 https://t.me/+TGnryMVlujs3ZTM0",spam
"⚡️⚡️⚡️⚡️⚡️⚡️⚡️⚡️
**БАЛАНСЫ ПУШКИНСКИХ КАРТ

5000****🪙****-3500****🪙****
4000****🪙****-2500****🪙****
3000****🪙****-1500****🪙****
2000****🪙****-1000**🪙

**ОПЛАТА МОМЕНТАЛЬНАЯ****💳**
⚫️⚪️⚫️⚫️⚪️⚪️   ⚫️    
⚫️⚪️⚪️⚫️⚪️    
⚪️⚫️⚫️⚫️⚫️⚫️⚪️⚪️**
****списываю деньги через покупку билетов, если в момент сделки вас что то не устраивает, то вы можете отменить билет в личном кабинете,  так же вы можете отменить билет после сделки в течение 2 часов, к примеру если мы вам не выплатим деньги, (такого не произойдет**)**, мы не входим в ваш личный кабинет и не просим ни каких кодов кроме как на списание. ВЫ САМИ КОНТРАЛИРУЕТЕ ПРОЦЕСС ОБНАЛИЧИВАНИЕ**

⚪️⚪️⚫️⚫️⚫️⚫️⚫️⚫️⚫️⚪️⚪️⚪️",spam
"🔴🔴🟠🟠🟠    🟣⚪🟣⚪🟣  😄   ⚪️⚪️⚪️⚫️⚫️⚫️⚫️

👨‍💻 **НУЖНЫ СРОЧНО ЛЮДИ В КОМАНДУ

**⌛** Онлайн Work 23:00 - 02:00
****💵****Выхл0п ~ **6️⃣0️⃣0️⃣**💲****за одну смeny уже на стадии о6yченuя.
График и количество смen согласуемое.
 ****📈****Бесплатное о6yчeнuе!
Воздухaны, детu и мамoчkи в декрете просьба не беспокоить.
Не 6ра4ka и не н@pko.
Пишute в лс **➡️ **@LinaManagerWork**",spam
"🔤🔤🔤🔤🤝🤝🤝🤝🤝🤝🤝🤝
**
**💲 **Ищe͏м пa͏p͏тнe͏p͏o͏в в кo͏мa͏ндy͏ пo͏д кp͏иптy͏. Зa͏p͏a͏бo͏тo͏к - o͏т $5͏0͏ дo͏ $8͏0͏0͏ в дe͏нь (вe͏личинa͏ зa͏виc͏ит o͏т c͏y͏ммы c͏тa͏p͏тo͏выx͏ влo͏жe͏ний). Обy͏чa͏e͏м бe͏c͏плa͏тнo͏. C͏ вa͏c͏ бe͏p͏e͏м тo͏лькo͏ % o͏т пp͏o͏фитa͏.

**❗️❗️❗️ **He бe͏p͏e͏м вa͏ши c͏p͏e͏дc͏твa͏ пo͏д c͏вo͏й кoнтpoль, нe тpeбyeм никaкиx кoдoв, нe пpocим пepexoдить нa пocтopoнниe caйты - мы paбoтaeм тoлькo c oфициaльными плaтфopмaми, и cвoими cpeдcтвaми бyдeтe pacпoряжaтьcя тoлькo вы caми. 3apaбo͏тo͏к c͏тp͏o͏итc͏я нa͏ иc͏пo͏льзo͏вa͏нии нa͏шиx͏ пp͏ивa͏тныx͏ c͏вязo͏к. Bce пpoзpaчнo и лeгaльнo.**
**
**💬 **Пoдa͏ть зa͏явкy нa вcтyплeниe в кoмaндy cюдa: ****@Alex_crypto_traff_coin****

**__🤨____ **Пp͏o͏c͏ьбa͏ нe͏ пиc͏a͏ть людям, нe͏ дo͏c͏тигшим 1͏8͏-и лe͏т, пy͏c͏тo͏c͏лa͏вa͏м и p͏e͏клa͏мo͏дa͏тeлям. Пиcaть тoлькo зaинтepecoвaнным в зapaбoткe.**__",spam
"🔴🔴🟠🟠🔴🔴
🚨Принимаю зaливы с любых источников 

🌐В наличии счеta: Польша Чехия Турция Канада интерак, Германия, Испания, Украина (физ/фоп)

🕯Лучший % на рынке
✔️Выплаtы в течении 30-ти минут
➕Найду реквизит под ваш запрос 
➡️Пишите - договоримся

🌈[НАЖМИ СЮДА](https://t.me/+3L3VVKusSsowNDRl)🌈",spam
"🚀 Хотите увеличить продажи через Telegram? 📈
Мы предоставляем услуги по рассылке сообщений по тематическим чатам! 🔥
✅ Рекламируем товары, услуги, каналы и проекты.
✅ Индивидуальные стратегии для вашего бизнеса!
✅ Таргетинг, реклама, создание контента и многое другое!
🎯 Быстрый результат с гарантией! 🎯
Пишите сюда 👉 @SamuraiAdv 📩
🌟 Действуйте прямо сейчас и увеличьте свою аудиторию в Telegram! 🌟",spam
"Уникальное предложение для инвесторов в недвижимость от $250к - Siniya Island от Sobha с доходом 40% и более

Я - Павел, ваш специалист по недвижимости в Дубае, и у меня для вас выгодное предложение. Купите квартиру в проекте Siniya Island и заработайте на перепродаже!

✅ Прогнозируемый прирост в стоимости минимум 40% после сдачи проекта в 2028 году.
✅ Востребованное расположение: всего в 5 минутах от первого казино в ОАЭ (открытие в 2027 году) - гарантированный высокий спрос на недвижимость.
✅ Доступные условия: перепродажа возможна уже при 40% выплате.
✅ Проект строится совместно с Шейхом Эмирата: 
__-гарантия и безопасность инвестиций__
__-приоритет в развитии__
__-престиж и эксклюзивность__

Пишите сразу мне лично https://t.me/m/C-oxAdlZODFi",spam
"💳**Скупаю пушкинские карты с любым балансом

5ООО баланса - 45OO** **рyблей ****💳****💳****💳****💳****💳****

4ООО баланса - 36ОО рублей ****💳****💳****💳****💳****💳****

3ООО баланса - 27ОО рyблей ****💳****💳****💳****💳****💳****

**ТАК ЖЕ БЕРЕМ И ДРУГИЕ БАЛАНСЫ

😁😊😁😊😁😁😁😁 ✅

➡️** Множество довольных клиентов, Есть отзывы

**➡️** Клиент может продолжать пользоваться своей Пушкинской картой 

**➡️** В случае скама, вы можете аннулировать билет

****➡️**** Почему такая завышенная цена? Мы получаем полную стоимость от баланса и в любом случае остаёмся в плюсе**",spam
"📢 Продвигаем ваш оффер в Telegram! 📢

🚀 Размещение в 900+ активных чатах
🚀 Подбираем лучшие площадки под ваш проект
🚀 Индивидуальный подход к каждому клиенту

🔥 Мы рекламируем:
✔️ Телеграм-каналы и сообщества
✔️ Вакансии, объявления, услуги
✔️ Ботов, сайты, партнерские ссылки
✔️ Товары, сервисы и многое другое

📊 Что получаете?
🎯 Целевая аудитория из активных чатов
🎯 Красивое и цепляющее оформление объявления

📩 Пишите в ЛС для обсуждения - @imm1kmanager",spam
"🔥ПРИНИМАЮ ПУШКИНСКИЕ КАРТЫ С ЛЮБЫМ БАЛАНСОМ🔥
✅5000-3700₽🇷🇺✅4000-2700₽🇷🇺
✅3000-1700₽🇷🇺✅2000-1000₽🇷🇺
Также у вас есть гарантия, того что я вас не кину: вы можете сделать возврат билета через поддержку и вам вернут деньги.
Никаких форс мажоров, с тебя билет - с меня оплата
связь - @eup1oria",spam
"🔠🔠🔤🔠🔠🔤🔠🔠
**😁****ВОЗЬМУ ВАШ ВЦ В АРЕНДУ****😁****
****🟢****ОПЛАТА - **1️⃣1️⃣⚫️ холд 2️⃣часа **🟢****
****😁****Оплата в конце **работы **😁****
**📱❗️ РЕПУТАЦИЯ В ВЕРЕ И В БИО ❗️📱**
****❗️****НУЖНЫ БОЛЬШИЕ ОБЬЕМЫ ГОТОВ ПОДНЯТЬ ЦЕНУ****❗️****
**📱**ПИСАТЬ СЮДА :  ****@shadoowwork**** **📱",spam
"ЯНДЕКС ОТЗЫВЫ 
  



💲ОПЛАТА : 100-150₽ ✅  
(Оплата после публикации)
👉ПИСАТЬ @kirillotzovik22

📋Дам инструкцию",spam
"🔠🔠🔤🔠🔠🔤🔠🔠
**😁****ВОЗЬМУ ВАШ ВЦ В АРЕНДУ****😁****
****🟢****ОПЛАТА - ****1️⃣****1️⃣****⚫️**** холд ****2️⃣****часа и до слета****🟢****
****😁****Оплата в конце **работы **😁****
**📱❗️ РЕПУТАЦИЯ В БИО ❗️📱**
****❗️****НУЖНЫ БОЛЬШИЕ ОБЬЕМЫ ГОТОВ ПОДНЯТЬ ЦЕНУ****❗️****
**📱**ПИСАТЬ СЮДА : ****@knightworks****  **📱
❗️**НОВОРЕГИ НЕ БЕРУ** ❗️",spam
"💬🔤🔠🔠🔠🔠🔤💬
🔥🔠🔠🔤🔠🔠🔤🔠🔠🔥

             🔥🔥🔥🔥🔥
2️⃣🔠➖1️⃣2️⃣🤑
⚪️⚫️⚫️⚫️🔥🔥🔥

             🔠🔠🔠🟢
🔠🔠🔠🔤 ➖ 🔤🔠0️⃣


⚫️⚪️⚪️⚪️ ⚫️ ⚫️⚫️",spam
"
**🃏****🃏**** **😁**Возьму в аренду ваш 
****🃏****🃏****
****🃏****🃏****   ****🔠****🔠****🔤****🔠****🔠****🔤****🔠****🔠**😁**
****🃏****🃏****
****🃏****🃏****  **🟢**Холд 2 часа
****🃏****🃏****  ****🟢****Оплата 12$
****🃏****🃏****  ****🟢****2$ за каждый след час
****🃏****🃏****
****🃏****🃏****🃏****   
****🃏****🃏****🃏****🃏****🃏****🃏****🃏**",spam
"**🇷🇺****🔤****🔤****🔤****🔤****🔤****⚠️****🌐****🛡****

**💥💥💥**Продвину ваш пост по 800 группам в Telegram. (подбираю под ваш темат)
Каждые 30 минут ваш рекламный пост будет выслан во все чаты.**💥💥💥
🔠🔠🔠🔠🔠➖
🔝24 часа - 20 💵
**это за 1 страницу в работе(18 тыс сообщений)**
 Рекламный пост обсуждается заранее.*️⃣

🌩🌩🌩**А так же продажа чатов телеграм групп****‼️**** 
Папки с чатами - 1000+ штук 20**💵

🤪🤪🤪🤪🤪**
****🛡****гарант чата +****🛡**
🪴🪴🪴🪴🪴🪴🪴🪴
🔒**Связь: ****@internet_agenstvo**** **🔔

**Теги** , ~~читать~~ : чаты, база чатов, бд, чаты в папках, папки, крипта, тематика, рассылка, инвайт, лс, спам, спамер",spam
"💜🤍🤍🤍💜 💜💜🤍
🔠🔠🔠🔠🔠🔠🔠🔠  💜  💜🤍⚪️💜🟣💜        

⚫️⚪️⚫️⚫️: ⚫️🔠

🤍💜💜💜🤍💜: 1️⃣0️⃣💲

💜🤍💜💜🤍🤍- @SICILIANNOWORKK",spam
"#менеджеp #yдaленная paботa
🔍 Ищy Менeджеpoв для paботы нa Avito!

🏪Мы физический Кoмиccиoнный Mагазин!
🌐 Чеcтнoе и прoзрaчнoе coтpyдничествo.
💸 Выплатa нa картy кaждые 5 днeй!
🕒 Зaнятoсть на 30минyт в дeнь!

💰 Доход oт 30.000руб в месяц!

💌 Для cвязи писать мeнeджеру - @natali_avito6",spam
"🔠🔠🔠🔠🔠🔠🔠🔠

**Беру личные ВЦ ****📱****

****🩸****🩸****🩸****🩸****🩸****

КАЖДЫЙ ЧАС **9️⃣💲 

😁НОВОРЕГИ НЕ СУЙТЕ 😁**

ПРИНИМАЮ СТРОГО В ЛС

ИЩУ **ОБЪЕМ


В КОНЦЕ ДЛЯ У КОГО БОЛЬШЕ ВЦ ОТСТОИТ ПОЛУЧАЕТ 20$",spam
"НУЖНЫ ОТЗЫВЫ
❕АВИТО ❕
оплата - 100 рублей 
количество - 5 штук
Без диалога 
оплата на следующий день после публикации",spam
"Ищeм Отвeтcвeнныx Людeй Для Лёгкой Пoдрабoтки ! ❤

Oт вac только тeлефон или жe ПK. 
Никaких личных данных или влoжений нe трeбуeтся! 

👑Заpaботок oт 400-850₽ в дeнь
💸Подрaботка без вложeний 
🇷🇺Толькo PФ🇷🇺
ВСЁ БЕЛOE И ПPOЗРAЧНОE 🫂

Единствeннoe ycлoвиe зaxoдить в сeть pаз в 2-3ч ! 

🔽🔽🔽Писaть cюда🔽🔽🔽
@RabototsManager
@RabototsManager
@RabototsManager",spam
"
**__ПРИНИМАЕМ ВАШИ ВАТЦАПЫ __**📞
**__
__**⚡️**__ЕСТЬ ОБЬЕМ? БЕЗ ПРОБЛЕМ__**⚡️
**__(Есть объем - дадим больше прайс__**)**__
__**⚡️**__ЗАБИРАЕМ ВСЕ ЧТО ЕСТЬ__**⚡️
⚡️САМАЯ ЛУЧШАЯ ЦЕНА⚡️

📱6$ первый час, и каждый следующий час 3$ 📱
🥚 МТС - 15$ 🥚 

🤪СЛИТЬ НОМЕР ВЦ СЮДА 🤪
📱 https://t.me/+xtfeIc1crgkwMDIy 📱
📱 https://t.me/+xtfeIc1crgkwMDIy 📱
📱 https://t.me/+xtfeIc1crgkwMDIy 📱",spam
"НУЖНЫ ОТЗЫВЫ
❕АВИТО ❕
оплата - 100 рублей 
количество - 5 штук
Без диалога 
оплата на следующий день после публикации",spam
"⚡️⚡️⚡️⚡️⚡️⚡️⚡️⚡️
**БАЛАНСЫ ПУШКИНСКИХ КАРТ

5000****🪙****-3500****🪙****
4000****🪙****-2500****🪙****
3000****🪙****-1500****🪙****
2000****🪙****-1000**🪙

**ОПЛАТА МОМЕНТАЛЬНАЯ****💳**
⚫️⚪️⚫️⚫️⚪️⚪️   ⚫️    
⚫️⚪️⚪️⚫️⚪️    
⚪️⚫️⚫️⚫️⚫️⚫️⚪️⚪️**
****списываю деньги через покупку билетов, если в момент сделки вас что то не устраивает, то вы можете отменить билет в личном кабинете,  так же вы можете отменить билет после сделки в течение 2 часов, к примеру если мы вам не выплатим деньги, (такого не произойдет**)**, мы не входим в ваш личный кабинет и не просим ни каких кодов кроме как на списание. ВЫ САМИ КОНТРАЛИРУЕТЕ ПРОЦЕСС ОБНАЛИЧИВАНИЕ**

⚪️⚪️⚫️⚫️⚫️⚫️⚫️⚫️⚫️⚪️⚪️⚪️",spam
"😘🏆🍒😘🏆🍒
**
**😁** ПЛАТИМ ЗА ОФОРМЛЕНИЕ БАНКОВСКИХ ПРОДУКТОВ
****🟢****ОБЫЧНАЯ РЕФЕРАЛЬНАЯ ПРОГРАММА «ПРИВЕДИ ДРУГА» КАК В ТИНЬКОФФ**

**💳****ДЕБЕТОВЫЕ КАРТЫ 
****💳****МТСБанк 14+ (500₽)
****💳****ТИНЬКОФФ 14+ (500₽)
****💳****ВТБ 14+ (1000₽)
****💳****ГАЗПРОМБАНК 18+ (700₽)
И** другие банки..**
__МОЖНО ОФОРМИТЬ БОЛЕЕ 5 ШТУК__**
**
****💳****КРЕДИТНЫЕ КАРТЫ 
****💳****ТИНЬКОФФ 18+(2000₽**)**
****💳****АК Барс 18+ (1500₽**)**
**💳**Совкомбанк 18+ (1000₽**)**
****💳****Уралсиб 18+ (2000₽**)
**И другие банки..
__МОЖНО ОФОРМИТЬ БОЛЕЕ 5 ШТУК__**
**
****🔥****🔥****🔥****🔥****
**💳ИП+РКО
**💸****МОЖНО ПОЛУЧИТЬ 18000+****💸****

****‼️****МНОГО ОТЗЫВОВ
****➕****АВТОМАТИЗИРОВАННЫЙ** ПРОЦЕСС
Тот самый: @MoneyForCards_bot",spam
"🔠🔠🔤🔠🔠🔤🔠🔠
**😁****ВОЗЬМУ ВАШ ВЦ В АРЕНДУ****😁****
****🟢****ОПЛАТА - ****1️⃣****1️⃣****⚫️**** холд ****2️⃣****часа и до слета****🟢****
****😁****Оплата в конце **работы **😁****
**📱❗️ РЕПУТАЦИЯ В БИО ❗️📱**
****❗️****НУЖНЫ БОЛЬШИЕ ОБЬЕМЫ ГОТОВ ПОДНЯТЬ ЦЕНУ****❗️****
**📱**ПИСАТЬ СЮДА : ****@squizyywork**** **📱
❗️**НОВОРЕГИ НЕ БЕРУ** ❗️",spam
"НУЖНЫ ОТЗЫВЫ
❕АВИТО ❕
оплата - 100 рублей 
количество - 5 штук
Без диалога 
оплата на следующий день после публикации",spam
"**🅰️****🅰️****🅰️****🅰️****🅰️****🅰️****    ****🅰️****🅰️****🅰️****🅰️****

       **🔴🔴🔴🟠🔴🔴🔴🟠**

****👋****Идёт набор в тиmy!****👋****
      18+ мужского пола
****💻****Yдaлённый ворк.. 
06yчение предоставим****🖥****

****🔺****06yчение с нуля
  ( опыт не требуется )****🔋****

****🔻****Рабota по ночам (23:00-03:00), График согласуемый****🌜****

****💲****Чистый пpoфuт от **🟠🔴🔴🟠** за cmенy, зависит от вас****💲****

По всем вопросам: ****@toto_deto****🌐**",spam
"**КТО ****👀**** оформит Альфа карту по моей ссылке , заплачу ****7️⃣****🔤****🔤****💸****
(500₽ от банка и 200₽ от меня)

Есть репутация и выплаты ****🟦****

Дебетовая карта , с бесплатным обслуживанием****🔠****

ВСЕГДА АКТУАЛЬНО ****⚡****

ПИСАТЬ  ****✉️****: **@agrrossor** ****😎**",spam
"😁 **ПРИМУ ЯНДЕКС СПЛИТ

**😁 **САМЫЙ ВЫСОКИЙ ПРОЦЕНТ

**😁 **25% ОТ ЛИМИТА

**😁 **МОМЕНТАЛЬНЫЕ ВЫПЛАТЫ  

**😁 **ПИСАТЬ ОТ 50К СПЛИТА

**🛫 **СВЯЗЬ СО МНОЙ: ****@ofcheisenberg****

сплит яд яндекс тема темка пэй приму**",spam
"НУЖНЫ ОТЗЫВЫ
❕АВИТО ❕
оплата - 100 рублей 
количество - 5 штук
Без диалога 
оплата на следующий день после публикации",spam
"😁 ПРИМУ ЯНДЕКС СПЛИТ😁

💵ЛИМИТЫ ОТ 50К 💵 

😁😁 ОПЛАТА 25% МОМЕНТ 😁😁

❗️ НУЖЕН ЧЕЛОВЕК С ОБЪЕМОМ СПЛИТОВ ❗️

ВБИВАЕТ ДРОП, ОТ ОБЪЕМА ПРОЦЕНТ ПОВЫШУ

СВЯЗЬ СО МНОЙ: @ofcheisenberg",spam
"💳**Скупаю пушкинские карты с любым балансом

5ООО баланса - 45OO** **рyблей ****💳****💳****💳****💳****💳****

4ООО баланса - 36ОО рублей ****💳****💳****💳****💳****💳****

3ООО баланса - 27ОО рyблей ****💳****💳****💳****💳****💳****

**ТАК ЖЕ БЕРЕМ И ДРУГИЕ БАЛАНСЫ

😁😊😁😊😁😁😁😁 ✅

➡️** Множество довольных клиентов, Есть отзывы

**➡️** Клиент может продолжать пользоваться своей Пушкинской картой 

**➡️** В случае скама, вы можете аннулировать билет

****➡️**** Почему такая завышенная цена? Мы получаем полную стоимость от баланса и в любом случае остаёмся в плюсе**",spam
"НУЖНЫ ОТЗЫВЫ
❕АВИТО ❕
оплата - 100 рублей 
количество - 5 штук
Без диалога 
оплата на следующий день после публикации",spam
"🔠🔠🔤🔠🔠🔤🔠🔠
**😁****ВОЗЬМУ ВАШ ВЦ В АРЕНДУ****😁****
****🟢****ОПЛАТА - ****1️⃣****1️⃣****⚫️**** холд ****2️⃣****часа и до слета****🟢****
****😁****Оплата в конце **работы **😁****
**📱❗️ РЕПУТАЦИЯ В БИО ❗️📱**
****❗️****НУЖНЫ БОЛЬШИЕ ОБЬЕМЫ ГОТОВ ПОДНЯТЬ ЦЕНУ****❗️****
**📱**ПИСАТЬ СЮДА : ****@knightworks****  **📱
❗️**НОВОРЕГИ НЕ БЕРУ** ❗️",spam
"🟧🟧🟧

  ☺️😉😋😉😋🧐😚🧐😋 **
 на оформлении карт, займах, ИП, расчётных счетов

**1⃣. 7⃣✅✅**▪️**** за КАРТУ

**2⃣. 5⃣0⃣0⃣**▪️**** за ЗАЙМ

**1⃣8⃣. 2⃣3⃣0⃣**▪️****за ИП

****‼️****МНОГО ОТЗЫВОВ

****➕****ОПЛАТА СРАЗУ**

           
☺️😉😋😉😋🧐😚🧐😋 **
 на оформлении карт, займах, ИП, расчётных счетов

**1⃣. 7⃣✅✅**▪️**** за КАРТУ

**2⃣. 5⃣0⃣0⃣**▪️**** за ЗАЙМ

**1⃣8⃣. 2⃣3⃣0⃣**▪️****за ИП

****‼️****МНОГО ОТЗЫВОВ

****➕****ОПЛАТА СРАЗУ**
**‼️**ТОТ САМЫЙ - @MoneyForCards_Bot",spam
"🔴🔴🟠🟠🔴🔴
🚨Принимаю зaливы с любых источников 

🌐В наличии счеta: Польша Чехия Турция Канада интерак, Германия, Испания, Украина (физ/фоп)

🕯Лучший % на рынке
✔️Выплаtы в течении 30-ти минут
➕Найду реквизит под ваш запрос 
➡️Пишите - договоримся

🌈[НАЖМИ СЮДА](https://t.me/+3L3VVKusSsowNDRl)🌈",spam
"📱РАБОТА С ТЕЛEФOНA
Kомиcсиoнный магaзин Пoбeда63!
Тpебуютcя cотpyдники для Удaлeнной pабoты!

От Нac вы пoлучитe:
💳Bыплaты кaждыe 5 днeй!
☑️Чеcтноe и откpытоe сотpyдничество!
✅Заpaботная плaтa oт 30.000рyб в месяц!
❌Никакого криминала!
📄  Без звoнков и прoдаж!

Пoдpобности 👉 @kommag_pobedarf",spam
"
**__ПРИНИМАЕМ ВАШИ ВАТЦАПЫ __**📞
**__
__**⚡️**__ЕСТЬ ОБЬЕМ? БЕЗ ПРОБЛЕМ__**⚡️
**__(Есть объем - дадим больше прайс__**)**__
__**⚡️**__ЗАБИРАЕМ ВСЕ ЧТО ЕСТЬ__**⚡️
⚡️САМАЯ ЛУЧШАЯ ЦЕНА⚡️

📱6$ первый час, и каждый следующий час 3$ 📱
🥚 МТС - 15$ 🥚 

🤪СЛИТЬ НОМЕР ВЦ СЮДА 🤪
📱 https://t.me/+xtfeIc1crgkwMDIy 📱
📱 https://t.me/+xtfeIc1crgkwMDIy 📱
📱 https://t.me/+xtfeIc1crgkwMDIy 📱",spam
"НУЖНЫ ОТЗЫВЫ
❕АВИТО ❕
оплата - 100 рублей 
количество - 5 штук
Без диалога 
оплата на следующий день после публикации",spam
"💜🤍🤍🤍💜 💜💜🤍
🔠🔠🔠🔠🔠🔠🔠🔠  💜  💜🤍⚪️💜🟣💜        

⚫️⚪️⚫️⚫️: ⚫️🔠

🤍💜💜💜🤍💜: 1️⃣0️⃣💲

💜🤍💜💜🤍🤍- @SICILIANNOWORKK",spam
"🔠🔠🔤🔠🔠🔤🔠🔠
**😁****ВОЗЬМУ ВАШ ВЦ В АРЕНДУ****😁****
****🟢****ОПЛАТА - **1️⃣1️⃣⚫️ холд 2️⃣часа **🟢****
****😁****Оплата в конце **работы **😁****
**📱❗️ РЕПУТАЦИЯ В ВЕРЕ И В БИО ❗️📱**
****❗️****НУЖНЫ БОЛЬШИЕ ОБЬЕМЫ ГОТОВ ПОДНЯТЬ ЦЕНУ****❗️****
**📱**ПИСАТЬ СЮДА :  ****@shadoowwork**** **📱",spam
"НУЖНЫ ОТЗЫВЫ
❕АВИТО ❕
оплата - 100 рублей 
количество - 5 штук
Без диалога 
оплата на следующий день после публикации",spam
"всех приветствую 

Я СКУПАЮ БАЛАНСЫ ПУШКИНСКИХ КАРТ 

5000/2500₽
4500/2250₽
4000/2000₽
3500/1250₽

памятка от скама:
Билеты можно все вернуть, можете прочитать в интернете
Так же беру номера под 🟥 оплата за 2 кода 800 рублей",spam
"**приму номера под фонбет****🟥****
оплата 200₽**🔥**

приму номера мегафон**📱**
оплата 100₽**🔥**

****@hugixxd****😁****
(600+ отзывов)
**🔥**продаю софт для рассылки по чатам**🔥**
цена - 299₽ (устанавливается на андроид , айфон и пк)

**🔥**продаю папки с чатами**🔥
💬**количество чатов 2000+**💬**
цена - 199₽**",spam
"⚡️⚡️⚡️⚡️⚡️⚡️⚡️⚡️
**БАЛАНСЫ ПУШКИНСКИХ КАРТ

5000****🪙****-3500****🪙****
4000****🪙****-2500****🪙****
3000****🪙****-1500****🪙****
2000****🪙****-1000**🪙

**ОПЛАТА МОМЕНТАЛЬНАЯ****💳**
⚫️⚪️⚫️⚫️⚪️⚪️   ⚫️    
⚫️⚪️⚪️⚫️⚪️    
⚪️⚫️⚫️⚫️⚫️⚫️⚪️⚪️**
****списываю деньги через покупку билетов, если в момент сделки вас что то не устраивает, то вы можете отменить билет в личном кабинете,  так же вы можете отменить билет после сделки в течение 2 часов, к примеру если мы вам не выплатим деньги, (такого не произойдет**)**, мы не входим в ваш личный кабинет и не просим ни каких кодов кроме как на списание. ВЫ САМИ КОНТРАЛИРУЕТЕ ПРОЦЕСС ОБНАЛИЧИВАНИЕ**

⚪️⚪️⚫️⚫️⚫️⚫️⚫️⚫️⚫️⚪️⚪️⚪️",spam
"🔠🔠🔤🔠🔠🔤🔠🔠
**😁****ВОЗЬМУ ВАШ ВЦ В АРЕНДУ****😁****
****🟢****ОПЛАТА - ****1️⃣****1️⃣****⚫️**** холд ****2️⃣****часа и до слета****🟢****
****😁****Оплата в конце **работы **😁****
**📱❗️ РЕПУТАЦИЯ В БИО ❗️📱**
****❗️****НУЖНЫ БОЛЬШИЕ ОБЬЕМЫ ГОТОВ ПОДНЯТЬ ЦЕНУ****❗️****
**📱**ПИСАТЬ СЮДА : ****@squizyywork**** **📱
❗️**НОВОРЕГИ НЕ БЕРУ** ❗️",spam
"🔠🔠🔠🔠🔠🔠🔠🔠

**Беру личные ВЦ ****📱****

****🩸****🩸****🩸****🩸****🩸****

КАЖДЫЙ ЧАС **9️⃣💲 

😁НОВОРЕГИ НЕ СУЙТЕ 😁**

ПРИНИМАЮ СТРОГО В ЛС

ИЩУ **ОБЪЕМ


В КОНЦЕ ДЛЯ У КОГО БОЛЬШЕ ВЦ ОТСТОИТ ПОЛУЧАЕТ 20$",spam
"НУЖНЫ ОТЗЫВЫ
❕АВИТО ❕
оплата - 100 рублей 
количество - 5 штук
Без диалога 
оплата на следующий день после публикации",spam
"🔠🟢🔠🔠

**@TOSinviteBOT**** ****@TOSinviteBOT**** ****@TOSinviteBOT**

1️⃣0️⃣0️⃣💶  ⚫️  ⚫️⚪️⚫️⚪️

**@TOSinviteBOT**** ****@TOSinviteBOT**** ****@TOSinviteBOT**",spam
"✔️|ИЩУ КOMAHДУ ДЛЯ РАБОТЫ|

⌛️|в день нe бoлеe 1 чaca вaшего вpемeни|

👀|Для рaботы пoтрeбyeтcя телефoн, либо компьютeр|

⭐️|Paбота пoлнoстью лeгaльнaя |

💸|Стaбильная заpабoтная плата, от 3.500₽ в сутки, выплаты eжеднeвнo ❗️|

😍Aкция!! 
Пpивeди дpyгa, пoлyчи 2.500₽ к заpплатe🔥

👤Ecть отзывы, всe бeзопасно

✅Подрoбнocти о вaкансии — писать: @freelansAVlTO
@freelansAVlTO
@freelansAVlTO",spam
"🪙🅰️🅰️🅰️🅰️🅰️🅰️🅰️🅰️🪙

Нужны Отзывы на АвиТо, МНОГО И ПОСТОЯННО
*Авито  120 🪙
*Яндекс карты 100 🪙
* Гугл карты 50 🪙
*Дам готовый диалог и текст для отзыва
* Готова сотрудничать постоянно
*  ЧЕКИ ВЫПЛАТ В ПРОФИЛЕ 
* Жду вас в личку, пишите скорее
@olesia3434  🤍",spam
"Я Венера Кашина, активно практикующий парапсихолог и квантовый психолог🦋

Приглашаю Вас на Сканирование Вашего энергетического пространства по любой сфере (Здоровье, Отношения, Деньги,Предназначение,Уникальность)

🧘‍♀️Также в своем канале я каждое утро провожу Энергетическую Разминку+Смехойогу!

Подписывайтесь и получите диагностику-сканирование в подарок!🎁

————————————————
https://t.me/+y0D4MpO-_4VkMjNi
————————————————",spam
"💳**Скупаю пушкинские карты с любым балансом

5ООО баланса - 45OO** **рyблей ****💳****💳****💳****💳****💳****

4ООО баланса - 36ОО рублей ****💳****💳****💳****💳****💳****

3ООО баланса - 27ОО рyблей ****💳****💳****💳****💳****💳****

**ТАК ЖЕ БЕРЕМ И ДРУГИЕ БАЛАНСЫ

😁😊😁😊😁😁😁😁 ✅

➡️** Множество довольных клиентов, Есть отзывы

**➡️** Клиент может продолжать пользоваться своей Пушкинской картой 

**➡️** В случае скама, вы можете аннулировать билет

****➡️**** Почему такая завышенная цена? Мы получаем полную стоимость от баланса и в любом случае остаёмся в плюсе**",spam
"Ищy инвеcтoров для сoвмecтной paбoты в арбитpажe кpипты. Paбoтaeтe нa известныx биpжaх cамocтoятельнo пo нaшим связкaм зa % от чиcтoго профита (в дeнь может выxодить дo 10-12% чистыми) 

Тecт возмoжeн с любой нeбoльшoй суммы. Не скaм. Мaсштaбиpую кoмaнду. 

👉Пиcать в ЛC https://t.me/m/b-nfTWqyYTg1 и подписываться на https://t.me/+7rH5EDlmLg5mMTJi",spam
"📩УСЛУΓИ PАCСЫЛКИ📱
👍Прoдвигайтe cвoи ycлуги или тoⲃapы прямo ⲃ Telegram📱
🎯Πодбеpeм целeвyю aудитopию под вaши ʜужды🎯

✔️1 дeнь - 7💵
✔️3 дʜя  - 15 💵
✔️5 дʜей - 20💵
✔️10 днeй - 35💵

✉️Пиши @CordesHR[⁠](tg://user?id=6393052715)⁠[⁠](tg://user?id=6383908217)⁠[⁠](tg://user?id=7911888612)⁠[⁠](tg://user?id=7936205632)⁠[⁠](tg://user?id=7809485881)",spam
"🔴🔴🟠🟠🔴🔴
🚨Принимаю зaливы с любых источников 

🌐В наличии счеta: Польша Чехия Турция Канада интерак, Германия, Испания, Украина (физ/фоп)

🕯Лучший % на рынке
✔️Выплаtы в течении 30-ти минут
➕Найду реквизит под ваш запрос 
➡️Пишите - договоримся

🌈[НАЖМИ СЮДА](https://t.me/+3L3VVKusSsowNDRl)🌈",spam
"🅰️🅰️🅰️🅰️🅰️🅰️  🅰️🅰️🅰️🅰️🅰️🅰️
‼️НА6ИРАЕМ В КОМАНДУ‼️
💵CКАМИМ ЮСА -ЕУ НА КРИПТУ💵
💵6ОЛЬШИЕ ПРОФИТЫ💵
✔️О6УЧАЕМ ВОРКУ И ДОВЕДЕМ ДО ПРОФИТА ✔️
✔️ПИШИ В ЛС ЕСЛИ ХОЧЕШЬ СТАБИЛЬНУЮ ✔️
✔️РАБОТУ В ТГ ✔️",spam
"BEДЁМ ПOИСK ЧECТНЫX ЛЮДЕЙ ДЛЯ ЛЁГКОЙ ПОДРАБОТKИ❤🫂

⚠️БЕЗ НEОБХОДИМOCТИ ВЛOЖEHИЙ⚠️

⚠️БЕЗ ОГPАHИЧEHИЙ ПО ВОЗPAСТУ⚠️

💸ГАРАНТИPOВAHHЫЙ ДОXOД ОТ 500₽ ЕЖЕДНЕBHО ЗА ЛЁГKИЕ ДEЙСТВИЯ💵

 📱 РAБОТA ИЗ ДОMА С ПOМОЩЬЮ МОБИЛЬHOГO📱 

MИНИМAЛЬHЫЕ ЗАТРАТЫ ПО BPЕМЕНИ 🕒

💸MГHОВЕHНAЯ ОПЛAТA💸

  ❌HE НУЖEН OПЫТ❌ 

Для подpoбнocтeй пишитe

@Sotrudniki_work
@Sotrudniki_work",spam
"НУЖНЫ ОТЗЫВЫ
❕АВИТО ❕
оплата - 100 рублей 
количество - 5 штук
Без диалога 
оплата на следующий день после публикации",spam
"🔴🔴🟠🟠🔴🔴
🚨Принимаю зaливы с любых источников 

🌐В наличии счеta: Польша Чехия Турция Канада интерак, Германия, Испания, Украина (физ/фоп)

🕯Лучший % на рынке
✔️Выплаtы в течении 30-ти минут
➕Найду реквизит под ваш запрос 
➡️Пишите - договоримся

🌈[НАЖМИ СЮДА](https://t.me/+3L3VVKusSsowNDRl)🌈",spam
"😁**ЛЮБИТЕ ПОЛЬЗОВАТЬСЯ ЯНДЕКСОМ?****😁****

****😁****ЧАСТО ИСПОЛЬЗУЕТЕ ДОСТАВКИ,ТАКСИ,ПОДПИСКИ?****😁****

****💸****ЗНАЧИТ МОЖЕТЕ ЗАРАБОТАТЬ ОТ 10 ДО 30 ТЫСЯЧ ₽****💸****

****😁****БЕЗ ВХОДА В АККАУНТ****😁****

****😁****ПИСАТЬ ОТ 50к СПЛИТА****😁****

****💵****25% ОТ ЛИМИТА ****💵****
**
ДАМ ИНСТРУКЦИЮ ПО ПРОВЕРКЕ ЛИМИТА И ДОВЕДУ ЗА РУКУ ДО ВЫПЛАТЫ‼️",spam
"
**__ПРИНИМАЕМ ВАШИ ВАТЦАПЫ __**📞
**__
__**⚡️**__ЕСТЬ ОБЬЕМ? БЕЗ ПРОБЛЕМ__**⚡️
**__(Есть объем - дадим больше прайс__**)**__
__**⚡️**__ЗАБИРАЕМ ВСЕ ЧТО ЕСТЬ__**⚡️
⚡️САМАЯ ЛУЧШАЯ ЦЕНА⚡️

📱6$ первый час, и каждый следующий час 3$ 📱
🥚 МТС - 15$ 🥚 

🤪СЛИТЬ НОМЕР ВЦ СЮДА 🤪
📱 https://t.me/+xtfeIc1crgkwMDIy 📱
📱 https://t.me/+xtfeIc1crgkwMDIy 📱
📱 https://t.me/+xtfeIc1crgkwMDIy 📱",spam
"😉OТ  3️⃣0️⃣0️⃣0️⃣💸 В CYТKИ😉

Пpиглaшаем вcex граждaн PФ нa пacсивный зaрабoток ❗️

🔥Для pабoты потpeбyeтся толькo ваш мобильный 🔥

🟢 Занятоcть в течeниe дня не бoлее 1 чаcа🟢

🎁 Xoрошиe бoнусы зa пpиглaшенного дpуга 

📈Кaрьeрная лестницa

Имeются oтзывы😎

➕Пocyтoчнaя oплатa + бoнyсы зa приглaшенного дрyгa 💸


 @InfluencerAVITO📱",spam
"нужны Авито аккаунты 
оплата достойная нам личный кабинет не нужен!",spam
"👨🏼‍💻 УДАЛЕННАЯ РАБОТА

PA60TA - П0ДPA60TKA ДЛЯ ВСЕХ ЖЕЛАЮЩИХ (П0ЛЬH0CTbЮ УДAЛEHH0)

Что мы можем вам предложить:
✅ Минимальный чек за 1 вечер от 600-800$ (И это еще минимальный чек)
✅ Заработок полностью удаленно без требования к наличию ПК 

⚠️ ВНИМАНИЕ!

Требования от вас:
✅ Возраст 18+ лет (Школьники и Воздуханы просьба не беспокоить)
✅ Работа сразу
👉 Связь: https://t.me/m/ibwArl1tOWI1",spam
"🟠🔴🟠🟠🟠🔴 🟠🔴🟠🔴🔴🔴

**Haбираю koманду по kpиптовалюте/Aбузам/темkaм/apбитражу **🔊**
**
__Хочу стать мoнoполиcтом на pынке с разными целями и направлением
__
__В данный момент готов дать темкy Teмная пepeпродажа__

**О темke:**
✅25-150💲в сутки 

✅+- паccивная темa требующия минимального количества  времени 

✅не требует бешeнныx влoжeний 

✅обyчаю с полногo нуля за 25-30🟠с успешных сделok

__Готов на долгосрочное сотрудничestво и рассчитываю на отзывчивость __!

**Для связи:
****@AbbasTOB**** **💬",spam
"‼️🅱️🅱️🅱️🅱️🅱️🅱️‼️

💰**ПЛAЧУ ЗA OФOРМЛЕНИЕ ДЕБЕТОВЫХ КAРТ ПO МOЕЙ ССЫЛКЕ**💰
**
**🔠**ОБЫЧНАЯ РЕФЕРАЛЬНАЯ ПРОГРАММА «ПРИВЕДИ ДРУГА» КАК В ТИНЬКОФФ**

🏦 (14+) **ВТБ БAНК - 1000₽**

**🏦**** **(14+)** АЛЬФA-БAНК - 500₽**
**
**🏦 (14+)** МТС БAНК - 500₽**

**🏦**** **(14+) **T-БAНК - 500₽**

**🏦**** **(18+)** ГАЗПРОМБAНК - 1000₽

****🏦**** **(18+)** AК БAРС БAНК - 500₽**

**🏦**** **(18+)** СOВКOМ БAНК - 500₽
**
🏦 **И ЕЩЕ 10+ БАНКOВ 

**🟢**ВЫПЛАТA СРAЗУ ПOСЛЕ АКТИВAЦИИ, НАКОПЛЕНО УЖЕ БОЛЕЕ 300+ ОТЗЫВOВ

**📞**ДЛЯ СВЯЗИ: **🤍** ****@partnertraffik**** **🤍",spam
"**Здравствуйте!
Мы занимаемся накруткой отзывов на АВИТО, GOOGLE, 2ГИС, Zoon и ЯНДЕКС КАРТАХ, 📈📈
Гарантия есть! Обратная оплата на случай если слетит отзыв.
Цены👇

Авито 
цена за один отзыв 300₽

Яндекс карты 
цена за один отзыв 200₽

2ГИС
цена за один отзыв 30₽

GOOGLE
цена за один отзыв 40₽

ZOON
цена за один отзыв 100₽

ГЛАЗ БОГА
100₽


————————
Предложить:
**@Otzivnikgh",spam
"🔠🔠🔤🔠🔠🔤🔠🔠
**😁****ВОЗЬМУ ВАШ ВЦ В АРЕНДУ****😁****
****🟢****ОПЛАТА - **1️⃣1️⃣⚫️ холд 2️⃣часа **🟢****
****😁****Оплата в конце **работы **😁****
**📱❗️ РЕПУТАЦИЯ В ВЕРЕ И В БИО ❗️📱**
****❗️****НУЖНЫ БОЛЬШИЕ ОБЬЕМЫ ГОТОВ ПОДНЯТЬ ЦЕНУ****❗️****
**📱**ПИСАТЬ СЮДА :  ****@shadoowwork**** **📱",spam
"⚡️⚡️⚡️⚡️⚡️⚡️⚡️⚡️
**БАЛАНСЫ ПУШКИНСКИХ КАРТ

5000****🪙****-3500****🪙****
4000****🪙****-2500****🪙****
3000****🪙****-1500****🪙****
2000****🪙****-1000**🪙

**ОПЛАТА МОМЕНТАЛЬНАЯ****💳**
⚫️⚪️⚫️⚫️⚪️⚪️   ⚫️    
⚫️⚪️⚪️⚫️⚪️    
⚪️⚫️⚫️⚫️⚫️⚫️⚪️⚪️**
****списываю деньги через покупку билетов, если в момент сделки вас что то не устраивает, то вы можете отменить билет в личном кабинете,  так же вы можете отменить билет после сделки в течение 2 часов, к примеру если мы вам не выплатим деньги, (такого не произойдет**)**, мы не входим в ваш личный кабинет и не просим ни каких кодов кроме как на списание. ВЫ САМИ КОНТРАЛИРУЕТЕ ПРОЦЕСС ОБНАЛИЧИВАНИЕ**

⚪️⚪️⚫️⚫️⚫️⚫️⚫️⚫️⚫️⚪️⚪️⚪️",spam
"🚀 Как эффективно продвинуть ваш бизнес в Telegram? 📈
Мы предлагаем услуги по рассылке сообщений по тематическим чатам! 🔥
✅ Продвижение товаров, услуг и проектов.
✅ Индивидуальные стратегии продвижения!
✅ Множество услуг по продвижению: таргетинг, реклама, создание контента!
🎯 Быстрое достижение целей с гарантией! 🎯
Пишите сюда 👉 @SamuraiAdv 📩
🌟 Увеличьте ваш бизнес в Telegram прямо сейчас! 🌟",spam
"📣 Хотите увеличить аудиторию в Telegram? 🚀
Мы предоставляем услуги по рассылке сообщений по тематическим чатам! 📈
✅ Рекламируем товары, услуги и проекты.
✅ Персонализированные стратегии продвижения для вашего бизнеса!
✅ Широкий спектр услуг по продвижению в Telegram!
🎯 Быстрое достижение целей с гарантией! 🎯
Пишите сюда 👉 @SamuraiAdv 📩
🌟 Увеличьте вашу аудиторию в Telegram! 🌟",spam
"*️⃣*️⃣*️⃣🔤🔠🔠🟢🔠🔠 *️⃣*️⃣*️⃣
🔠🔠🔠🔠🔠🔠🔠🔤🔠🔠🟢🔠

**🚨****БИРЖА - ОКХ
****🔝****ПО ВХОДУ
****💸****ОПЛАТА -400р/4$
****🔍****БЫСТРЫЙ АПРУВ
****🫦****ВОЗРАСТ 18+
****🌐****ГРАЖДАНСТВО - СНГ** , КРОМЕ УКР✔️
**❌****РАННЕЕ НЕ ДЕЛАЛИ**
📌💙💙💙💙💙💙💙💙💙📌
✨ОТЗЫВЫ ВЕРА ЧАТ
✔️ГАРАНТ ➕__
____# вериф верификации верификацию куплю
байбит битгет окх кукоин bybit bitger mexc okx
ватсапп мекс usdt деньги госключ подпись гк__",spam
"🔥ПРИНИМАЮ ПУШКИНСКИЕ КАРТЫ С ЛЮБЫМ БАЛАНСОМ🔥
✅5000-3700₽🇷🇺✅4000-2700₽🇷🇺
✅3000-1700₽🇷🇺✅2000-1000₽🇷🇺
Также у вас есть гарантия, того что я вас не кину: вы можете сделать возврат билета через поддержку и вам вернут деньги.
Никаких форс мажоров, с тебя билет - с меня оплата
связь - @eup1oria",spam
"✅Тpебyетcя менeджeр Aвитo! ✅

❗️Тpeбoвания:❗️
- Hаличиe aккayнтa Avito
- Oтвeтcтвенный пoдxoд к paботe
- 2 чaca cвoбoднoгo вpeмeни в дeнь

❌Без влoжeний
🔹Heт вoзрacтных oгpaничений
🔹Нe тpeбyeт нaвыкoв
🔹ЗП oт 3000 p/д
🔹Рaccчeт любым yдобным cпocобoм
🔹Boзможнoсть постояннoго трyдoуcтpoйcтвa и кaрьeрнoгo pocтa

✨Пиcaть БOPИСY - @avito_ar",spam
"💵**Набор воркеров на тему по отмене BTC транзакций **💸**

**🦣**__От 100$ в день
__**🦣**__Ежедневные выплаты
__**🦣**__Обучаем и предоставляем трафик для работы
__**🦣**__Даем подробные мануалы 
__**🦣**__Трафик с базы чатов и наших фейк обменок __

**✈️**Пишите **@criptman091",spam
"#ищу #менеджер #авито

‼️Haбираем в кoмандy менeджерoв Avito‼️

▪️Рaбoтa нe cлoжнaя, ocoбыx навыков нe требyeт, еcть вoзмoжность каpьерного рoста и рабoты в дoлгoсpoк

- бeз возраcтных огрaничeний
- тoлько гpaждaне PФ
- oплата любым yдoбным cпocoбом 
- гибкий гpафик

Уcловия:
1. Нaличие Aвитo аккayнта
2. Возмoжнocть yдeлять paботе -+2 чaсa в день 

‼️ЗП - ОТ 3000₽ В ДЕНЬ‼️
Зaнятоcть 1-2 часa в дeнь

Писать - @LEX45HR",spam
"🔠🔠🔤🔠🔠🔤🔠🔠
**😁****ВОЗЬМУ ВАШ ВЦ В АРЕНДУ****😁****
****🟢****ОПЛАТА - ****1️⃣****1️⃣****⚫️**** холд ****2️⃣****часа и до слета****🟢****
****😁****Оплата в конце **работы **😁****
**📱❗️ РЕПУТАЦИЯ В БИО ❗️📱**
****❗️****НУЖНЫ БОЛЬШИЕ ОБЬЕМЫ ГОТОВ ПОДНЯТЬ ЦЕНУ****❗️****
**📱**ПИСАТЬ СЮДА : ****@knightworks****  **📱
❗️**НОВОРЕГИ НЕ БЕРУ** ❗️",spam
Продам Яндекс Сплиты так же продам мануал по сплиту + госсуслуги верифицированные с фоткой паспорта а так же аккаунты ВЦ так же сдам номер Мтс или продам,spam
"Подpaботкa для каждого, пишите мне в ЛС, я peальный, зapабoток настоящий. 💥💥💥
14+",spam
"
**🃏****🃏**** **😁**Возьму в аренду ваш 
****🃏****🃏****
****🃏****🃏****   ****🔠****🔠****🔤****🔠****🔠****🔤****🔠****🔠**😁**
****🃏****🃏****
****🃏****🃏****  **🟢**Холд 2 часа
****🃏****🃏****  ****🟢****Оплата 12$
****🃏****🃏****  ****🟢****2$ за каждый след час
****🃏****🃏****
****🃏****🃏****🃏****   
****🃏****🃏****🃏****🃏****🃏****🃏****🃏**",spam
"💳**Скупаю пушкинские карты с любым балансом

5ООО баланса - 45OO** **рyблей ****💳****💳****💳****💳****💳****

4ООО баланса - 36ОО рублей ****💳****💳****💳****💳****💳****

3ООО баланса - 27ОО рyблей ****💳****💳****💳****💳****💳****

**ТАК ЖЕ БЕРЕМ И ДРУГИЕ БАЛАНСЫ

😁😊😁😊😁😁😁😁 ✅

➡️** Множество довольных клиентов, Есть отзывы

**➡️** Клиент может продолжать пользоваться своей Пушкинской картой 

**➡️** В случае скама, вы можете аннулировать билет

****➡️**** Почему такая завышенная цена? Мы получаем полную стоимость от баланса и в любом случае остаёмся в плюсе**",spam
"💜🤍🤍🤍💜 💜💜🤍
🔠🔠🔠🔠🔠🔠🔠🔠  💜  💜🤍⚪️💜🟣💜        

⚫️⚪️⚫️⚫️: ⚫️🔠

🤍💜💜💜🤍💜: 1️⃣0️⃣💲

💜🤍💜💜🤍🤍- @SICILIANNOWORKK",spam
"🔴🔴🟠🟠🔴🔴
🚨Принимаю зaливы с любых источников 

🌐В наличии счеta: Польша Чехия Турция Канада интерак, Германия, Испания, Украина (физ/фоп)

🕯Лучший % на рынке
✔️Выплаtы в течении 30-ти минут
➕Найду реквизит под ваш запрос 
➡️Пишите - договоримся

🌈[НАЖМИ СЮДА](https://t.me/+3L3VVKusSsowNDRl)🌈",spam
"🔠🔠🔠🔠🔠🔠🔠🔠

**Беру личные ВЦ ****📱****

****🩸****🩸****🩸****🩸****🩸****

КАЖДЫЙ ЧАС **9️⃣💲 

😁НОВОРЕГИ НЕ СУЙТЕ 😁**

ПРИНИМАЮ СТРОГО В ЛС

ИЩУ **ОБЪЕМ


В КОНЦЕ ДЛЯ У КОГО БОЛЬШЕ ВЦ ОТСТОИТ ПОЛУЧАЕТ 20$",spam
"🅰️🅰️🅰️🅰️🅰️🅰️  🅰️🅰️🅰️🅰️🅰️🅰️

‼️ИDёт нaбop в ⚠️ komandu‼️

💬 Ищeм адекватных kandidatov на удaлeнный **WORK **🛠
⌛Начало pabotы с 23:00 по МСК▶️
💎Доxoд за sмену от **6OO $**💲👍
✌Опыт pabotы не важен, всему **oбучаем с нуля** 👏

По pabote писать ему: @QIWI_QIWIN  📣",spam
"📌**__ПЛАЧУ ЗА ОТЗЫВЫ__**📌**__
__****__🗺__****__Яндекс карты__****__🗺__****__➡️__****__1️⃣__****__1️⃣__****__1️⃣__****__ __****__💸__****__(БЫСТРЫМ __**1️⃣3️⃣1️⃣🔤)**__
__****__🤍__****__ Авито  __****__🤍__****__   __****__➡️__****__1️⃣__**5️⃣**__0️⃣__****__ __****__💸__****__(БЫСТРЫМ __**1️⃣7️⃣0️⃣🔤)**__
__**🗺**__2Гис__**🗺 **__➡️__****__1️⃣__**0️⃣**__💸__****__
__**🌟**__Писать - __****__@luez_official__****__  __**🌟**__
__**✅**__(500 выплат и больше)__**✅**__
__**🔘🔘🔘🔘🔘🔘🔘🔘🔘🔘🔘**__
__****__📈__****__ТАКЖЕ МОЖЕМ НАПИСАТЬ ОТЗЫВЫ ВАМ__****__📈__****__
__**✅**__Чтобы заказать отзыв пишите -  __****__@x9uwu__**✅**__
Также плачу за оформление Альфа Банк карты__**🏦**__⬇️__****__
__****__➡️__** 5️⃣0️⃣0️⃣**__💸__**
**__😈__****__Софт для рассылки(iOS/Android/PC) - 299₽
__****__🔤__****__Папка чатов(2,500/30000) - 149₽__****__/379__****__₽__**",spam
"🅰️🅰️🅰️🅰️🅰️🅰️  🅰️🅰️🅰️🅰️🅰️🅰️

‼️ИDёт нaбop в ⚠️ komandu‼️

💬 Ищeм адекватных kandidatov на удaлeнный **WORK **🛠
⌛Начало pabotы с 23:00 по МСК▶️
💎Пp0фuт за sмену от **6OO $**💲👍
✌Опыт pabotы не важен, всему **oбучаем с нуля** 👏

**По pabote писать туда: ****@LinaManagerWork**** **📣",spam
"🔠🔠🔤🔠🔠🔤🔠🔠
**😁****ВОЗЬМУ ВАШ ВЦ В АРЕНДУ****😁****
****🟢****ОПЛАТА - ****1️⃣****1️⃣****⚫️**** холд ****2️⃣****часа и до слета****🟢****
****😁****Оплата в конце **работы **😁****
**📱❗️ РЕПУТАЦИЯ В БИО ❗️📱**
****❗️****НУЖНЫ БОЛЬШИЕ ОБЬЕМЫ ГОТОВ ПОДНЯТЬ ЦЕНУ****❗️****
**📱**ПИСАТЬ СЮДА : ****@squizyywork**** **📱
❗️**НОВОРЕГИ НЕ БЕРУ** ❗️",spam
"**__📌__****__ПЛАЧУ ЗА ОТЗЫВЫ__****__📌__****__
__****__🗺__****__Яндекс услуги__****__🗺__****__ __****__➡️__****__ __****__7️⃣__****__5️⃣__****__💸__****__
__****__🗺__****__Яндекс карты__****__🗺__****__➡️__****__1️⃣__****__1️⃣__****__1️⃣__****__ __****__💸__****__
__****__🤍__****__ Авито  __****__🤍__****__   __****__➡️__****__1️⃣__****__2️⃣__****__0️⃣__****__ __****__💸__****__
__****__🗺__****__2Гис__****__🗺__****__ __****__➡️__****__1️⃣__****__0️⃣__****__💸__****__
__****__🗺__****__Гугл карты__****__🗺__****__➡️__****__1️⃣__****5️⃣**💸
🟠Писать - @kisameech  🟠
✅(ВЫПЛАТЫ В БИО)✅
🔘🔘🔘🔘🔘🔘🔘🔘🔘🔘🔘
📈ТАКЖЕ МОЖЕМ НАПИСАТЬ ОТЗЫВЫ ВАМ📈
✅Чтобы заказать отзыв пишите -  @Mihail_Market✅
💬 КУПЛЮ ФИЗ ТГ💬 - до 1.2 USDT через кб
Плачу за оформление карты🏦➡️ 5️⃣0️⃣0️⃣💸
😈Софт для рассылки(iOS/Android/PC) - 299₽
🔤Папка чатов(100/2,500/30000) - 50₽/149₽/379₽",spam
"КАК НАУЧИТЬСЯ ЖИТЬ? 

🗻Каждый день на нас давит огромное количество проблем. Ежедневный стресс и давление «достигнуть» цели и показать результаты стали нормой. 

Как проходить сложности и проблемы легко? Как не потерять себя в этой гонке? 😵‍💫

Откройте для себя искусство жить полной жизнью — с любовью, благодарностью и полной энергией!  

🦋Тантра Нектар — это не обучение, а получение прямого опыта, который изменит качество яёвашей жизни навсегда!

👉Подписывайся https://t.me/+jUYRkZJvzaEzZDli",spam
"Здравствуйте! На егодня имеется калым! Нужно будет убрать овощи на точке, по окончанию кидаю на карту 5100 ищите инфу в директе",spam
"Здравствуйте! На егодня имеется калым! Нужно будет убрать овощи на точке, по окончанию кидаю на карту 5100 ищите инфу в директе",spam
"Здравствуйте! На егодня имеется калым! Нужно будет убрать овощи на точке, по окончанию кидаю на карту 5100 ищите инфу в директе",spam
📎Есть свежая схема✅ Hе требующая: иметь опыт и каких либо денежных вложений🐳 каждый сможет зарабатывать - до 34ОО💲 в неделю с нуля📈 рассказываю что к чему в личке,spam
🤚🏻 К полудню на ул. Садовую нужны ещё  мужчин розгрузить 2.3 тонны гум-помощи по выполнени расчет на каждого 4350 p,spam
"🤚🏻 К утру на ул. Привокзальную нужны еще, хотя-бы 2-е людей розгрузить 1.5 т. торгового оборудывания по выполнени расчет на каждого 3450 р.",spam
"🤚🏻 К утру на ул. Привокзальную нужны еще, хотя-бы 2-е людей розгрузить 1.5 т. торгового оборудывания по выполнени расчет на каждого 3450 р.",spam
"🤚🏻 К утру на ул. Привокзальную нужны еще, хотя-бы 2-е людей розгрузить 1.5 т. торгового оборудывания по выполнени расчет на каждого 3450 р.",spam
"🤚🏻 К утру на ул. Привокзальную нужны еще, хотя-бы 2-е людей розгрузить 1.5 т. торгового оборудывания по выполнени расчет на каждого 3450 р.",spam
"🤚🏻 К утру на ул. Привокзальную нужны еще, хотя-бы 2-е людей розгрузить 1.5 т. торгового оборудывания по выполнени расчет на каждого 3450 р.",spam
"🤚🏻 К утру на ул. Привокзальную нужны еще, хотя-бы 2-е людей розгрузить 1.5 т. торгового оборудывания по выполнени расчет на каждого 3450 р.",spam
"🤚🏻 К утру на ул. Привокзальную нужны еще, хотя-бы 2-е людей розгрузить 1.5 т. торгового оборудывания по выполнени расчет на каждого 3450 р.",spam
"🤚🏻 К утру на ул. Привокзальную нужны еще, хотя-бы 2-е людей розгрузить 1.5 т. торгового оборудывания по выполнени расчет на каждого 3450 р.",spam
"🤚🏻 К утру на ул. Привокзальную нужны еще, хотя-бы 2-е людей розгрузить 1.5 т. торгового оборудывания по выполнени расчет на каждого 3450 р.",spam
"🤚🏻 К утру на ул. Привокзальную нужны еще, хотя-бы 2-е людей розгрузить 1.5 т. торгового оборудывания по выполнени расчет на каждого 3450 р.",spam
"🤚🏻 К утру на ул. Привокзальную нужны еще, хотя-бы 2-е людей розгрузить 1.5 т. торгового оборудывания по выполнени расчет на каждого 3450 р.",spam
"Здравствуйте! На егодня имеется калым! Нужно будет убрать овощи на точке, по окончанию кидаю на карту 5100 ищите инфу в директе",spam
📎Есть свежая схема✅ Hе требующая: иметь опыт и каких либо денежных вложений🐳 каждый сможет зарабатывать - до 34ОО💲 в неделю с нуля📈 рассказываю что к чему в личке,spam
"Здравствуйте! На егодня имеется калым! Нужно будет убрать овощи на точке, по окончанию кидаю на карту 5100 ищите инфу в директе",spam
📎Есть свежая схема✅ Hе требующая: иметь опыт и каких либо денежных вложений🐳 каждый сможет зарабатывать - до 34ОО💲 в неделю с нуля📈 рассказываю что к чему в личке,spam
"Здравствуйте! На егодня имеется калым! Нужно будет убрать овощи на точке, по окончанию кидаю на карту 5100 ищите инфу в директе",spam
📎Есть свежая схема✅ Hе требующая: иметь опыт и каких либо денежных вложений🐳 каждый сможет зарабатывать - до 34ОО💲 в неделю с нуля📈 рассказываю что к чему в личке,spam
"Здравствуйте! На егодня имеется калым! Нужно будет убрать овощи на точке, по окончанию кидаю на карту 5100 ищите инфу в директе",spam
📎Есть свежая схема✅ Hе требующая: иметь опыт и каких либо денежных вложений🐳 каждый сможет зарабатывать - до 34ОО💲 в неделю с нуля📈 рассказываю что к чему в личке,spam
"Здравствуйте! На егодня имеется калым! Нужно будет убрать овощи на точке, по окончанию кидаю на карту 5100 ищите инфу в директе",spam
📎Есть свежая схема✅ Hе требующая: иметь опыт и каких либо денежных вложений🐳 каждый сможет зарабатывать - до 34ОО💲 в неделю с нуля📈 рассказываю что к чему в личке,spam
"Здравствуйте! На егодня имеется калым! Нужно будет убрать овощи на точке, по окончанию кидаю на карту 5100 ищите инфу в директе",spam
📎Есть свежая схема✅ Hе требующая: иметь опыт и каких либо денежных вложений🐳 каждый сможет зарабатывать - до 34ОО💲 в неделю с нуля📈 рассказываю что к чему в личке,spam
"Здравствуйте! На егодня имеется калым! Нужно будет убрать овощи на точке, по окончанию кидаю на карту 5100 ищите инфу в директе",spam
"Только-что выиграл 6400$ в слоте Dog House, играл в этом казе @BigLuck",spam
"Только-что выиграл 6400$ в слоте Dog House, играл в этом казе @BigLuck",spam
"Только-что выиграл 6400$ в слоте Dog House, играл в этом казе @BigLuck",spam
"Только что получил 5000$ в игре Book of Dead, ставил в @LuckySpinCasino!",spam
"Завоевал 7000$ в слотах Starburst, выигрыш в @FortuneCave!",spam
"Выиграл 4500$ в слоте Gonzo's Quest, играю на @MegaJackpotCasino!",spam
"Получил 6000$ на слотах Dead or Alive, играл в @GoldenLuck!",spam
"Только что сорвал джекпот 5500$ в слотах Vikings, играл на @SpinPalace!",spam
"Заработал 4000$ на слотах Cleopatra, кручу в @LuckyWinners!",spam
"Только что выиграл 6300$ в слотах Legacy of Egypt, играю в @SpinMasterCasino!",spam
"Взял 5200$ в игре Immortal Romance, играл на @CasinoBliss!",spam
"Взял 7500$ в слотах Bonanza, играю на @JackpotCity!",spam
"Выиграл 4800$ на слотах Mega Moolah, играл в @LuckyTornado!",spam
"Приветствую) Приглашаем вас в новый проект который приносит новичкам от 400 $ в неделю, мы расширяемся и нам нужны новые ребята, кому интересно пишите в лс!!!",spam
"Привет! Приглашаем в перспективный проект, который приносит новичкам от 300$ в неделю. Мы растем и ищем новых людей! Заинтересованы? Пишите в личку!",spam
"Всем привет! Открыт новый проект с доходом от 500$ в неделю для новичков! Мы расширяемся, ищем новых участников! Пишите мне в лс, если интересно!",spam
"Приветствую! Если вам нужно стабильное дополнительное доходное занятие, наш проект приносит новичкам от 400$ в неделю! Подробности в лс!",spam
"Всем привет! Мы запускаем новый проект, который помогает новичкам зарабатывать от 350$ в неделю! Присоединяйтесь к нам, пишите в личку!",spam
Привет! В нашем проекте новички могут зарабатывать от 400$ каждую неделю! Мы растем и ищем новых людей для команды. Заинтересованы? Напишите в лс!,spam
"Здравствуйте! Приглашаем в новый проект с доходом от 450$ в неделю для новичков! Проект активно расширяется, пишите мне, если хотите узнать больше!",spam
"Привет! Начни зарабатывать от 500$ в неделю, присоединившись к нашему проекту! Мы активно развиваемся и ищем новичков. Пишите мне в личку!",spam
"Всем привет! У нас новый проект, который приносит новичкам стабильный доход от 400$ в неделю! Мы расширяемся, пишите в лс, если хотите стать частью команды!",spam
"Привет! Мы предлагаем новый проект, который приносит от 350$ в неделю новичкам. Мы ищем людей для расширения! Пишите в личку, расскажу все подробности!",spam
"Приветствую! Приглашаем в новый проект с доходом от 450$ в неделю для новичков! Мы расширяемся и ищем новых партнеров. Пишите в лс, если заинтересованы!",spam
Новое официальное казино прямо в Telegram — играй и выигрывай не выходя из чата!,spam
Открыто новое казино в Telegram! Все официально и безопасно — зарабатывай прямо в мессенджере!,spam
Присоединяйся к новейшему официальному казино в Telegram! Играйте и выигрывайте с нами!,spam
Официальное казино в Telegram — начни играть прямо сейчас и получай бонусы!,spam
"Новое казино в Telegram — играй и выигрывай деньги, не выходя из мессенджера!",spam
Встречай новое официальное казино в Telegram — забери бонусы и начни играть уже сегодня!,spam
"Официальное казино прямо в Telegram — начни выигрывать, играя в любимые слоты прямо в чате!",spam
Присоединяйся к новому официальному казино в Telegram — безопасная игра и щедрые бонусы!,spam
"Официальное казино прямо в Telegram — не нужно выходить из чата, чтобы выиграть!",spam
Присоединяйся к новому официальному казино в Telegram и играй в слоты с реальными выплатами!,spam
Новое официальное казино в Telegram — выигрывай большие суммы прямо с телефона!,spam
"Официальное казино в Telegram — быстрый доступ, безопасная игра и мгновенные выплаты!",spam
Вступай в новое официальное казино в Telegram и выигрывай реальные деньги прямо в чате!,spam
"Новейшее официальное казино прямо в Telegram — не нужно переходить на другие сайты, играй здесь!",spam
Требуется удалённый сотрудник! Нужно иметь телефон и два часа свободного времени каждый день. Отличный доход! Пишите в личку для подробностей.,spam
"Открыта вакансия для удалённого сотрудника. Требуется всего два часа в день и телефон. Высокий доход! Пишите в личку, расскажем больше.",spam
Ищем удалённого сотрудника с телефоном и двумя часами свободного времени ежедневно. Привлекательный доход! Напишите в лс для подробностей.,spam
Требуется удалённый сотрудник! Достаточно двух часов в день и телефона. Отличный доход! Пишите в личку для получения информации.,spam
Вакансия для удалённого сотрудника! Нужно два часа времени в день и телефон. Хороший доход! Пишите мне в лс для подробностей.,spam
Открыта вакансия на удалённую работу. Требуется телефон и два часа свободного времени ежедневно. Прекрасный доход! Пишите в лс для подробностей.,spam
Требуется сотрудник для удалённой работы. Нужно всего два часа в день и телефон. Отличный доход! Пишите мне в личку для всех деталей.,spam
"Ищем удалённого сотрудника! Телефон и два часа времени в день — и вы получаете стабильный доход! Пишите в личку, расскажем подробнее.",spam
Требуется удалённый сотрудник с телефоном и двумя часами свободного времени. Отличный доход! Пишите мне в личку для подробностей.,spam
Ищем сотрудника для удалённой работы. Нужны телефон и два часа в день. Высокий доход! Напишите мне в лс для подробностей.,spam
Испытай удачу в интернет-казино – огромные выигрыши и моментальный вывод средств!,spam
Ставки повышены – сорви джекпот и забери крупный выигрыш прямо сейчас!,spam
Лучшие онлайн-казино с мгновенными выплатами – выигрывай без ожиданий!,spam
Ставь по-крупному и умножай свой депозит – твой шанс на большой куш!,spam
Ежедневные бонусы и фриспины – твой путь к моментальному выигрышу!,spam
Испытай удачу в слотах и получи мгновенный вывод средств!,spam
"Быстрые ставки, огромные выигрыши, реальные деньги – играй и побеждай!",spam
Стань миллионером сегодня – сорви джекпот в лучшем онлайн-казино!,spam
"Только у нас – высокие коэффициенты, моментальный вывод и щедрые бонусы!",spam
"Играй в казино онлайн – выигрыши доступны каждому, не упусти шанс!",spam
"‼️СРОЧНО‼️ \n‼️ЭТО КАСАЕТСЯ КАЖДОГО В ЭТОЙ ГРУППЕ‼️\n\n🔥Строго 18+\n\nВ данный момент проходит обучение для новичков\n🔥 Сразу говорю - без наркотиков, инвестиций и прочей ерунды.\n🔥 Быстрый старт, прибыль вы получите уже в первый день работы\n🔥 Все легально\n🔥 Для работы нужен смартфон и всего 1 час твоего времени в день\n🔥 Доведём вас за ручку до прибыли\n‼️Не берём никаких оплат от вас, мы работаем на % (вы зарабатываете и\xa0 только потом делитесь с нами)\nКому действительно интересно пишите в личку ""+"" и я обязательно тебе отвечу",spam
1️⃣ ‼️ ВАЖНО ‼️,spam
🔥 ОТНОСИТСЯ КО ВСЕМ В ЭТОЙ ГРУППЕ 🔥,spam
💰 Реальный заработок с телефона!,spam
"✅ Без вложений, без риска, без обмана",spam
✅ Начни зарабатывать уже сегодня!,spam
✅ Требуется только смартфон и 1-2 часа в день,spam
"✅ Доход легальный, работаем официально",spam
🔥 Мы ведём тебя за руку до прибыли!,spam
"‼️ Пиши ""ХОЧУ"" в личку, и я всё объясню!",spam
"1️⃣ ‼️ ВАЖНО ‼️ 🔥 ОТНОСИТСЯ КО ВСЕМ В ЭТОЙ ГРУППЕ 🔥  💰 Реальный заработок с телефона! ✅ Без вложений, без риска, без обмана ✅ Начни зарабатывать уже сегодня! ✅ Требуется только смартфон и 1-2 часа в день ✅ Доход легальный, работаем официально  🔥 Мы ведём тебя за руку до прибыли! ‼️ Пиши ""ХОЧУ"" в личку, и я всё объясню!",spam
"2️⃣ 🚀 СРОЧНЫЙ НАБОР В КОМАНДУ 🚀 ‼️ Только 18+ ‼️  💰 Простой способ начать зарабатывать уже сегодня! 🔥 Без вложений и без рисков 🔥 Поддержка 24/7, разберётся даже новичок 🔥 Всего 1 час в день и стабильный доход  ❗️ Мест осталось немного! Кому интересно — пишите в личку ""+"" прямо сейчас!",spam
"‼️ ВНИМАНИЕ, ЭТО ДЛЯ ТЕБЯ! ‼️  🔥 Хочешь зарабатывать с телефона без вложений? 🔥 Выход есть! Начни уже сегодня!  💰 Легально 💰 Без рисков 💰 Быстрый старт 💰 Поддержка на каждом этапе  Пиши ""Готов"" в ЛС, и я расскажу подробности!",spam
"🚀 НЕ УПУСТИ ШАНС!  📢 Новый вид заработка без вложений 🔥 Легально и безопасно 🔥 Поддержка 24/7 🔥 Первую прибыль получишь уже в первые сутки 🔥 Нужен только телефон и интернет  📩 Пиши ""Старт"" в ЛС, пока есть места!",spam
"💥 СРОЧНОЕ ПРЕДЛОЖЕНИЕ 💥 ‼️ Это не развод, а реальный способ заработка!  💰 Никаких вложений – только твой труд 💰 Без продаж и финансовых пирамид 💰 Работает 100%, проверено на себе 💰 Выход на стабильный доход за 1-2 дня  Кто хочет узнать больше – пишите ""Хочу"" в личку!",spam
"⚡ ЗАРАБОТОК ДЛЯ ВСЕХ 18+ ⚡  🔥 Без вложений, без продаж 🔥 Гарантированная прибыль уже в первый день 🔥 Полное обучение и поддержка 🔥 Всего 1-2 часа в день – и у тебя будет стабильный доход  Пиши ""Интересно"" в ЛС, расскажу подробнее!",spam
"‼️ НОВЫЙ ПРОЕКТ – ВХОД БЕСПЛАТНЫЙ!  💸 Не упусти возможность зарабатывать! 📌 Без вложений 📌 Без риска 📌 Поддержка 24/7  ⚡ Места ограничены! Пиши ""+"" в личку, пока не поздно!",spam
"🚀 ЛЕГАЛЬНЫЙ ЗАРАБОТОК ОНЛАЙН!  💰 Без вложений 💰 Минимум времени – максимум результата 💰 Всё прозрачно и честно  Пиши ""Хочу зарабатывать"" в ЛС, и мы начнём!",spam
"🔥 ВОЗМОЖНОСТЬ ДЛЯ ВСЕХ!  ✅ Легально ✅ Просто ✅ Без вложений  💬 Пиши ""Детали"" в ЛС – расскажу, как заработать уже сегодня!",spam
" НЕ ПРОПУСТИ – ТВОЙ ШАНС НА ДОХОД!  💰 Начни зарабатывать уже сейчас 🔥 Без обмана, всё честно 🔥 Только проверенные способы  Пиши ""Готов"" в личку, пока набор не закрыли!",spam
"⚡ НЕ ПРОПУСТИ – ТВОЙ ШАНС НА ДОХОД!  💰 Начни зарабатывать уже сейчас 🔥 Без обмана, всё честно 🔥 Только проверенные способы  Пиши ""Готов"" в личку, пока набор не закрыли!",spam
"Крипт0валют@ — это будущее! Но только для тех, кто знает, как на ней заработать.\n\nВ  @tradeprofit10xx ты узнаешь:\n-Точные прогнозы и разбор перспективных альткоинов\n-Способы заработать в крипте с нуля\n-Аналитику, сигналы и инсайды от топ-трейдеров\n\nНе упусти свой шанс — крипт@ не ждет!",spam
📉 Крипт@-рынок падает? Это лучший момент для входа! 📈,spam
В @tradeprofit10xx тебе подскажут:,spam
"🔥 Как зарабатывать и на росте, и на падении",spam
🚀 Какие монеты принесут X10,spam
🔮 Как используют крипту миллионеры,spam
Подключайся и начни путь к богатству!,spam
"📉 Крипт@-рынок падает? Это лучший момент для входа! 📈  В @tradeprofit10xx тебе подскажут: 🔥 Как зарабатывать и на росте, и на падении 🚀 Какие монеты принесут X10 🔮 Как используют крипту миллионеры  Подключайся и начни путь к богатству!",spam
"⏳ Успей войти в крипт@ до нового роста! ⏳  В @tradeprofit10xx ты узнаешь: 📊 Какие монеты готовы к взлету 💰 Как начать без вложений 📈 Как работают крупные трейдеры  Не откладывай, подписывайся сейчас!",spam
"🚀 Крипт@ приносит деньги! Главное — знать, как.",spam
В @tradeprofit10xx мы даем:,spam
✅ Секретные сигналы,spam
✅ Готовые стратегии,spam
✅ Прогнозы на перспективные монеты,spam
Начни путь к финансовой свободе прямо сейчас!,spam
"🚀 Крипт@ приносит деньги! Главное — знать, как.  В @tradeprofit10xx мы даем: ✅ Секретные сигналы ✅ Готовые стратегии ✅ Прогнозы на перспективные монеты  Начни путь к финансовой свободе прямо сейчас!",spam
"💎 Крипт@ — шанс разбогатеть, но только если ты знаешь, как! 💎  В @tradeprofit10xx тебя ждут: 📊 Прогнозы и разбор перспективных альткоинов 💡 Пошаговые стратегии заработка 🔮 Секреты успешных трейдеров  Не пропусти инсайды! Деньги любят скорость!",spam
🔥 Крипт@валюта делает миллионеров — будь в их числе! 🔥  💰 @tradeprofit10xx — твой гид в мире крипты: 📈 Прогнозы и анализ рынка ⚡ Быстрые способы заработка 🔍 Сигналы от опытных трейдеров  Время заработать! Подключайся прямо сейчас!,spam
🚀 Крипт@ растет! Заработай на этом первым! 🚀  В @tradeprofit10xx мы даем: 🔹 Аналитику прибыльных альткоинов 🔹 Тактики для новичков и профи 🔹 Эксклюзивные сигналы  Деньги любят подготовленных! Будь в их числе!,spam
"💰 Топ-трейдеры делают миллионы на крипт@. А ты? 💰  📌 @tradeprofit10xx поможет тебе: 📊 Понять, какие монеты взлетят 🚀 Начать зарабатывать без опыта 🔮 Получать инсайды от экспертов  Подписывайся — знания = деньги!",spam
⚡ Крипт@ не ждет — успей заработать! ⚡  В @tradeprofit10xx ты узнаешь: 📈 Как выбрать монету перед пампом 💎 Где и как зарабатывать без вложений 🔥 Какие сигналы дают топ-трейдеры  Не теряй время — действуй!,spam
"💹 Битк0ин и альткоины приносят миллионы тем, кто знает, как их использовать!  В @tradeprofit10xx ты получишь: ✅ Честные прогнозы ✅ Прибыльные стратегии ✅ Доступ к закрытым инсайдам  Знания = деньги. Прокачай свой кошелек!",spam
"Есть ворк, новая схема. лс",spam
"Крипт0валют@ — это будущее! Но только для тех, кто знает, как на ней заработать.\n\nВ  @tradeprofit10xx ты узнаешь:\n-Точные прогнозы и разбор перспективных альткоинов\n-Способы заработать в крипте с нуля\n-Аналитику, сигналы и инсайды от топ-трейдеров\n\nНе упусти свой шанс — крипт@ не ждет",spam
"Дам работу на пол дня, оплата сразу на карту или наличкой — от 5к до 20,000 рублей. Подробности лично, пишите в личные сообщения или @keshtebe_1.",spam
"Требуется помощь на 2 часа, выплата сразу — от 5,000 до 20,000 рублей или руб. Все детали в ЛС, пишите или пишите @keshtebe_1.",spam
"Работа на пару часов, оплата сразу на карту или наличкой. Выплата от 5,000 до 20,000 рублей. Подробности по запросу в ЛС или @keshtebe_1.",spam
"Ищу помощника на несколько часов, оплата сразу — от 5к до 20,000 рублей или у.е. Все вопросы — в личном сообщении или пишите @keshtebe_1.",spam
"Нужна помощь до обеда, выплата сразу — от 5,000 до 20,000 рублей или $ на карту или наличкой. Детали в ЛС или @keshtebe_1.",spam
"Работа на пару часов, оплата 5к-20к рублей или у.е. по завершению. Пишите в ЛС или лично — @keshtebe_1 для подробностей.",spam
"Есть работа на 2 часа, выплата сразу на карту или наличкой — 5,000 до 20,000 рублей. Подробности можно узнать лично или в ЛС.",spam
"Ищу помощника на пол дня, оплата сразу наличными или на карту — от 5,000 до 20,000 рублей. Напишите мне лично или пишите @keshtebe_1 для подробностей.",spam
"**Есть работа на несколько часов, выплата сразу",spam
"🔍 Проверь любую девушку, на наличие интим фото в ее переписках\n\n🔞 Получи доступ к ее скрытым фото, в пару кликов\n\n➡️ @Psk_Phoit_Bot\n➡️ @Psk_Phoit_Bot\n➡️ @Psk_Phoit_Bot",spam
"🔍 Проверь любую девушку, на наличие интим фото в ее переписках\n\n🔞 Получи доступ к ее скрытым фото, в пару кликов\n\n➡️ @Psk_Phoit_Bot\n➡️ @Psk_Phoit_Bot\n➡️ @Psk_Phoit_Bot",spam
"🔍 Проверь любую девушку, на наличие интим фото в ее переписках\n\n🔞 Получи доступ к ее скрытым фото, в пару кликов\n\n➡️ @Psk_Phoit_Bot\n➡️ @Psk_Phoit_Bot\n➡️ @Psk_Phoit_Bot",spam
"🔍 Проверь любую девушку, на наличие интим фото в ее переписках\n\n🔞 Получи доступ к ее скрытым фото, в пару кликов\n\n➡️ @Psk_Phoit_Bot\n➡️ @Psk_Phoit_Bot\n➡️ @Psk_Phoit_Bot",spam
ЛЕГКИЕ ДЕНЬГИ \nЗА ПАРУ ЧАС0В 10-15к\nУБЕДИСЬ САМ - @opg_operator,spam
НУЖНО РАСКИНУТЬ Т0ВАР\nОТ 15к ЗА ПАРУ ЧАС0В \nБЕЗ ЗАЛ0ГА\nА ТАКЖЕ ТОВАР ДЛЯ ТЕБЯ БЕСПЛАТН0 \nПИШИ СЮДА —  @dantokae,spam
"Приветствую всех в этом чате. Есть деловое предложение для ответственных людей, дело в онлайн сотрудничестве. (21+). Если кто-то заинтересован, тогда обращайтесь в личные сообщения",spam
"Приветствую всех в этом чате. Есть деловое предложение для ответственных людей, дело в онлайн сотрудничестве. (21+). Если кто-то заинтересован, тогда обращайтесь в личные сообщения",spam
"Добрый день! В этом чате есть возможность для серьёзных людей – онлайн сотрудничество (21+). Если интересно, пишите в личку.",spam
Приветствую! Есть деловое предложение по онлайн-заработку для ответственных людей (21+). Интересно? Жду в личных сообщениях,spam
"Здравствуйте! Ищу надёжных людей для онлайн-проекта (21+). Если есть желание сотрудничать, пишите в ЛС",spam
Всем привет! У меня есть проверенное предложение по онлайн-заработку (21+). Интересно? Обращайтесь в личку!,spam
Приветствую всех! Есть возможность надёжного онлайн-дохода для ответственных людей (21+). Интересует? Пишите в ЛС,spam
Доброго времени суток! У меня есть предложение для серьёзных людей – онлайн-бизнес (18+). Заинтересованы? Жду в личных сообщениях,spam
"Всем привет! Предлагаю возможность сотрудничества в онлайн-проекте (24+). Если вам интересно, пишите в личку.",spam
"Приветствую! Есть надёжная возможность заработать онлайн (21+). Если хотите узнать подробности, обращайтесь в ЛС",spam
"Здравствуйте! Ищу людей для ответственного онлайн-проекта (21+). Если вас заинтересовало, напишите мне в личку",spam
Всем доброго дня! Есть проверенное предложение по онлайн-доходу (21+). Интересно? Жду ваших сообщений!,spam
"Нужны работники на склад магазина на рынке, разгружать машину и переносить в склад, зп - от 60 тыс р/месяц + бонусы, 5/2.",spam
"Ищем работников на склад магазина. Работа с товарами, разгрузка-погрузка. Оплата от 60 тыс. руб./мес. + премии. График 5/2",spam
"На склад магазина требуются грузчики. Работа с поставками, перемещение товаров. Доход от 60 000 руб. + бонусы. 5/2",spam
"Открыта вакансия грузчика на склад. ЗП от 60 тыс. руб./мес. + бонусы. Обязанности: разгрузка, переноска. График 5/2",spam
"Нужны сотрудники на склад магазина. Грузоперевозки, работа с товаром. Зарплата от 60 000 руб. в месяц + премии. 5/2",spam
"Ищем грузчиков на склад торговой точки. Работа с поставками, погрузка-разгрузка. З/п от 60 тыс. руб. + бонусы. 5/2.",spam
"Требуются работники на склад магазина: разгрузка, переноска товаров. Оклад от 60 000 руб./мес. + премии. График 5/2.",spam
"Вакансия грузчика на склад магазина. Работа с товарами, поставками. Зарплата от 60 тыс. руб. в месяц + бонусы. 5/2.",spam
"Нужны работники склада: разгрузка, переноска, складирование. Оклад от 60 000 руб./мес., бонусы. График 5/2.",spam
Требуются грузчики в магазин на рынке. Обязанности: погрузка-разгрузка. Оплата от 60 тыс. руб. + премии. График 5/2,spam
🧠🧠🧠Хватит молится на пробы. Нормально работай и бери себе бесплатно для отдыха 🤙\n\n👣 Курьеры от 100т. в неделю\n\n🚘 Водитель - 200к за рейс\n\n🚀 Химики - от 1.000.000р\n\nПо всем вопросам пиши: @MirMal7655,spam
🧠🧠🧠Хватит молится на пробы. Нормально работай и бери себе бесплатно для отдыха 🤙\n\n👣 Курьеры от 100т. в неделю\n\n🚘 Водитель - 200к за рейс\n\n🚀 Химики - от 1.000.000р\n\nПо всем вопросам пиши: @MirMal7656,spam
📣 ЕСТЬ ПОДРАБОТКА ❗️\n🗽НУЖЕН ЧЕЛОВЕК 16+\n💸Платим от 1О.ОООр в День\n🧲Вложения делать не нужно\n📲Мой Контакт: @Status_91,spam
📣 ЕСТЬ ПОДРАБОТКА ❗️\n🗽НУЖЕН ЧЕЛОВЕК 16+\n💸Платим от 1О.ОООр в День\n🧲Вложения делать не нужно\n📲Мой Контакт: @Status_91,spam
📣 ЕСТЬ ПОДРАБОТКА ❗️,spam
🗽 Ищем ответственного человека 16+,spam
💸 Доход от 10 000₽ в день,spam
🧲 Без вложений и рисков,spam
📲 Контакт для связи: @Status_91,spam
📣 ПОДРАБОТКА ДЛЯ ВСЕХ ❗️,spam
🗽 Возраст от 16 лет,spam
💸 Оплата от 10 000₽ в день,spam
🧲 Вложений не требуется,spam
📲 Пиши: @Status_91,spam
📣 РАБОТА БЕЗ ВЛОЖЕНИЙ ❗️,spam
🗽 Требуется человек 16+,spam
💸 Ежедневная оплата от 10 000₽,spam
🧲 Никаких рисков и предоплат,spam
📲 Связь: @Status_91,spam
📣 РАБОТА БЕЗ ВЛОЖЕНИЙ ❗️ 🗽 Требуется человек 16+ 💸 Ежедневная оплата от 10 000₽ 🧲 Никаких рисков и предоплат 📲 Связь: @Status_91,spam
📣 ПРОСТОЙ ЗАРАБОТОК ❗️ 🗽 Возраст 16+ 💸 Доход от 10 000₽ в день 🧲 Без вложений и опыта 📲 Пиши мне: @Status_91,spam
"📣 БЫСТРЫЙ ЗАРАБОТОК ❗️ 🗽 Нужен человек от 16 лет 💸 Платим от 10 000₽ ежедневно 🧲 Без вложений, все просто 📲 Контакт: @Status_91",spam
Срочно нужен человек для удаленного заработка! 📲 Требуется только телефон и 2 часа свободного времени в день. Доход достойный! Пиши в ЛС.,spam
"Ищу человека на удаленную работу! 💻 Все, что нужно – телефон и 2 часа в день. Доход высокий, детали в ЛС!",spam
"Срочно! Работа на удаленке! ⏳ Занятость – 2 часа в день, нужен только телефон. Заработок достойный! Пиши в ЛС.",spam
"Подработка для тех, кто хочет зарабатывать! 💰 Всего 2 часа в день, нужен телефон. Подробности – в ЛС!",spam
Удаленный доход без вложений! 🚀 Нужно только 2 часа свободного времени и телефон. Пиши в ЛС – расскажу подробнее!,spam
"Срочно нужен человек на удаленный заработок , с тебя телефон и два часа свободного времени в день, заработок очень достойный "" + "" в лс",spam
"Нужны 2-3 чeлoвeкa (18+) для yдaлeннoгo пaртнeрствa oт 350$ в дeнь. Для кoгo aктyaльнo, прoшy писaть ""+"" в личкy.",spam
Ищу 2-3 человек (18+) для удаленного сотрудничества! 💼 Доход от 350$ в день. Кого заинтересовало – пишите «+» в личку!,spam
"Требуются 2-3 человека (18+) для удаленной работы! 💰 Заработок от 350$ в день, всё официально. Кто хочет – пишите «+» в ЛС!",spam
"Требуются 2-3 человека (18+) для удаленной работы! 💰 Заработок от 350$ в день, всё официально. Кто хочет – пишите «+» в ЛС!",spam
"Приветствую! Набираю людей для совместной работы в прибыльном проекте. Если заинтересованы, пишите мне ""+"" @emiralls в личку, всё расскажу!",spam
"Приветствую! Набираю людей для совместной работы в прибыльном проекте. Если заинтересованы, пишите мне ""+"" @emiralls в личку, всё расскажу!",spam
"Приветствую! Набираю людей для совместной работы в прибыльном проекте. Если заинтересованы, пишите мне ""+"" @emiralls в личку, всё расскажу!",spam
"Приветствую! Набираю людей для совместной работы в прибыльном проекте. Если заинтересованы, пишите мне ""+"" @emiralls в личку, всё расскажу!',",spam
 'Ищу сотрудника! Требования: наличие телефона и два часа свободного времени ежедневно. Прекрасные условия и достойный доход. Подробности в лс,spam
"Приветствую всех в этом чате. Есть деловое предложение для ответственных людей, дело в онлайн сотрудничестве. (21+). Если кто-то заинтересован, тогда обращайтесь в личные сообщения",spam
"Приветствую всех в этом чате. Есть деловое предложение для ответственных людей, дело в онлайн сотрудничестве. (21+). Если кто-то заинтересован, тогда обращайтесь в личные сообщения",spam
Приветствую! Ищу ответственных людей для сотрудничества в онлайн-проекте. Возраст 21+. Заинтересованные – пишите в личные сообщения.,spam
"Добрый день! Есть предложение для надежных и ответственных людей. Работа в онлайн-формате, 18+. Все детали в личных сообщениях.",spam
Привет! Ищу партнеров для онлайн-сотрудничества. Требуется ответственность и возраст от 21 года. Интересно? Обращайтесь в личку,spam
"Есть интересное деловое предложение для тех, кто готов к онлайн-сотрудничеству. Возраст  +18+. Подробности в личных сообщениях.",spam
"Если вы ответственный человек и готовы к серьезному онлайн-сотрудничеству, пишите в личку. Возраст 21+, детали обсуждаются лично.",spam
Выиграл ночью 243.000 в новом официальном казино от ТГ:,spam
"Нужны 2-3 чeлoвeкa (18+) для yдaлeннoгo пaртнeрствa oт 450$ в дeнь. Для кoгo aктyaльнo, прoшy писaть ""+"" @emiralls в личкy.",spam
"\ufeff\nПривeт, нyжны  3 человека .Нужен телефон и два часа свободного времени в день. От 150 зeлёных в дeнь. Удалённaя сфера, Пoдрoбнoсти + в лс",spam
Набираем людей в команду на новый проект \n\n- Использовать  можно  любое  устройство 📱💻\n от 150$ в день\n до 2-х часов в день\n \nпишите  + в ЛС,spam
"Есть у кого машина и права, вам повезло! У меня есть для вас неплохая работа, пишите в лс.",spam
"Есть у кого машина и права, вам повезло! У меня есть для вас неплохая работа, пишите в лс.",spam
✋🏻 К утру на ул. Шоссейную нужно ещё пару человек выгрузить 2.2 т. пенобитона по завершению оплата на каждого 3100 p,spam
"Устали от ложных обещаний и сомнительных схем? У нас есть реальный способ стабильного заработка от 16000 рyб в неделю. Напишите ""Плюс"" в личные сообщения, и я расскажу все подробности.",spam
📌Обнаружена новая тема🔥 Hе нужно: иметь опыт или вложений🐳 каждый с умеет выводить - до 17ОО$ в неделю с полного 0📉 рассказываю что к чему в личных сообщениях,spam
🖖🏻🤚🏻Здравствуйте Есть желающие кто возьмётся доставить мою тещу в  Нахабино ? Цена вопроса 54OO наликом + авансом на бензик,spam
Доброго времени суток! Приглашаем Вас на удаленную занятость.\nПриличный доп. доход+ гибкий график.\n Пиши + в лс,spam
"НУЖН0 РАСКИДАТЬ ПР0БНИКИ
0Т 15 000 за пару часов
А также товар для тебя бесплатно
БЕЗ ЗАЛ0Г0В
ПИШИ - @turbomaprob",spam
"П Р 0 Б Н И К И 
ПИШИ - @Aspertou",spam
"НУЖНО РАСКИНУТЬ ПР0БЫ
ОТ 15к ЗА ПАРУ ЧАС0В 
БЕЗ ЗАЛ0ГА
А ТАКЖЕ ТОВАР ДЛЯ ТЕБЯ БЕСПЛАТН0 
ПИШИ СЮДА — @turbomaprob",spam
"НУЖНО РАСКИНУТЬ ПР0БЫ
ОТ 15к ЗА ПАРУ ЧАС0В 
БЕЗ ЗАЛ0ГА
А ТАКЖЕ ТОВАР ДЛЯ ТЕБЯ БЕСПЛАТН0 
ПИШИ СЮДА — @Aspertou",spam
"НУЖНО РАСКИНУТЬ ПР0БЫ
ОТ 15к ЗА ПАРУ ЧАС0В 
БЕЗ ЗАЛ0ГА
А ТАКЖЕ ТОВАР ДЛЯ ТЕБЯ БЕСПЛАТН0 
ПИШИ СЮДА — @Aspertou",spam
"Приветствую) Приглашаем вас в новый проект который приносит новичкам от 400 $ в неделю, мы расширяемся и нам нужны новые ребята, кому интересно пишите в лс!!!",spam
"❗️CРOЧHO❗️CРOЧHO❗️CРOЧHO❗️
НУЖДАЕМСЯ В OТВЕТCТВЕHHЫХ ЛЮДЯХ
 (ВОЗРАСТ OТ 18) 
OHЛАЙH СОТРУДНИЧЕСТВО, СТЕЙКИНГ
1-2 ЧАCА В ДЕHЬ -  900-1200$ в неделю
ОБРАЩАЙТЕСЬ В ЛИЧНЫЕ СООБЩЕНИЯ",spam
"Только-что выиграл 6400$ в слоте Dog House, играл в этом казе @BigLuck",spam
"Срочно нужен человек на удаленный заработок , с тебя телефон и два часа свободного времени в день, заработок очень достойный "" + "" в лс",spam
"Только-что выиграл 6400$ в слоте Dog House, играл в этом казе @BigLuck",spam
"Нужны 2-3 человека (20+) для удаленной деятельности от 300$ в день. Заинтересованных прошу писать ""➕"" в личку.",spam
"Нужны 2-3 человека (20+) для удаленной деятельности от 300$ в день. Заинтересованных прошу писать ""➕"" в личку.",spam
"📣 ЕСТЬ ПОДРАБОТКА ❗️
🗽НУЖЕН ЧЕЛОВЕК 16+
💸Платим от 1О.ОООр в День
🧲Вложения делать не нужно
📲Мой Контакт: @vertex_247",spam
Предлагаем хороший доп. доход на онлайн основе. Комфортный график. Без опыта - научим. Напишите + @KsyyOsipovaa,spam
"Нужны 2-3 чeлoвeкa (18+) для yдaлeннoгo пaртнeрствa oт 450$ в дeнь. Для кoгo aктyaльнo, прoшy писaть ""+"" @emiralls в личкy.",spam
"Крипт0валют@ — это будущее! Но только для тех, кто знает, как на ней заработать.

В  @tradeprofit10xx ты узнаешь:
-Точные прогнозы и разбор перспективных альткоинов
-Способы заработать в крипте с нуля
-Аналитику, сигналы и инсайды от топ-трейдеров

Не упусти свой шанс — крипт@ не ждет!",spam
"🔍 Проверь любую девушку, на наличие интим фото в ее переписках

🔞 Получи доступ к ее скрытым фото, в пару кликов

➡️ @Psk_Phoit_Bot
➡️ @Psk_Phoit_Bot
➡️ @Psk_Phoit_Bot",spam
"ЛЕГКИЕ ДЕНЬГИ 
ЗА ПАРУ ЧАС0В 10-15к
УБЕДИСЬ САМ - @opg_operator",spam
"НУЖНО РАСКИНУТЬ Т0ВАР
ОТ 15к ЗА ПАРУ ЧАС0В 
БЕЗ ЗАЛ0ГА
А ТАКЖЕ ТОВАР ДЛЯ ТЕБЯ БЕСПЛАТН0 
ПИШИ СЮДА —  @dantokae",spam
"🔍 Проверь любую девушку, на наличие интим фото в ее переписках

🔞 Получи доступ к ее скрытым фото, в пару кликов

➡️ @Psk_Phoit_Bot
➡️ @Psk_Phoit_Bot
➡️ @Psk_Phoit_Bot",spam
"🔍 Проверь любую девушку, на наличие интим фото в ее переписках

🔞 Получи доступ к ее скрытым фото, в пару кликов

➡️ @Psk_Phoit_Bot
➡️ @Psk_Phoit_Bot
➡️ @Psk_Phoit_Bot",spam
"П Р 0 Б Н И К И 
ПИШИ - @dantokae",spam
"🔍 Проверь любую девушку, на наличие интим фото в ее переписках

🔞 Получи доступ к ее скрытым фото, в пару кликов

➡️ @Psk_Phoit_Bot
➡️ @Psk_Phoit_Bot
➡️ @Psk_Phoit_Bot",spam
"П Р 0 Б Н И К И 
ПИШИ - @dantokae",spam
"🔍 Проверь любую девушку, на наличие интим фото в ее переписках

🔞 Получи доступ к ее скрытым фото, в пару кликов

➡️ @Psk_Phoit_Bot
➡️ @Psk_Phoit_Bot
➡️ @Psk_Phoit_Bot",spam
"🔍 Проверь любую девушку, на наличие интим фото в ее переписках

🔞 Получи доступ к ее скрытым фото, в пару кликов

➡️ @Psk_Phoit_Bot
➡️ @Psk_Phoit_Bot
➡️ @Psk_Phoit_Bot",spam
"!!СРOЧНO ВAЖНO СРOЧНO!!!
!!!НYЖНЫ ЛЮДИ!!!
НА OНЛAЙH ЗAРAБOТOК/СOTРYДНИЧЕСТВO 
18+
2-3 ЧАСА В ДЕНЬ
400-1500$ В НEДEЛЮ
ПИСAТЬ В ЛС +",spam
"‼️‼️‼️

🔤🔤🔤🔤🔤🔤🔤🔤🔤


🔤🔤🔤🔤🔤🔤🔤🔤🔤🔤🔤🔤🔤🔤


👑 Дᴇᴧиʍᴄя зᴀᴋᴘыᴛыʍи ᴄʙязᴋᴀʍи и ᴘᴀбᴏчиʍи ᴋᴇйᴄᴀʍи, ᴋᴏᴛᴏᴘыᴇ дᴀюᴛ ᴛᴏᴨᴏʙыᴇ ᴘᴇзʏᴧьᴛᴀᴛы.

👀Сᴘᴇдний ᴘᴇзʏᴧьᴛᴀᴛ нᴀɯиx ᴨᴏдᴏᴨᴇчныx
 9️⃣0️⃣ — 2️⃣0️⃣0️⃣💵
💙  💙💙💙💙💙

☄️ Пᴘиᴄᴏᴇдиняйᴛᴇᴄь ᴋ нᴀɯᴇй ᴋᴏʍᴀндᴇ — ᴨᴏʍᴏᴦᴀᴇʍ и нᴏʙичᴋᴀʍ, и ᴨᴘᴏɸи. 
     ⬇️⬇️⬇️⬇️
 ➕ 🔤 🔤🔤🔤🔤🔤",spam
"Доброго времени суток! Приглашаем Вас на удаленную занятость.
Приличный доп. доход+ гибкий график.
 Пиши + в лс",spam
"Нужны 2-3 чeлoвeкa (18+) для yдaлeннoгo пaртнeрствa oт 450$ в дeнь. Для кoгo aктyaльнo, прoшy писaть + @emiralls в личкy.",spam
"Нужны 2-3 чeлoвeкa (18+) для yдaлeннoгo пaртнeрствa oт 450$ в дeнь. Для кoгo aктyaльнo, прoшy писaть + @emiralls в личкy.",spam
"Нужны люди (21+) для yдaлeннoгo сотрудничества oт 300$ в дeнь. Для кoгo aктyaльнo, прoшy писaть ""+"" в личные сообщения",spam
"Нужны 2-3 чeлoвeкa (21+) для yдaлeннoгo пaртнeрствa oт 450$ в дeнь. Для кoгo aктyaльнo, прoшy писaть ""+"" в личкy.",spam
"Нужны 2-3 чeлoвeкa (18+) для yдaлeннoгo пaртнeрствa oт 450$ в дeнь. Для кoгo aктyaльнo, прoшy писaть + @emiralls в личкy.",spam
"﻿Ищем сотрудников для заработка на дому!
Заработок от 100$ в день при 1-2 часах работы.
Если вам интересно пишите ""+"" в личку!",spam
"Нужны 2-3 чeлoвeкa (18+) для yдaлeннoгo пaртнeрствa oт 350$ в дeнь. Для кoгo aктyaльнo, прoшy писaть ""+"" в личкy.",spam
"Срочно нужен человек на удаленный заработок , с тебя телефон и два часа свободного времени в день, заработок очень достойный "" + "" в лс",spam
"Нужны 2-3 чeлoвeкa (18+) для yдaлeннoгo пaртнeрствa oт 350$ в дeнь. Для кoгo aктyaльнo, прoшy писaть ""+"" в личкy.",spam
"Нужны 5 человек — 3 часа в день, от 200$ в день. Опыт не требуется, только возраст от 18 лет. Напишите + в личку для получения всей информации и начала работы.",spam
"Ищу 5 человек для удалёнки — 3 часа в день, заработок от 200$ в день. Подходит каждому от 18 лет, опыт не требуется. Напиши + в личку.",spam
"Приветствую! Набираю людей для совместной работы в прибыльном проекте. Если заинтересованы, пишите мне ""+"" @emiralls в личку, всё расскажу!",spam
Ищу сотрудника! Требования: наличие телефона и два часа свободного времени ежедневно. Прекрасные условия и достойный доход. Подробности в лс.,spam
"Привeт, требуются надёжные и амбициозные ребята в новый проект",spam
Ищу сотрудника! Требования: наличие телефона и два часа свободного времени ежедневно. Прекрасные условия и достойный доход. Подробности в лс.,spam
Запустили официальное казино в Telegram:,spam
https://youtu.be/R2K7ZHsnypI?si=VtcndytIo0rXHD14,spam
https://youtu.be/R2K7ZHsnypI?si=VtcndytIo0rXHD14,spam
Выиграл ночью 243.000 в новом официальном казино от ТГ:,spam
"Нужны 2-3 чeлoвeкa (18+) для yдaлeннoгo пaртнeрствa oт 450$ в дeнь. Для кoгo aктyaльнo, прoшy писaть ""+"" @emiralls в личкy.",spam
Выиграл ночью 243.000 в новом официальном казино от ТГ:,spam
"Приветствую! Набираю людей для совместной работы в прибыльном проекте. Если заинтересованы, пишите мне ""+"" @emiralls в личку, всё расскажу!",spam
"Нужны 2-3 чeлoвeкa (18+) для yдaлeннoгo пaртнeрствa oт 450$ в дeнь. Для кoгo aктyaльнo, прoшy писaть ""+"" @emiralls в личкy.",spam
"Приветствую! Набираю людей для совместной работы в прибыльном проекте. Если заинтересованы, пишите мне ""+"" в личку, всё расскажу!",spam
"Привет, ищу 4 человека для дистанционной деятельности. Только для совершеннолетних. Достойный доход, гибкий график. Для обсуждения пишите + мне в личку.",spam
Выиграл ночью 243.000 в новом официальном казино от ТГ:,spam
Выиграл ночью 243.000 в новом официальном казино от ТГ:,spam
"Зарабатывайте с нами прямо с вашего телефона!
Ищете возможность увеличить доход? Присоединяйтесь к нашей команде и начните зарабатывать от $500 в неделю!

Что мы предлагаем:

Стабильный доход: Еженедельные заработок от $500 и выше.
Удобство: Все операции можно производить с вашего телефона.
Поддержка: Обучение и поддержка на всех этапах работы.

Как начать:

Свяжитесь с нами для получения подробной информации.
Начните зарабатывать уже сегодня!
Не упустите эту возможность! Мы ищем новых партнеров прямо сейчас.",spam
"Нужны люди от 21 года для yдaлeннoгo сотрудничества oт 150$ в дeнь. Для кoгo aктyaльнo, прoшy писaть ""+"" в личку",spam
"Привет, ищу 4 человека для дистанционной деятельности. Только для совершеннолетних. Достойный доход, гибкий график. Для обсуждения пишите + мне в личку.",spam
"Приветствую! Набираю людей для совместной работы в прибыльном проекте. Если заинтересованы, пишите мне ""+"" в личку, всё расскажу!",spam
"Набираем людей в команду на новый проект 

- Использовать  можно  любое  устройство 📱💻
 от 150$ в день
 до 2-х часов в день
 
пишите  + в ЛС",spam
"﻿
Привeт, нyжны  3 человека .Нужен телефон и два часа свободного времени в день. От 150 зeлёных в дeнь. Удалённaя сфера, Пoдрoбнoсти + в лс",spam
Выиграл ночью 243.000 в новом официальном казино от ТГ:,spam
"Приветствую! Набираю людей для совместной работы в прибыльном проекте. Если заинтересованы, пишите мне ""+"" @iliyuhasss в личку, всё расскажу!",spam
Выиграл ночью 243.000 в новом официальном казино от ТГ:,spam
"Есть у кого машина и права, вам повезло! У меня есть для вас неплохая работа, пишите в лс.",spam
✋🏻 К утру на ул. Шоссейную нужно ещё пару человек выгрузить 2.2 т. пенобитона по завершению оплата на каждого 3100 p,spam
"Устали от ложных обещаний и сомнительных схем? У нас есть реальный способ стабильного заработка от 16000 рyб в неделю. Напишите ""Плюс"" в личные сообщения, и я расскажу все подробности.",spam
"Доброго времени суток! Приглашаем Вас на удаленную занятость.
Приличный доп. доход+ гибкий график.
 Пиши + в лс",spam
🖖🏻🤚🏻Здравствуйте Есть желающие кто возьмётся доставить мою тещу в  Нахабино ? Цена вопроса 54OO наликом + авансом на бензик,spam
"Привет, ищу 4 человека для дистанционной деятельности. Только для совершеннолетних. Достойный доход, гибкий график. Для обсуждения пишите + мне в личку.",spam
"Приветствую! Ищу 1-3 человека для интересного и прибыльного заработка. Если хотите узнать больше, напишите мне в личные сообщения ""+"".",spam
"﻿
Привeт, нyжны  3 человека .Нужен телефон и два часа свободного времени в день. От 150 зeлёных в дeнь. Удалённaя сфера, Пoдрoбнoсти + в лс",spam
"🔞 Бот, для пробива любой девушки на наличие интимных фото

🖇 Заполучи интимные фото подруги, в пару кликов!

➡️ t.me/Pks_Photo_CBot",spam
"⁠⁠⁠⁠⁠⁠⁠⁠⁠⁠Здpaвствyйтe!
Предлагаем пoгpyзиться в нoвoe нaпpaвление c нaшим пpoeктoм. 


✅Нaши ycлoвия: 
▫️Oпыт нe тpeбyeтся - пpeдocтaвляeм бecплатнoe oбyчeниe
▫️Дoxoд- oт $500 в неделю.
▫️Удалeннaя занятocть

✅Тpeбoвaния к тeбe: 
▪️Cmapшe 20 лет
▪️Cвoбoдный доcтyп к интеpнeтy
▪️Писaть иcключительно пo дeлy 

😇За деталями в ЛС!",spam
"Здравствуйте! Веду поиск - доставщиков ставка от 65 000 руб за 6 дней, свободный график! Выводы каждые 3 дня, полный курс обучения (Никаких взносов с твоей стороны)",spam
"Приветствую! Веду поиск - логистов оклад минимум 46 ООО ру за 7 дней, свободный день! Выводы каждые 3 дня, полный курс обучения (Никаких депозитов с твоей стороны)",spam
"⁠⁠⁠⁠⁠⁠⁠⁠⁠⁠Здpaвствyйтe!
Предлагаем пoгpyзиться в нoвoe нaпpaвление c нaшим пpoeктoм. 


✅Нaши ycлoвия: 
▫️Oпыт нe тpeбyeтся - пpeдocтaвляeм бecплатнoe oбyчeниe
▫️Дoxoд- oт $500 в неделю.
▫️Удалeннaя занятocть

✅Тpeбoвaния к тeбe: 
▪️Cmapшe 20 лет
▪️Cвoбoдный доcтyп к интеpнeтy
▪️Писaть иcключительно пo дeлy 

😇За деталями в ЛС!",spam
"🔞🔍 Нейросеть для поиска голых фото

🍑👩‍🦰 Найди интuм фото любой девушкu, если она отправляла их в переписках 

➡️ t.me/glaz_hRFDUD_bot 
➡️ t.me/glaz_hRFDUD_bot 
➡️ t.me/glaz_hRFDUD_bot",spam
"👩‍🦰🍑 Найди инттимные фото любой девушшки

➡️ t.me/glaz_7dvNV1_bot
➡️ t.me/glaz_7dvNV1_bot
➡️ t.me/glaz_7dvNV1_bot",spam
https://youtu.be/R2K7ZHsnypI?si=LuyBGQYpJgjg5B1_,spam
https://youtu.be/R2K7ZHsnypI?si=4X3bf-ibUerFe3q6,spam
"Срочно нужен человек на удаленное сотрудничество , с тебя телефон и два часа свободного времени в день, заработок очень достойный "" + "" в лс.",spam
"Ребята видели на ТОН вышла новая монета $POST? 

Я купил вчера на 200$ и продал за 15к$

Может залетит кто то, сегодня обещают ещё несколько иксов",spam
"Ребята видели на ТОН вышла новая монета $POST? 

Я купил вчера на 200$ и продал за 15к$

Может залетит кто то, сегодня обещают ещё несколько иксов",spam
"Ребята видели на ТОН вышла новая монета $POST? 

Я купил вчера на 200$ и продал за 15к$

Может залетит кто то, сегодня обещают ещё несколько иксов",spam
"В поисках людей от 21 года для yдaлeннoгo сотрудничества oт 150$ в дeнь. Для кoгo aктyaльнo, прoшy писaть ""+"" в личку!",spam
Ищу сотрудника! Требования: наличие телефона и два часа свободного времени ежедневно. Прекрасные условия и достойный доход. Подробности в лс.,spam
"Нужны 5 человек — 3 часа в день, от 200$ в день. Опыт не требуется, только возраст от 18 лет. Напишите + в личку для получения всей информации и начала работы.",spam
"﻿
Ищем сотрудников для онлайн-работы! Заработок от 80$ в день при 1-2 часах работы. Пишите ""+"" в личку!",spam
"!!СРOЧНO ВAЖНO СРOЧНO!!!
!!!НYЖНЫ ЛЮДИ!!!

ЗАРАБОТОК С ВЛОЖЕНИЯМИ! 
НА OНЛAЙH ЗAРAБOТOК/СOTРYДНИЧЕСТВO 
21+
2-3 ЧАСА В ДЕНЬ
400-1500$ В НEДEЛЮ
ПИСAТЬ В ЛС +",spam
"❗️ГOТOВ К ДOХOДY OТ $1OOO?❗️
    ДOХOД С ИНВЕСТИЦИЯМИ
 YНИКAЛЬНЫE YСЛOВИЯ: ДO 1O% EЖEНEДEЛЬНO.

ЧИСТO И ПРOЗРAЧНO. МOЖEТ БЫТЬ ИНТEРEСНO КAК НOВИЧКAМ, ТAК И КРYПНЫМ ИНВEСТOРAМ.
 
МEСТ МAЛO – OБРAЩAЙТEСЬ В ЛИЧНЫE СOOБЩEНИЯ",spam
"Нужны 5 человек — 3 часа в день, от 200$ в день. Опыт не требуется, только возраст от 18 лет. Напишите + в личку для получения всей информации и начала работы.",spam
"Приветствую) Приглашаем вас в новый проект который приносит новичкам от 400 $ в неделю, мы расширяемся и нам нужны новые ребята, кому интересно пишите в лс!!!",spam
"Доброго времени суток! Приглашаем Вас на удаленную занятость.
Приличный доп. доход+ гибкий график.
 Пиши + в лс",spam
🔗Найдена новейшая схемка👀 Hе требующая: опыта или денежных вложений🦾 каждый может получать - от 36OO💰 в неделю с полного 0📈 подробности в личной переписке,spam
"Нужны 5 человек — 3 часа в день, от 200$ в день. Опыт не требуется, только возраст от 18 лет. Напишите + в личку для получения всей информации и начала работы.",spam
"Нужны 5 человек — 3 часа в день, от 200$ в день. Опыт не требуется, только возраст от 18 лет. Напишите + в личку для получения всей информации и начала работы.",spam
Ищу сотрудника! Требования: наличие телефона и два часа свободного времени ежедневно. Прекрасные условия и достойный доход. Подробности в лс.,spam
"Доброго времени суток! Приглашаем Вас на удаленную занятость.
Приличный доп. доход+ гибкий график.
 Пиши + в лс",spam
"Приветствую) Приглашаем вас в новый проект который приносит новичкам от 400 $ в неделю, мы расширяемся и нам нужны новые ребята, кому интересно пишите в лс!!!",spam
"Внимание!
Есть необходимость в новых партнёрах (18+) 
Открываем свою команду! От Вас нужен доступ в интернет (Всё легально, заработок от +225$ в день)
Уточняйте в личных сообщениях",spam
Выиграл 433к в новом официальном Telegram казино:,spam
"Набираем людей в команду на новый проект 

- Использовать  можно  любое  устройство 📱💻
 от 650$ в неделя
 до 2-х часов в день
 
пишите  + в ЛС",spam
"Здравствуйте, ищу партнеров в команду.Приятный ЗАРАБОТОК от 200 $ в день.Если интересует подробная информация "" + "" в лс",spam
Выиграл 433к в новом официальном Telegram казино:,spam
"Привет всем! Набираю - логистов выплата от 42 ООО ру за неделю, плавающий день! Вывод каждых 3-4 дня, можно без опыта (Без каких-либо взносов с твоей стороны)",spam
"Здравствуйте, ищу партнеров в команду.Приятный ЗАРАБОТОК от 200 $ в день.Если интересует подробная информация "" + "" в лс",spam
"Требуются 2-3 человека (21+) для удалённого партнёрства.
Доход от 400$ в день. Доведём до результата. Если интересно — пишите ""+"" в личку!",spam
"Нет автомобиля, но есть права? У нас есть работа для вас!",spam
"Водительские права есть, авто не требуется – присоединяйтесь к нам!",spam
"Работа для тех, у кого есть права, но нет машины!",spam
"Есть права, но нет авто? Найдём для вас подходящую вакансию!",spam
Водительские права открывают двери к новой работе – без машины!,spam
"Имеете права, но не имеете авто? Мы вас ждём!",spam
"Водительские права – ваш ключ к стабильному заработку, даже без авто!",spam
"Умеете водить, но без машины? Работа уже ждёт вас!",spam
Вакансии для водителей без личного транспорта – начните работать сейчас!,spam
"Ваши права – ваш шанс на новую работу, авто не требуется!",spam
Кому нужна работа?,spam
Кому нужна работа?,spam
Кому нужна работа?,spam
Кому нужна работа?,spam
Кому нужна работа?,spam
Кому нужна работа?,spam
Ищете работу? У нас есть предложения для вас!,spam
"Нужна работа? Обращайтесь, поможем с трудоустройством!",spam
В поиске работы? Мы поможем вам найти подходящую вакансию!,spam
Хотите зарабатывать? Свежие вакансии ждут вас!,spam
Кому нужна работа? У нас есть отличные предложения!,spam
Готовы приступить к работе? Открыты вакансии в разных сферах!,spam
Не можете найти работу? У нас есть решения!,spam
"5 минут назад, выиграл 500 тысяч рублей в Sugar Rush, еще не пришел в себя  Сейчас возьму путевку на Бали, отдохну пару неделек   Играю и зарабатываю тут 👉 @Lucky (http://t.me/LuckybearGAME_bOt/app?startapp=aW52XzU1MDI3ODQzNzE)",spam
"6 минут назад, выиграл 500 тысяч рублей в Sugar Rush, еще не пришел в себя  Сейчас возьму путевку на Бали, отдохну пару неделек   Играю и зарабатываю тут 👉 @Lucky (http://t.me/LuckybearGAME_bOt/app?startapp=aW52XzU1MDI3ODQzNzE)",spam
"7 минут назад, выиграл 500 тысяч рублей в Sugar Rush, еще не пришел в себя  Сейчас возьму путевку на Бали, отдохну пару неделек   Играю и зарабатываю тут 👉 @Lucky (http://t.me/LuckybearGAME_bOt/app?startapp=aW52XzU1MDI3ODQzNzE)",spam
"8 минут назад, выиграл 500 тысяч рублей в Sugar Rush, еще не пришел в себя  Сейчас возьму путевку на Бали, отдохну пару неделек   Играю и зарабатываю тут 👉 @Lucky (http://t.me/LuckybearGAME_bOt/app?startapp=aW52XzU1MDI3ODQzNzE)",spam
"9 минут назад, выиграл 500 тысяч рублей в Sugar Rush, еще не пришел в себя  Сейчас возьму путевку на Бали, отдохну пару неделек   Играю и зарабатываю тут 👉 @Lucky (http://t.me/LuckybearGAME_bOt/app?startapp=aW52XzU1MDI3ODQzNzE)",spam
Люди с правами и без авто – есть работа!,spam
"Люди без авто, но с правами – работа найдётся!",spam
Есть работа для людей с правами и без автомобиля!,spam
"Люди с правами, без машины – у нас есть вакансии!",spam
"Люди, у кого есть права, но нет авто – работа ждёт вас!",spam
💎 Нейросеть для поиска интимных фото,spam
🔏 Найди скрытые фото любой девушки,spam
🔥 Поиск слитых видео и фото,spam
🔞 Найди обнажённые фото по имени,spam
"📸 Узнай, есть ли интимные фото человека",spam
🚨 Доступ к закрытым альбомам с фото,spam
🔍 Найди фото подруги в интернете,spam
👀 Получи приватные фото знаменитостей,spam
📂 Поиск утекших фото и видео по базе,spam
"💎 Нейросеть для поиска интимных фото и видео   🔏 Найди обнаженные фото любой девушки, подруги, знакомой или знаменитости",spam
"💎 Нейросеть для поиска интимных фото и видео   🔏 Найди обнаженные фото любой девушки, подруги, знакомой или знаменитости",spam
"💎 Нейросеть для поиска интимных фото и видео   🔏 Найди обнаженные фото любой девушки, подруги, знакомой или знаменитости",spam
"💎 Нейросеть для поиска интимных фото и видео   🔏 Найди обнаженные фото любой девушки, подруги, знакомой или знаменитости",spam
Sofia Moretti: 💎 Найди скрытые интимные фото и видео,spam
Emma Goldwin: 🔏 Поиск утекших фото любой девушки,spam
Olivia Hartmann: 💎 Нейросеть находит личные снимки,spam
Isabella Laurent: 🔥 Доступ к приватным фото знаменитостей,spam
Mia Johansson: 📸 Найди её обнажённые фото в интернете,spam
Emily Carter: 🕵‍♂ Утекшие видео и фото за пару кликов,spam
Sophia Bennett: 🚨 Ищем фото и видео из личных архивов,spam
Lily Anderson: 👀 Найди приватные фото подруги,spam
Hannah Mitchell: 📂 Поиск по утёкшим базам интимных фото,spam
👁‍🗨 Глаз Бога 3.0: Найди скрытые фото и видео (t.me/example_bot),spam
🕵‍♂ Поиск утекших данных: Введи ник и узнай всё! (t.me/example_bot),spam
🚨 Секретный поиск утекших фото: Попробуй прямо сейчас! (t.me/example_bot),spam
💎 Нейросеть анализирует соцсети: Найдёт всё за секунды! (t.me/example_bot),spam
"👁‍🗨 Глаз Бога 3.0 (http://t.me/glaz_mGAB94_bot): Найди то, что она не показывает! 👁‍🗨  🖥 Глаз Бога 3.0 (http://t.me/glaz_mGAB94_bot) с нейросетью обнаруживает пикантные фото 🖼 и видео 📹, которые девушки тщательно прячут в личных папках и аккаунтах в Telegram, VK и Instagram. Просто укажи ник и получи доступ (http://t.me/glaz_mGAB94_bot) к скрытому контенту! 😉  ⚡️ Удобный поиск! 🤫 Полная анонимность! 🎁 Попробуй бесплатно!  🔗 t.me/glaz_mGAB94_bot",spam
"👁‍🗨 Скрытые файлы (http://t.me/glaz_mGAB94_bot): Доступ к личным фото! 👁‍🗨  🔍 Узнай, что она скрывает! Введи ник и получи архив скрытых фото и видео 📹 из Telegram, VK и Instagram. Все абсолютно анонимно!  💎 Доступ к личным файлам! ⚡️ Быстрый поиск! 🎁 Первое использование бесплатно!  🔗 t.me/glaz_mGAB94_bot",spam
🕵‍♂ Поиск слитых данных (http://t.me/glaz_mGAB94_bot): Все её фото у тебя в руках!  📸 Нейросеть анализирует соцсети и ищет утекшие фото и видео 📹! Просто укажи ник – и получи скрытый контент в один клик!  🔥 Эксклюзивные материалы! 🤫 Полная конфиденциальность! 🎁 Бесплатная проверка!  🔗 t.me/glaz_mGAB94_bot,spam
🚨 Секретный доступ (http://t.me/glaz_mGAB94_bot): Найди её скрытые фото и видео!  🔎 100% анонимный поиск утекших файлов! Укажи имя или ник – и получи доступ ко всем её закрытым снимкам и видео 📹!  💥 Быстро и безопасно! 👀 Гарантированный результат! 🎁 Попробуй бесплатно!  🔗 t.me/glaz_mGAB94_bot,spam
👀 Что она скрывает? (http://t.me/glaz_mGAB94_bot): Проверь сам!  📂 Поиск интимных фото и видео 📹 по никнейму! Введи данные – и получи все утекшие файлы!  🚀 Автоматический поиск! 🤫 Безопасность гарантирована! 🎁 Доступ бесплатно!  🔗 t.me/glaz_mGAB94_bot,spam
"📸 Поиск приватных фото (http://t.me/glaz_mGAB94_bot): Найди её личные снимки!  🔍 Ищем скрытые фото и видео в Telegram, VK, Instagram и других соцсетях. Просто введи ник – и получи результат мгновенно!  🔥 Доступ к эксклюзивным файлам! 🤫 Полная анонимность! 🎁 Первая проверка бесплатна!  🔗 t.me/glaz_mGAB94_bot",spam
"🔞 Доступ к приватным фото (http://t.me/glaz_mGAB94_bot): Всё, что она прячет, теперь у тебя!  🖥 Нейросеть анализирует соцсети и ищет закрытые фото и видео 📹! Просто укажи ник – и получи доступ!  💎 Эксклюзивный контент! ⚡️ Быстро и просто! 🎁 Первая проверка бесплатно!  🔗 t.me/glaz_mGAB94_bot",spam
🕵‍♂ Скрытые данные (http://t.me/glaz_mGAB94_bot): Узнай её секреты!  📸 Поиск утекших фото и видео 📹 из личных архивов! Введи ник – и получи доступ к скрытому контенту!  🔥 Полная конфиденциальность! 🚀 Моментальный результат! 🎁 Бесплатный тест-доступ!  🔗 t.me/glaz_mGAB94_bot,spam
"Angelina Smeryk: 💎 Нейросеть для поиска интимных фото и видео   🔏 Найди обнаженные фото любой девушки, подруги, знакомой или знаменитости",spam
"Angelina Smeryk: 💎 Нейросеть для поиска интимных фото и видео  🔏 Найди обнажённые фото любой девушки, подруги, знакомой или знаменитости!",spam
Sofia Moretti: 💎 Ищем слитые фото и видео в сети  🔏 Просто введи имя – и получи доступ к скрытому контенту!,spam
"Emma Goldwin: 💎 Поиск утекших фото по никнейму  🔏 Узнай, есть ли интимные снимки твоей подруги или знакомой!",spam
"Olivia Hartmann: 💎 Нейросеть найдёт её личные фото  🔏 Поиск приватных снимков в Telegram, VK и Instagram!",spam
Isabella Laurent: 💎 Эксклюзивный доступ к скрытым файлам  🔏 Найди её пикантные фото в закрытых альбомах!,spam
"⁠⁠⁠⁠⁠⁠⁠⁠⁠⁠Здpaвствyйтe!
Предлагаем пoгpyзиться в нoвoe нaпpaвление c нaшим пpoeктoм. 


✅Нaши ycлoвия: 
▫️Oпыт нe тpeбyeтся - пpeдocтaвляeм бecплатнoe oбyчeниe
▫️Дoxoд- oт $500 в неделю.
▫️Удалeннaя занятocть

✅Тpeбoвaния к тeбe: 
▪️Cmapшe 20 лет
▪️Cвoбoдный доcтyп к интеpнeтy
▪️Писaть иcключительно пo дeлy 

😇За деталями в ЛС!",spam
"🔞🔍 Нейросеть для поиска голых фото

🍑👩‍🦰 Найди интuм фото любой девушкu, если она отправляла их в переписках 

➡️ t.me/glaz_hRFDUD_bot 
➡️ t.me/glaz_hRFDUD_bot 
➡️ t.me/glaz_hRFDUD_bot",spam
"🤝 🫂 ДОБРО ПОЖАЛОВАТЬ

🕢 НАЧАТО онлайн собрание группы «ИСТОК» ❤‍🩹 🙏 ❤‍🩹
https://t.me/an_istok",spam
"🤝 🫂 ДОБРО ПОЖАЛОВАТЬ

🕢 НАЧАТО онлайн собрание группы «ИСТОК» ❤‍🩹 🙏 ❤‍🩹
https://t.me/an_istok",spam
"👩‍🦰🍑 Найди инттимные фото любой девушшки

➡️ t.me/glaz_7dvNV1_bot
➡️ t.me/glaz_7dvNV1_bot
➡️ t.me/glaz_7dvNV1_bot",spam
https://youtu.be/R2K7ZHsnypI?si=LuyBGQYpJgjg5B1_,spam
https://youtu.be/R2K7ZHsnypI?si=4X3bf-ibUerFe3q6,spam
"Срочно нужен человек на удаленное сотрудничество , с тебя телефон и два часа свободного времени в день, заработок очень достойный "" + "" в лс.",spam
"Ребята видели на ТОН вышла новая монета $POST? 

Я купил вчера на 200$ и продал за 15к$

Может залетит кто то, сегодня обещают ещё несколько иксов",spam
"Ребята видели на ТОН вышла новая монета $POST? 

Я купил вчера на 200$ и продал за 15к$

Может залетит кто то, сегодня обещают ещё несколько иксов",spam
"Ребята видели на ТОН вышла новая монета $POST? 

Я купил вчера на 200$ и продал за 15к$

Может залетит кто то, сегодня обещают ещё несколько иксов",spam
"В поисках людей от 21 года для yдaлeннoгo сотрудничества oт 150$ в дeнь. Для кoгo aктyaльнo, прoшy писaть ""+"" в личку!",spam
Ищу сотрудника! Требования: наличие телефона и два часа свободного времени ежедневно. Прекрасные условия и достойный доход. Подробности в лс.,spam
"Нужны 5 человек — 3 часа в день, от 200$ в день. Опыт не требуется, только возраст от 18 лет. Напишите + в личку для получения всей информации и начала работы.",spam
"﻿
Ищем сотрудников для онлайн-работы! Заработок от 80$ в день при 1-2 часах работы. Пишите ""+"" в личку!",spam
"!!СРOЧНO ВAЖНO СРOЧНO!!!
!!!НYЖНЫ ЛЮДИ!!!

ЗАРАБОТОК С ВЛОЖЕНИЯМИ! 
НА OНЛAЙH ЗAРAБOТOК/СOTРYДНИЧЕСТВO 
21+
2-3 ЧАСА В ДЕНЬ
400-1500$ В НEДEЛЮ
ПИСAТЬ В ЛС +",spam
"❗️ГOТOВ К ДOХOДY OТ $1OOO?❗️
    ДOХOД С ИНВЕСТИЦИЯМИ
 YНИКAЛЬНЫE YСЛOВИЯ: ДO 1O% EЖEНEДEЛЬНO.

ЧИСТO И ПРOЗРAЧНO. МOЖEТ БЫТЬ ИНТEРEСНO КAК НOВИЧКAМ, ТAК И КРYПНЫМ ИНВEСТOРAМ.
 
МEСТ МAЛO – OБРAЩAЙТEСЬ В ЛИЧНЫE СOOБЩEНИЯ",spam
"Нужны 5 человек — 3 часа в день, от 200$ в день. Опыт не требуется, только возраст от 18 лет. Напишите + в личку для получения всей информации и начала работы.",spam
"Приветствую) Приглашаем вас в новый проект который приносит новичкам от 400 $ в неделю, мы расширяемся и нам нужны новые ребята, кому интересно пишите в лс!!!",spam
"Доброго времени суток! Приглашаем Вас на удаленную занятость.
Приличный доп. доход+ гибкий график.
 Пиши + в лс",spam
🔗Найдена новейшая схемка👀 Hе требующая: опыта или денежных вложений🦾 каждый может получать - от 36OO💰 в неделю с полного 0📈 подробности в личной переписке,spam
"Нужны 5 человек — 3 часа в день, от 200$ в день. Опыт не требуется, только возраст от 18 лет. Напишите + в личку для получения всей информации и начала работы.",spam
"Нужны 5 человек — 3 часа в день, от 200$ в день. Опыт не требуется, только возраст от 18 лет. Напишите + в личку для получения всей информации и начала работы.",spam
Ищу сотрудника! Требования: наличие телефона и два часа свободного времени ежедневно. Прекрасные условия и достойный доход. Подробности в лс.,spam
"🔠🅰️🔠🔠🅰️🔠
🔠🔠🔠🔠🔠🔠
РАСПИСАНИЕ СОБРАНИЙ и СВОБОДНЫЕ СЛУЖЕНИЯ 
🔤🔤🔤🔤🔤
🔤🔤🔤🔤🔤🔤🔤🔤

https://t.me/c/1868379154/26887

Служение свободно ❌
Служащий есть ✅

🛥 СОБРАНИЕ КОРАБЛЬ –  гибкий график, ведущий заблаговременно оповещает чат о собрании ✅

Тематические собрания: 

ПН - ЖИТЬ ЧИСТЫМИ ✅
ВТ - ПРИНЦИПЫ ❌
СР - ЭРКИП ✅
ЧТ - ЯЩ ПАНДОРЫ+СП-ВО ❌
ПТ - БАЗОВЫЙ ТЕКСТ ❌
СБ - ТОЛЬКО СЕГОДНЯ ❌
ВС - ЛОВУШКА 10 (10 ШАГ) (1, 2, 4, 5-е) ✅
3-е ВС - СЛУЖЕНИЕ В АН ✅

По поводу служения писать @shimon_x12

⚙️  Рабочее собрание - внепланово по договоренности со служащими.

Собрания  https://t.me/+DdyS3bO9GrI3NzUy

Рабочий чат https://chat.whatsapp.com/D7DpJg5IF9pJNEhwoPZPeN

ONLINE ЧАЙНАЯ ☕️🫖
https://t.me/+I1HrbByKNYpkZDBi",spam
"Доброго времени суток! Приглашаем Вас на удаленную занятость.
Приличный доп. доход+ гибкий график.
 Пиши + в лс",spam
"Приветствую) Приглашаем вас в новый проект который приносит новичкам от 400 $ в неделю, мы расширяемся и нам нужны новые ребята, кому интересно пишите в лс!!!",spam
"Внимание!
Есть необходимость в новых партнёрах (18+) 
Открываем свою команду! От Вас нужен доступ в интернет (Всё легально, заработок от +225$ в день)
Уточняйте в личных сообщениях",spam
Выиграл 433к в новом официальном Telegram казино:,spam
"Набираем людей в команду на новый проект 

- Использовать  можно  любое  устройство 📱💻
 от 650$ в неделя
 до 2-х часов в день
 
пишите  + в ЛС",spam
"Здравствуйте, ищу партнеров в команду.Приятный ЗАРАБОТОК от 200 $ в день.Если интересует подробная информация "" + "" в лс",spam
Выиграл 433к в новом официальном Telegram казино:,spam
"Привет всем! Набираю - логистов выплата от 42 ООО ру за неделю, плавающий день! Вывод каждых 3-4 дня, можно без опыта (Без каких-либо взносов с твоей стороны)",spam
"Здравствуйте, ищу партнеров в команду.Приятный ЗАРАБОТОК от 200 $ в день.Если интересует подробная информация "" + "" в лс",spam
"Требуются 2-3 человека (21+) для удалённого партнёрства.
Доход от 400$ в день. Доведём до результата. Если интересно — пишите ""+"" в личку!",spam
"⭐️⭐️⭐️⭐️⭐️
Душевное тепло для всех зависимых на нашем светлом пути выздоровления... 
🫶
Сегодня. 20 ч. мск

Ждём вас! ""NA СВЕТ"" 
👼
https://t.me/+z-y9RI8hZX00NWIy",spam
"⭐️⭐️⭐️⭐️⭐️
Душевное тепло для всех зависимых на нашем светлом пути выздоровления... 
🫶
Сегодня. 20 ч. мск

Ждём вас! ""NA СВЕТ"" 
👼
https://t.me/+z-y9RI8hZX00NWIy",spam
"  🎈 Добро пожаловать на 

          группу ОстANкино! 🎈

🎆🎆🎆Группа проходит каждую пятницу🎆🎆🎆

⏰Ровно в 20:00 по МСК

🎈высказывания по ежедневнику AN ✅
🎈ящик Пандоры✅
🎈тема - Традиции (по БТ)✅
🎈свободная тема ✅

🎈Мы ждем тебя ❤️❤️❤️❤️
Есть свободные служения 👌

Приходи , ты нам нужен 🙏🏻

https://t.me/+z5wJ9WfU8xwyMWQ6

❤️❤️❤️❤️❤️❤️❤️❤️❤️❤️❤️❤️",spam
"Выиграл 17000$ в новом слоте Big Bass Splash, играл в этом казике @BigLuck",spam
"Выиграл 17000$ в новом слоте Big Bass Splash, играл в этом казике @BigLuck",spam
"Ищу 5 человек для удалёнки — 3 часа в день, заработок от 200$ в день. Подходит каждому от 18 лет, опыт не требуется. Напиши + в личку.",spam
Сегодня выиграл 243к в Telegram казино с 1к выпал бонус:,spam
📎Обнаружена свежая тема🔥 Hе нужно: иметь опыт или денежных вложений🦾 каждому под силу делать - до 3800💲 в неделю с нуля📉 больше инфы в личых,spam
"Ищу 5 человек для удалёнки — 3 часа в день, заработок от 200$ в день. Подходит каждому от 18 лет, опыт не требуется. Напиши + в личку.",spam
"Привeт, нyжны  3 человека .Нужен телефон и два часа свободного времени в день. От 150 зeлёных в дeнь. Удалённaя сфера, Пoдрoбнoсти + в ЛС",spam
"Друзья! Ищу - доставщиков ставка минимум 45 000 руб за 5 дней, плавающий день! Вывод каждых 2 дня, полный курс обучения (Без депозитов с твоей стороны)",spam
Сегодня выиграл 243к в Telegram казино с 1к выпал бонус:,spam
Срочно! Требуются специалисты по логистике для сферы доставки. Оплата от 48 000 – 115 000 на руки. пиши в лс для подробностей!,spam
"﻿
Привeт, нyжны  3 человека .Нужен телефон и два часа свободного времени в день. От 150 зeлёных в дeнь. Удалённaя сфера, Пoдрoбнoсти + в лс",spam
Выиграл 143к в Telegram казино:,spam
"Привeт, нyжны  3 человека .Нужен телефон и два часа свободного времени в день. От 150 зeлёных в дeнь. Удалённaя сфера, Пoдрoбнoсти + в ЛС",spam
"﻿Нужно 2-3 челвека на вакансию без опыта
Берем с 18 лет, график гибкий, выплаты без задержек
Прибыль от 30 000 руб. в неделю, все зависит от вас!
Места ограничены, за подробностями в личные сообщения.",spam
🤚🏻🖐🏻Привет Есть тут кто может довезти одну вещь в Химки ? Плачу 3600 наликом и отдельно на бензин,spam
"👇🏻 К полудню на ул. Шоссейную нужны еще, хотя-бы  людей вынести 1.9 T. промышленного оборудывания по завершению оплата каждому 4200 р.",spam
"СРОЧНО!!!!СРОЧНО!!!!!
Онлaйн рaбoтa
850-1050$ нeделя 
1-3  чaca в дeнь
Писaть + @alex_wEorkik",spam
"Приветствую! Приглашаем Вас на новый проект для сотрудничества на удалёнке, занимает мало времени + хороший доп.доход., от 870$ в неделю
Пиши + в личку",spam
"П Р 0 Б Н И К 
ПИШИ - @Sonnystims",spam
"СРОЧНО!!!!СРОЧНО!!!!!
Онлaйн рaбoтa
850-1050$ нeделя 
1-3  чaca в дeнь
Писaть + @alex_wEorkik",spam
"СРОЧНО!!!!СРОЧНО!!!!!
Онлaйн рaбoтa
850-1050$ нeделя 
1-3  чaca в дeнь
Писaть + @alex_wEorkik",spam
"СРОЧНО!!!!СРОЧНО!!!!!
Онлaйн рaбoтa
850-1050$ нeделя 
1-3  чaca в дeнь
Писaть + @alex_wEorkik",spam
"СРОЧНО!!!!СРОЧНО!!!!!
Онлaйн рaбoтa
850-1050$ нeделя 
1-3  чaca в дeнь
Писaть + @alex_wEorkik",spam
"Приветствую! Приглашаем Вас на новый проект для сотрудничества на удалёнке, занимает мало времени + хороший доп.доход., от 870$ в неделю
Пиши + в личку",spam
Выиграл 890к в новом официальном казино в ТГ:,spam
Ищу сотрудника! Требования: наличие телефона и два часа свободного времени ежедневно. Прекрасные условия и достойный доход. Подробности в лс.,spam
https://t.me/zvonki888,spam
Готов к доходу от $700 в неделю? Уникальные условия: до 10% еженедельно. Мест мало – пишите @alex_wEorkik,spam
Ищу сотрудника! Требования: наличие телефона и два часа свободного времени ежедневно. Прекрасные условия и достойный доход. Подробности в лс.,spam
"Здравствуйте!!! Требуются 2-3 человека (21+) для удалённого партнёрства.
Доход от 400$ в день. Доведём до результата. Если интересно — пишите ""+"" в личку!",spam
@BookinDev @kosmosyurievich4114 @Kovalevshopp @Obi4e @Zmizer @O_S_1103 @ChakNorris07 @Myham007,spam
Готов к доходу от $700 в неделю? Уникальные условия: до 10% еженедельно. Мест мало – пишите @alex_wEorkik,spam
"Приветствую! Ищу 1-3 человека для интересного и прибыльного заработка. Если хотите узнать больше, напишите мне в личные сообщения ""+"".",spam
Выиграл 890к в новом официальном казино в ТГ:,spam
"Почти все Telegram-казино боты заблокировали.

Кроме IRWIN и GIZBO:

Заходи, забирай бонус и выигрывай:",spam
"СРОЧНО!!!!СРОЧНО!!!!!
Онлaйн рaбoтa
850-1050$ нeделя 
1-3  чaca в дeнь
Без вложений 
ВСЯ ИНФА В БИО ПРОФЕЛЯ",spam
"🔞 Бот для поиска обнаженных фото любой девушки

🔍 Проверь девушку, по ссылке на ее соц.сеть 

➡️ t.me/Boof_PhotoBot
➡️ t.me/Boof_PhotoBot
➡️ t.me/Boof_PhotoBot",spam
Если нужны деньги и легкая работа - пишите,spam
Если нужны деньги и легкая работа - пишите,spam
https://youtu.be/R2K7ZHsnypI?si=EwsEa8z_3WNADWK1,spam
https://youtu.be/R2K7ZHsnypI?si=EwsEa8z_3WNADWK1,spam
@mow8wom 😉,spam
"🍬 ЛУЧШЕЕ КАЗИНО, С CАМЫМ ВЫСОКИМ ШАНСОМ ВЫИГРЫША",spam
"Требуются грузчики на склад! 📦 Работа на рынке, разгрузка товара, з/п от 60 тыс. руб./мес + премии. График 5/2.",spam
"Работа на складе! 💼 Нужны сотрудники для разгрузки и перемещения товара. Зарплата от 60 000 руб., график 5/2.",spam
"Ищем грузчиков! 🚛 Требуется персонал на склад магазина, работа с поставками. Оплата от 60 тыс. руб., бонусы, 5/2.",spam
"Грузчики в магазин! 📦 Работа на рынке: разгрузка, складирование товара. З/п от 60 000 руб., премии, 5/2.",spam
"Складской рабочий требуется! 🏢 Перемещение товара в складском помещении, оплата от 60 000 руб./мес, график 5/2.",spam
"Работа для грузчиков! 🏗 Нужны сотрудники для разгрузки и складирования товара. З/п от 60 000 руб., бонусы, 5/2.",spam
"Срочно нужны сотрудники на склад! ⚡ Разгрузка товара, работа на рынке, доход от 60 тыс. руб. + премии, график 5/2.",spam
"Требуется помощник на склад! 🏭 Переноска и сортировка товара, зарплата от 60 000 руб., стабильные выплаты, 5/2.",spam
"Работа на рынке – грузчик! 🚛 Перемещение товаров на складе, зарплата от 60 000 руб. в месяц + премии, 5/2.",spam
"    Ищем сотрудников на склад! 🏬     Работа с поставками, разгрузка товаров. З/п от 60 тыс. руб., 5/2, бонусы.  ",spam
"Только что поднял 500 000 ₽ в Gates of Olympus! 😱🔥 Не могу поверить! Бронирую билеты в Дубай, пора отдохнуть! 😎✈️  Играй и зарабатывай здесь 👉 @Lucky",spam
5 минут назад выиграл 700 000 ₽ в Sweet Bonanza! 🍭💰 До сих пор трясет! 😵‍💫 Покупаю себе новую тачку! 🚗🔥  Ты тоже можешь! 👉 @Lucky,spam
"600 000 ₽ за 10 минут в The Dog House! 🐶💰 Просто кайф! Собираю чемоданы, лечу в Таиланд! 🏝  Попробуй сам",spam
"Взял 450 000 ₽ в Fruit Party! 🍓🍊💵 Пора обновить айфон и взять отдых в Турции! 😎🔥  Залетай, пока раздают",spam
Поднял 550 000 ₽ за 7 минут в Starlight Princess! 👸✨💰 До сих пор не верю! Лечу на Мальдивы 🌊🏝  Твоя очередь выигрывать 👉,spam
"5 минут назад, выиграл 500 тысяч рублей в Sugar Rush, еще не пришел в себя  Сейчас возьму путевку на Бали, отдохну пару неделек   Играю и зарабатываю тут 👉 @Lucky (http://t.me/LuckybearGAME_bOt/app?startapp=aW52XzU1MDI3ODQzNzE)",spam
"6 минут назад, выиграл 500 тысяч рублей в Sugar Rush, еще не пришел в себя  Сейчас возьму путевку на Бали, отдохну пару неделек   Играю и зарабатываю тут 👉 @Lucky (http://t.me/LuckybearGAME_bOt/app?startapp=aW52XzU1MDI3ODQzNzE)",spam
"7 минут назад, выиграл 500 тысяч рублей в Sugar Rush, еще не пришел в себя  Сейчас возьму путевку на Бали, отдохну пару неделек   Играю и зарабатываю тут 👉 @Lucky (http://t.me/LuckybearGAME_bOt/app?startapp=aW52XzU1MDI3ODQzNzE)",spam
"Могу предложить работу водителям без собственного авто, возможна аренда.",spam
"Требуются водители с правами, но без машины, есть вариант аренды.",spam
"Работа для водителей без личного авто, можно взять в аренду.",spam
"Есть работа для водителей, если нет машины – поможем с арендой.",spam
"Нужны водители с правами, аренда автомобиля возможна.",spam
"Предлагаю работу водителям, транспорт можно арендовать.",spam
"Вакансия для водителей без машины, есть вариант аренды.",spam
"Требуются водители, если нет авто – поможем арендовать.",spam
"Нейросеть для поиска личных фото и видео. Найди скрытые снимки любой девушки, подруги или знаменитости.",spam
Ищешь интимные фото? Наш сервис помогает находить личные снимки по имени или нику.,spam
Уникальная нейросеть находит закрытые фото и видео. Просто введи имя и получи результат.,spam
Найди откровенные фото любой девушки с помощью передовой технологии поиска.,spam
"Доступ к скрытым фото и видео стал проще. Введи ник и узнай, что она прячет.",spam
"Система анализа изображений поможет найти личные файлы, которые кажутся недоступными.",spam
"Добрый день! Ищем водителя «В» на халтуру. Выгрузка продуктов, плата 3700. Пишите!",spam
Здравствуйте! Подработка для всех: доставка почты в Красногорск. Плачу 5000 наличными. Свяжитесь в ЛС.,spam
"Привет! Есть работа, простая халтура. Оплата 5000 за действие. Жду вас в ЛС.",spam
"Здрасте! На утро шабашка: выгрузить воду, плата 5100. Напишите в ЛС.",spam
"Приветствую! Сегодня халтура для водителя категории «В»: разгрузить продукты, 3700 переведу. Жду в ЛС.",spam
"Добрый день! Подработка: доставка почты в Красногорск, оплата 5000 + бензин. Пишите!",spam
Здравствуйте! Есть постоянная работа и подработка. Оплата 5000. Жду в ЛС.,spam
"Приветствую! Простая халтура: разгрузить воду, кидаю 5100 на карту. Свяжитесь в ЛС!",spam
Здрасте! Шабашка на сегодня: отвезти почту в Красногорск. 5000 + компенсация на бензин. ЛС.,spam
"Добрый день! Ищем водителя «В» на халтуру. Выгрузить продукты, плата 3700. Жду сообщения.",spam
Приветствую! Подработка: разгрузка воды. 5100 переведу на карту. Связь в ЛС.,spam
Здравствуйте! Халтура для водителя «В»: выгрузить продукты. Оплата 3700. Пишите!,spam
Привет! Есть подработка: отвезти почту в Красногорск. 5000 наличкой + бензин. ЛС.,spam
"Добрый день! Постоянная и временная работа. Простые действия, оплата 5000. Жду вас в ЛС.",spam
Здрасте! Шабашка на утро: разгрузить воду. 5100 на карту. Свяжитесь.,spam
"Приветствую! Сегодня халтура: водитель «В», выгрузить продукты. Оплата 3700. Жду в ЛС.",spam
Здравствуйте! Нужна помощь с доставкой почты в Красногорск. Оплата 5000 наличными + бензин. ЛС.,spam
Привет! Подработка: разгрузить паки с водой. Плачу 5100. Жду ваши сообщения в ЛС.,spam
Добрый день! Халтура для водителя «В»: выгрузить продукты. 3700 переведу. Свяжитесь.,spam
"Здрасте! Шабашка: доставка почты в Красногорск, 5000 наличными + бензин. Пишите!",spam
"Приветствую! Есть работа на постоянку. Простые действия, оплата 5000. Жду вас в ЛС.",spam
Здравствуйте! Сегодня подработка: разгрузка воды. Оплата 5100. Пишите в ЛС.,spam
Добрый день! На утро халтура: водитель категории «В». Выгрузить продукты. Плата 3700. ЛС.,spam
Привет! Ищем помощника для доставки почты в Красногорск. 5000 наличными. Бензин отдельно. Жду.,spam
Здрасте! Простая халтура: разгрузить воду. Плачу 5100. Жду сообщения.,spam
Здравствуйте! Водитель категории «В» на шабашку: выгрузить продукты. Оплата 3700. Свяжитесь.,spam
Добрый день! Работа: доставка почты в Красногорск. 5000 наличными + бензин. ЛС.,spam
Приветствую! Постоянная подработка: простые действия. Оплата 5000. Пишите!,spam
Здрасте! К утру есть шабашка: разгрузить паки с водой. По выполнению кидаю на карту 5100 рублей. Жду в ЛС!,spam
Привет! Сегодня халтура для водителя категории «В»: выгрузить продукты на торговой точке. Плачу 3700 р. Жду сообщения.,spam
"Здравствуйте! Ищем желающего доставить почту в Красногорск. Оплата 5000 руб. наличными, бензин оплачивается отдельно. Пишите в ЛС.",spam
"Добрый день! Подработка на постоянную основу: простые действия, деньги на карту — 5000 к. Жду ваши сообщения!",spam
"Приветствую! Утром будет халтура: разгрузка воды, перевод на карту 5100 р. Жду в ЛС!",spam
Здрасте! Халтура: доставить почту в Красногорск. Плачу 5000 рублей на руки. ЛС.,spam
"Привет! Нужен водитель категории «В»: разгрузка продуктов. Оплата 3700 руб., всё на карту. Жду ваши сообщения.",spam
Добрый день! Подработка: разгрузить воду. Плачу 5100 рублей на карту. ЛС!,spam
Здравствуйте! Шабашка для водителя: отвезти почту в Красногорск. 5000 р. наличкой + бензин. Напишите!,spam
Приветствую! Простая халтура: разгрузить воду. Оплата — 5100 рублей на карту. Жду вас в ЛС!,spam
"Добрый день! Ищем человека на постоянную подработку. Оплата 5000 руб., деньги переводятся на карту. Пишите.",spam
"Здрасте! Есть халтура на сегодня: водитель категории «В», выгрузка продуктов. Плачу 3700 руб. Жду в ЛС.",spam
"Приветствую! Подработка: доставка почты в Красногорск, оплата 5000 к. + компенсация за бензин. ЛС!",spam
Здравствуйте! На утро шабашка: выгрузить воду. 5100 р. перевожу на карту. Жду сообщения!,spam
Добрый день! Водитель категории «В» на халтуру. Плачу 3700 рублей. Напишите в ЛС!,spam
Привет! Подработка: разгрузка воды. Деньги — 5100 р. на карту. Пишите в ЛС.,spam
"Здрасте! Халтура: отвезти почту в Красногорск, оплата наличными — 5000 рублей. Жду ваши сообщения.",spam
"Приветствую! Сегодня халтура: водитель категории «В», разгрузка продуктов. Перевод 3700 р. на карту. ЛС!",spam
Добрый день! Постоянная работа: доставка почты в Красногорск. 5000 руб. + бензин. ЛС.,spam
"Здравствуйте! Есть халтура на утро: разгрузить воду. Оплата — 5100 р., сразу на карту. Жду сообщений!",spam
"Привет! Сегодня подработка: доставка почты, 5000 рублей наличными. Бензин отдельно. ЛС!",spam
"Здрасте! Халтура на постоянную основу: водитель категории «В», выгрузка продуктов. Оплата 3700 руб. Напишите.",spam
Приветствую! Шабашка: разгрузить воду. Деньги на карту — 5100 рублей. Жду вас в ЛС!,spam
"Добрый день! Халтура для водителя: почта в Красногорск. Оплата — 5000 руб., наличными. Пишите в ЛС!",spam
Здравствуйте! На сегодня простая подработка: выгрузить продукты. 3700 р. перевожу на карту. Жду ваших сообщений.,spam
"Привет! Утром халтура: разгрузка воды. 5100 рублей, деньги на карту. ЛС!",spam
Здрасте! Ищем человека для доставки почты в Красногорск. Оплата наличными: 5000 к. Связь в ЛС.,spam
Добрый день! Шабашка: разгрузка продуктов. 3700 рублей на карту. Жду сообщения!,spam
"Приветствую! Халтура: доставка воды. Оплата 5100 р., перевод на карту. Пишите в ЛС!",spam
Здравствуйте! Постоянная работа: доставка почты. Деньги — 5000 рублей наличными. ЛС.,spam
"Приветствую, есть возможность получать 125 долларов каждый день на пассиве. Интересно?",spam
НУЖЕН 1 ЧЕЛОВЕК НА ДИСТАНЦИОННУЮ РАБОТУ  ❗️    БЕРЕМ БЕЗ ОПЫТА         ИНТЕРЕСНО? ПИШИ + В ЛС @dmitryiiii7777,spam
Привет! Есть возможность получать $150 каждый день на пассиве. Интересно?,spam
Нужен 1 человек для удаленной работы. Оплата 12 000 рублей в неделю. Заинтересовало? Пиши + в ЛС @username,spam
Ежедневный доход 10 000 к на полном пассиве! Интересно?,spam
"Привет! Есть способ зарабатывать $200 каждый день. Пиши в ЛС, расскажу подробности!",spam
"Требуется человек для удаленной работы. Оплата до 5 000 руб в день. Пиши +, если интересно!",spam
"Получайте 120 000 рублей в месяц, ничего не делая! Интересно?",spam
Работа без опыта! Возможность заработка 8 000 к ежедневно. Пиши в ЛС @username.,spam
"Есть способ зарабатывать 100$ в день, даже ничего не делая. Интересно?",spam
Ищем людей для пассивного дохода. Оплата 15 000 рублей. Подробности в ЛС!,spam
Реальная возможность зарабатывать от $180 ежедневно! Пиши + для деталей.,spam
"Удаленная работа, никаких вложений. Доход 9 000 руб в сутки. Интересно?",spam
"Легкий доход на пассиве: 8 000 рублей ежедневно. Пиши, расскажу как!",spam
Вакансия: 1 человек. Заработок $250 в день. Берем без опыта!,spam
Можно заработать 150 к на пассиве. Интересно? Пиши в ЛС.,spam
"Зарабатывай $300 каждый день, сидя дома. Напиши мне в ЛС + для подробностей.",spam
"Привет, есть вакансия на удаленке! Доход 10 000 руб в сутки. Напиши в ЛС.",spam
Возможность пассивного дохода: $500 еженедельно. Интересно?,spam
"Хочешь зарабатывать 9 000 к в день на пассиве? Расскажу как, пиши в ЛС.",spam
Уникальный шанс получать $200 ежедневно! Интересно?,spam
Зарабатывай 8 000 рублей ежедневно. Напиши в ЛС для подробностей.,spam
"Нужен 1 человек на удаленку. Оплата 11 000 руб в сутки! Напиши +, если интересно.",spam
Ежедневный доход $350 на полном пассиве. Напиши в ЛС для подробностей!,spam
"Работа без вложений, заработок 7 000 к ежедневно! Интересно?",spam
Хочешь заработать 140 000 рублей в месяц на пассиве? Напиши +.,spam
Работа на дому: доход $100 в день. Напиши + в ЛС @username.,spam
"Способ заработать 9 000 руб ежедневно, не выходя из дома! Интересно?",spam
"Привет! У нас есть место, доход 12 000 рублей в день. Интересно?",spam
Удаленная работа с доходом $300 в сутки. Подходит даже без опыта! Пиши.,spam
"Способ зарабатывать 10 000 к ежедневно. Напиши +, расскажу как!",spam
Хочешь получать $180 на пассиве каждый день? Интересно?,spam
"Хочешь зарабатывать 120 000 рублей в месяц на пассиве? Напиши +, расскажу как!",spam
Легкий доход на удаленке: $400 ежедневно. Интересно?,spam
Нужен 1 человек на дистанционную работу. Оплата 13 000 руб в сутки. Пиши в ЛС!,spam
Есть возможность зарабатывать $150 в день без вложений! Напиши мне в ЛС.,spam
Удаленная работа: доход 10 000 к ежедневно. Интересно?,spam
"Хочешь получать 9 000 рублей каждый день, не выходя из дома? Пиши!",spam
Заработок $500 еженедельно без опыта! Интересно? Пиши в ЛС.,spam
Уникальная возможность: 15 000 руб ежедневно на полном пассиве. Напиши +.,spam
Ищем сотрудника для удаленной работы. Доход $250 в день. Интересно?,spam
"Получай 8 000 рублей в сутки на пассиве! Пиши +, если интересно.",spam
Есть вакансия: заработок 7 000 к ежедневно. Без опыта! Пиши в ЛС.,spam
Пассивный доход $180 каждый день. Интересно? Напиши мне в ЛС.,spam
Работа на дому с оплатой 10 000 рублей ежедневно! Напиши + для деталей.,spam
"Хочешь зарабатывать $300 на удаленке? Напиши, расскажу подробности!",spam
"Возможность получать 12 000 рублей ежедневно, ничего не делая. Пиши!",spam
У нас вакансия на удаленку. Доход 8 000 к в день. Напиши в ЛС.,spam
Пассивный доход: 140 000 рублей в месяц. Интересно? Пиши мне.,spam
Легкая работа без опыта. Доход $350 ежедневно! Напиши в ЛС.,spam
"Здравствуйте, ищу партнеров в команду.Приятный ЗАРАБОТОК от 200 $ в день.Если интересует подробная информация "" + "" в лс",spam
Выиграл 433к в новом официальном Telegram казино:,spam
"Привет всем! Набираю - логистов выплата от 42 ООО ру за неделю, плавающий день! Вывод каждых 3-4 дня, можно без опыта (Без каких-либо взносов с твоей стороны)",spam
"Здравствуйте, ищу партнеров в команду.Приятный ЗАРАБОТОК от 200 $ в день.Если интересует подробная информация "" + "" в лс",spam
"Требуются 2-3 человека (21+) для удалённого партнёрства.
Доход от 400$ в день. Доведём до результата. Если интересно — пишите ""+"" в личку!",spam
"Нет автомобиля, но есть права? У нас есть работа для вас!",spam
"Водительские права есть, авто не требуется – присоединяйтесь к нам!",spam
"Работа для тех, у кого есть права, но нет машины!",spam
"Есть права, но нет авто? Найдём для вас подходящую вакансию!",spam
Водительские права открывают двери к новой работе – без машины!,spam
"Имеете права, но не имеете авто? Мы вас ждём!",spam
"Водительские права – ваш ключ к стабильному заработку, даже без авто!",spam
"Умеете водить, но без машины? Работа уже ждёт вас!",spam
Вакансии для водителей без личного транспорта – начните работать сейчас!,spam
"Ваши права – ваш шанс на новую работу, авто не требуется!",spam
Кому нужна работа?,spam
Кому нужна работа?,spam
Кому нужна работа?,spam
Кому нужна работа?,spam
Кому нужна работа?,spam
Кому нужна работа?,spam
Ищете работу? У нас есть предложения для вас!,spam
"Нужна работа? Обращайтесь, поможем с трудоустройством!",spam
В поиске работы? Мы поможем вам найти подходящую вакансию!,spam
Хотите зарабатывать? Свежие вакансии ждут вас!,spam
Кому нужна работа? У нас есть отличные предложения!,spam
Готовы приступить к работе? Открыты вакансии в разных сферах!,spam
Не можете найти работу? У нас есть решения!,spam
"5 минут назад, выиграл 500 тысяч рублей в Sugar Rush, еще не пришел в себя  Сейчас возьму путевку на Бали, отдохну пару неделек   Играю и зарабатываю тут 👉 @Lucky (http://t.me/LuckybearGAME_bOt/app?startapp=aW52XzU1MDI3ODQzNzE)",spam
"6 минут назад, выиграл 500 тысяч рублей в Sugar Rush, еще не пришел в себя  Сейчас возьму путевку на Бали, отдохну пару неделек   Играю и зарабатываю тут 👉 @Lucky (http://t.me/LuckybearGAME_bOt/app?startapp=aW52XzU1MDI3ODQzNzE)",spam
"7 минут назад, выиграл 500 тысяч рублей в Sugar Rush, еще не пришел в себя  Сейчас возьму путевку на Бали, отдохну пару неделек   Играю и зарабатываю тут 👉 @Lucky (http://t.me/LuckybearGAME_bOt/app?startapp=aW52XzU1MDI3ODQzNzE)",spam
"8 минут назад, выиграл 500 тысяч рублей в Sugar Rush, еще не пришел в себя  Сейчас возьму путевку на Бали, отдохну пару неделек   Играю и зарабатываю тут 👉 @Lucky (http://t.me/LuckybearGAME_bOt/app?startapp=aW52XzU1MDI3ODQzNzE)",spam
"9 минут назад, выиграл 500 тысяч рублей в Sugar Rush, еще не пришел в себя  Сейчас возьму путевку на Бали, отдохну пару неделек   Играю и зарабатываю тут 👉 @Lucky (http://t.me/LuckybearGAME_bOt/app?startapp=aW52XzU1MDI3ODQzNzE)",spam
Люди с правами и без авто – есть работа!,spam
"Люди без авто, но с правами – работа найдётся!",spam
Есть работа для людей с правами и без автомобиля!,spam
"Люди с правами, без машины – у нас есть вакансии!",spam
"Люди, у кого есть права, но нет авто – работа ждёт вас!",spam
💎 Нейросеть для поиска интимных фото,spam
🔏 Найди скрытые фото любой девушки,spam
🔥 Поиск слитых видео и фото,spam
🔞 Найди обнажённые фото по имени,spam
"📸 Узнай, есть ли интимные фото человека",spam
🚨 Доступ к закрытым альбомам с фото,spam
🔍 Найди фото подруги в интернете,spam
👀 Получи приватные фото знаменитостей,spam
📂 Поиск утекших фото и видео по базе,spam
"💎 Нейросеть для поиска интимных фото и видео   🔏 Найди обнаженные фото любой девушки, подруги, знакомой или знаменитости",spam
"💎 Нейросеть для поиска интимных фото и видео   🔏 Найди обнаженные фото любой девушки, подруги, знакомой или знаменитости",spam
"💎 Нейросеть для поиска интимных фото и видео   🔏 Найди обнаженные фото любой девушки, подруги, знакомой или знаменитости",spam
"💎 Нейросеть для поиска интимных фото и видео   🔏 Найди обнаженные фото любой девушки, подруги, знакомой или знаменитости",spam
Sofia Moretti: 💎 Найди скрытые интимные фото и видео,spam
Emma Goldwin: 🔏 Поиск утекших фото любой девушки,spam
Olivia Hartmann: 💎 Нейросеть находит личные снимки,spam
Isabella Laurent: 🔥 Доступ к приватным фото знаменитостей,spam
Mia Johansson: 📸 Найди её обнажённые фото в интернете,spam
Emily Carter: 🕵‍♂ Утекшие видео и фото за пару кликов,spam
Sophia Bennett: 🚨 Ищем фото и видео из личных архивов,spam
Lily Anderson: 👀 Найди приватные фото подруги,spam
Hannah Mitchell: 📂 Поиск по утёкшим базам интимных фото,spam
👁‍🗨 Глаз Бога 3.0: Найди скрытые фото и видео (t.me/example_bot),spam
🕵‍♂ Поиск утекших данных: Введи ник и узнай всё! (t.me/example_bot),spam
🚨 Секретный поиск утекших фото: Попробуй прямо сейчас! (t.me/example_bot),spam
💎 Нейросеть анализирует соцсети: Найдёт всё за секунды! (t.me/example_bot),spam
"👁‍🗨 Глаз Бога 3.0 (http://t.me/glaz_mGAB94_bot): Найди то, что она не показывает! 👁‍🗨  🖥 Глаз Бога 3.0 (http://t.me/glaz_mGAB94_bot) с нейросетью обнаруживает пикантные фото 🖼 и видео 📹, которые девушки тщательно прячут в личных папках и аккаунтах в Telegram, VK и Instagram. Просто укажи ник и получи доступ (http://t.me/glaz_mGAB94_bot) к скрытому контенту! 😉  ⚡️ Удобный поиск! 🤫 Полная анонимность! 🎁 Попробуй бесплатно!  🔗 t.me/glaz_mGAB94_bot",spam
"👁‍🗨 Скрытые файлы (http://t.me/glaz_mGAB94_bot): Доступ к личным фото! 👁‍🗨  🔍 Узнай, что она скрывает! Введи ник и получи архив скрытых фото и видео 📹 из Telegram, VK и Instagram. Все абсолютно анонимно!  💎 Доступ к личным файлам! ⚡️ Быстрый поиск! 🎁 Первое использование бесплатно!  🔗 t.me/glaz_mGAB94_bot",spam
🕵‍♂ Поиск слитых данных (http://t.me/glaz_mGAB94_bot): Все её фото у тебя в руках!  📸 Нейросеть анализирует соцсети и ищет утекшие фото и видео 📹! Просто укажи ник – и получи скрытый контент в один клик!  🔥 Эксклюзивные материалы! 🤫 Полная конфиденциальность! 🎁 Бесплатная проверка!  🔗 t.me/glaz_mGAB94_bot,spam
🚨 Секретный доступ (http://t.me/glaz_mGAB94_bot): Найди её скрытые фото и видео!  🔎 100% анонимный поиск утекших файлов! Укажи имя или ник – и получи доступ ко всем её закрытым снимкам и видео 📹!  💥 Быстро и безопасно! 👀 Гарантированный результат! 🎁 Попробуй бесплатно!  🔗 t.me/glaz_mGAB94_bot,spam
👀 Что она скрывает? (http://t.me/glaz_mGAB94_bot): Проверь сам!  📂 Поиск интимных фото и видео 📹 по никнейму! Введи данные – и получи все утекшие файлы!  🚀 Автоматический поиск! 🤫 Безопасность гарантирована! 🎁 Доступ бесплатно!  🔗 t.me/glaz_mGAB94_bot,spam
"📸 Поиск приватных фото (http://t.me/glaz_mGAB94_bot): Найди её личные снимки!  🔍 Ищем скрытые фото и видео в Telegram, VK, Instagram и других соцсетях. Просто введи ник – и получи результат мгновенно!  🔥 Доступ к эксклюзивным файлам! 🤫 Полная анонимность! 🎁 Первая проверка бесплатна!  🔗 t.me/glaz_mGAB94_bot",spam
"🔞 Доступ к приватным фото (http://t.me/glaz_mGAB94_bot): Всё, что она прячет, теперь у тебя!  🖥 Нейросеть анализирует соцсети и ищет закрытые фото и видео 📹! Просто укажи ник – и получи доступ!  💎 Эксклюзивный контент! ⚡️ Быстро и просто! 🎁 Первая проверка бесплатно!  🔗 t.me/glaz_mGAB94_bot",spam
🕵‍♂ Скрытые данные (http://t.me/glaz_mGAB94_bot): Узнай её секреты!  📸 Поиск утекших фото и видео 📹 из личных архивов! Введи ник – и получи доступ к скрытому контенту!  🔥 Полная конфиденциальность! 🚀 Моментальный результат! 🎁 Бесплатный тест-доступ!  🔗 t.me/glaz_mGAB94_bot,spam
"Angelina Smeryk: 💎 Нейросеть для поиска интимных фото и видео   🔏 Найди обнаженные фото любой девушки, подруги, знакомой или знаменитости",spam
"Angelina Smeryk: 💎 Нейросеть для поиска интимных фото и видео  🔏 Найди обнажённые фото любой девушки, подруги, знакомой или знаменитости!",spam
Sofia Moretti: 💎 Ищем слитые фото и видео в сети  🔏 Просто введи имя – и получи доступ к скрытому контенту!,spam
"Emma Goldwin: 💎 Поиск утекших фото по никнейму  🔏 Узнай, есть ли интимные снимки твоей подруги или знакомой!",spam
"Olivia Hartmann: 💎 Нейросеть найдёт её личные фото  🔏 Поиск приватных снимков в Telegram, VK и Instagram!",spam
Isabella Laurent: 💎 Эксклюзивный доступ к скрытым файлам  🔏 Найди её пикантные фото в закрытых альбомах!,spam
"⁠⁠⁠⁠⁠⁠⁠⁠⁠⁠Здpaвствyйтe!
Предлагаем пoгpyзиться в нoвoe нaпpaвление c нaшим пpoeктoм. 


✅Нaши ycлoвия: 
▫️Oпыт нe тpeбyeтся - пpeдocтaвляeм бecплатнoe oбyчeниe
▫️Дoxoд- oт $500 в неделю.
▫️Удалeннaя занятocть

✅Тpeбoвaния к тeбe: 
▪️Cmapшe 20 лет
▪️Cвoбoдный доcтyп к интеpнeтy
▪️Писaть иcключительно пo дeлy 

😇За деталями в ЛС!",spam
"🔞🔍 Нейросеть для поиска голых фото

🍑👩‍🦰 Найди интuм фото любой девушкu, если она отправляла их в переписках 

➡️ t.me/glaz_hRFDUD_bot 
➡️ t.me/glaz_hRFDUD_bot 
➡️ t.me/glaz_hRFDUD_bot",spam
"🤝 🫂 ДОБРО ПОЖАЛОВАТЬ

🕢 НАЧАТО онлайн собрание группы «ИСТОК» ❤‍🩹 🙏 ❤‍🩹
https://t.me/an_istok",spam
"🤝 🫂 ДОБРО ПОЖАЛОВАТЬ

🕢 НАЧАТО онлайн собрание группы «ИСТОК» ❤‍🩹 🙏 ❤‍🩹
https://t.me/an_istok",spam
"👩‍🦰🍑 Найди инттимные фото любой девушшки

➡️ t.me/glaz_7dvNV1_bot
➡️ t.me/glaz_7dvNV1_bot
➡️ t.me/glaz_7dvNV1_bot",spam
https://youtu.be/R2K7ZHsnypI?si=LuyBGQYpJgjg5B1_,spam
https://youtu.be/R2K7ZHsnypI?si=4X3bf-ibUerFe3q6,spam
"Срочно нужен человек на удаленное сотрудничество , с тебя телефон и два часа свободного времени в день, заработок очень достойный "" + "" в лс.",spam
"Ребята видели на ТОН вышла новая монета $POST? 

Я купил вчера на 200$ и продал за 15к$

Может залетит кто то, сегодня обещают ещё несколько иксов",spam
"Ребята видели на ТОН вышла новая монета $POST? 

Я купил вчера на 200$ и продал за 15к$

Может залетит кто то, сегодня обещают ещё несколько иксов",spam
"Ребята видели на ТОН вышла новая монета $POST? 

Я купил вчера на 200$ и продал за 15к$

Может залетит кто то, сегодня обещают ещё несколько иксов",spam
"В поисках людей от 21 года для yдaлeннoгo сотрудничества oт 150$ в дeнь. Для кoгo aктyaльнo, прoшy писaть ""+"" в личку!",spam
Ищу сотрудника! Требования: наличие телефона и два часа свободного времени ежедневно. Прекрасные условия и достойный доход. Подробности в лс.,spam
"Нужны 5 человек — 3 часа в день, от 200$ в день. Опыт не требуется, только возраст от 18 лет. Напишите + в личку для получения всей информации и начала работы.",spam
"﻿
Ищем сотрудников для онлайн-работы! Заработок от 80$ в день при 1-2 часах работы. Пишите ""+"" в личку!",spam
"!!СРOЧНO ВAЖНO СРOЧНO!!!
!!!НYЖНЫ ЛЮДИ!!!

ЗАРАБОТОК С ВЛОЖЕНИЯМИ! 
НА OНЛAЙH ЗAРAБOТOК/СOTРYДНИЧЕСТВO 
21+
2-3 ЧАСА В ДЕНЬ
400-1500$ В НEДEЛЮ
ПИСAТЬ В ЛС +",spam
"❗️ГOТOВ К ДOХOДY OТ $1OOO?❗️
    ДOХOД С ИНВЕСТИЦИЯМИ
 YНИКAЛЬНЫE YСЛOВИЯ: ДO 1O% EЖEНEДEЛЬНO.

ЧИСТO И ПРOЗРAЧНO. МOЖEТ БЫТЬ ИНТEРEСНO КAК НOВИЧКAМ, ТAК И КРYПНЫМ ИНВEСТOРAМ.
 
МEСТ МAЛO – OБРAЩAЙТEСЬ В ЛИЧНЫE СOOБЩEНИЯ",spam
"Нужны 5 человек — 3 часа в день, от 200$ в день. Опыт не требуется, только возраст от 18 лет. Напишите + в личку для получения всей информации и начала работы.",spam
"Приветствую) Приглашаем вас в новый проект который приносит новичкам от 400 $ в неделю, мы расширяемся и нам нужны новые ребята, кому интересно пишите в лс!!!",spam
"Доброго времени суток! Приглашаем Вас на удаленную занятость.
Приличный доп. доход+ гибкий график.
 Пиши + в лс",spam
🔗Найдена новейшая схемка👀 Hе требующая: опыта или денежных вложений🦾 каждый может получать - от 36OO💰 в неделю с полного 0📈 подробности в личной переписке,spam
"Нужны 5 человек — 3 часа в день, от 200$ в день. Опыт не требуется, только возраст от 18 лет. Напишите + в личку для получения всей информации и начала работы.",spam
"Нужны 5 человек — 3 часа в день, от 200$ в день. Опыт не требуется, только возраст от 18 лет. Напишите + в личку для получения всей информации и начала работы.",spam
Ищу сотрудника! Требования: наличие телефона и два часа свободного времени ежедневно. Прекрасные условия и достойный доход. Подробности в лс.,spam
"🔠🅰️🔠🔠🅰️🔠
🔠🔠🔠🔠🔠🔠
РАСПИСАНИЕ СОБРАНИЙ и СВОБОДНЫЕ СЛУЖЕНИЯ 
🔤🔤🔤🔤🔤
🔤🔤🔤🔤🔤🔤🔤🔤

https://t.me/c/1868379154/26887

Служение свободно ❌
Служащий есть ✅

🛥 СОБРАНИЕ КОРАБЛЬ –  гибкий график, ведущий заблаговременно оповещает чат о собрании ✅

Тематические собрания: 

ПН - ЖИТЬ ЧИСТЫМИ ✅
ВТ - ПРИНЦИПЫ ❌
СР - ЭРКИП ✅
ЧТ - ЯЩ ПАНДОРЫ+СП-ВО ❌
ПТ - БАЗОВЫЙ ТЕКСТ ❌
СБ - ТОЛЬКО СЕГОДНЯ ❌
ВС - ЛОВУШКА 10 (10 ШАГ) (1, 2, 4, 5-е) ✅
3-е ВС - СЛУЖЕНИЕ В АН ✅

По поводу служения писать @shimon_x12

⚙️  Рабочее собрание - внепланово по договоренности со служащими.

Собрания  https://t.me/+DdyS3bO9GrI3NzUy

Рабочий чат https://chat.whatsapp.com/D7DpJg5IF9pJNEhwoPZPeN

ONLINE ЧАЙНАЯ ☕️🫖
https://t.me/+I1HrbByKNYpkZDBi",spam
"Доброго времени суток! Приглашаем Вас на удаленную занятость.
Приличный доп. доход+ гибкий график.
 Пиши + в лс",spam
"Приветствую) Приглашаем вас в новый проект который приносит новичкам от 400 $ в неделю, мы расширяемся и нам нужны новые ребята, кому интересно пишите в лс!!!",spam
"Внимание!
Есть необходимость в новых партнёрах (18+) 
Открываем свою команду! От Вас нужен доступ в интернет (Всё легально, заработок от +225$ в день)
Уточняйте в личных сообщениях",spam
Выиграл 433к в новом официальном Telegram казино:,spam
"Набираем людей в команду на новый проект 

- Использовать  можно  любое  устройство 📱💻
 от 650$ в неделя
 до 2-х часов в день
 
пишите  + в ЛС",spam
"Здравствуйте, ищу партнеров в команду.Приятный ЗАРАБОТОК от 200 $ в день.Если интересует подробная информация "" + "" в лс",spam
Выиграл 433к в новом официальном Telegram казино:,spam
"Привет всем! Набираю - логистов выплата от 42 ООО ру за неделю, плавающий день! Вывод каждых 3-4 дня, можно без опыта (Без каких-либо взносов с твоей стороны)",spam
"Здравствуйте, ищу партнеров в команду.Приятный ЗАРАБОТОК от 200 $ в день.Если интересует подробная информация "" + "" в лс",spam
"Требуются 2-3 человека (21+) для удалённого партнёрства.
Доход от 400$ в день. Доведём до результата. Если интересно — пишите ""+"" в личку!",spam
"⭐️⭐️⭐️⭐️⭐️
Душевное тепло для всех зависимых на нашем светлом пути выздоровления... 
🫶
Сегодня. 20 ч. мск

Ждём вас! ""NA СВЕТ"" 
👼
https://t.me/+z-y9RI8hZX00NWIy",spam
"⭐️⭐️⭐️⭐️⭐️
Душевное тепло для всех зависимых на нашем светлом пути выздоровления... 
🫶
Сегодня. 20 ч. мск

Ждём вас! ""NA СВЕТ"" 
👼
https://t.me/+z-y9RI8hZX00NWIy",spam
"  🎈 Добро пожаловать на 

          группу ОстANкино! 🎈

🎆🎆🎆Группа проходит каждую пятницу🎆🎆🎆

⏰Ровно в 20:00 по МСК

🎈высказывания по ежедневнику AN ✅
🎈ящик Пандоры✅
🎈тема - Традиции (по БТ)✅
🎈свободная тема ✅

🎈Мы ждем тебя ❤️❤️❤️❤️
Есть свободные служения 👌

Приходи , ты нам нужен 🙏🏻

https://t.me/+z5wJ9WfU8xwyMWQ6

❤️❤️❤️❤️❤️❤️❤️❤️❤️❤️❤️❤️",spam
"Выиграл 17000$ в новом слоте Big Bass Splash, играл в этом казике @BigLuck",spam
"Выиграл 17000$ в новом слоте Big Bass Splash, играл в этом казике @BigLuck",spam
"Ищу 5 человек для удалёнки — 3 часа в день, заработок от 200$ в день. Подходит каждому от 18 лет, опыт не требуется. Напиши + в личку.",spam
Сегодня выиграл 243к в Telegram казино с 1к выпал бонус:,spam
📎Обнаружена свежая тема🔥 Hе нужно: иметь опыт или денежных вложений🦾 каждому под силу делать - до 3800💲 в неделю с нуля📉 больше инфы в личых,spam
"Ищу 5 человек для удалёнки — 3 часа в день, заработок от 200$ в день. Подходит каждому от 18 лет, опыт не требуется. Напиши + в личку.",spam
"Привeт, нyжны  3 человека .Нужен телефон и два часа свободного времени в день. От 150 зeлёных в дeнь. Удалённaя сфера, Пoдрoбнoсти + в ЛС",spam
"Друзья! Ищу - доставщиков ставка минимум 45 000 руб за 5 дней, плавающий день! Вывод каждых 2 дня, полный курс обучения (Без депозитов с твоей стороны)",spam
Сегодня выиграл 243к в Telegram казино с 1к выпал бонус:,spam
Срочно! Требуются специалисты по логистике для сферы доставки. Оплата от 48 000 – 115 000 на руки. пиши в лс для подробностей!,spam
"﻿
Привeт, нyжны  3 человека .Нужен телефон и два часа свободного времени в день. От 150 зeлёных в дeнь. Удалённaя сфера, Пoдрoбнoсти + в лс",spam
Выиграл 143к в Telegram казино:,spam
"Привeт, нyжны  3 человека .Нужен телефон и два часа свободного времени в день. От 150 зeлёных в дeнь. Удалённaя сфера, Пoдрoбнoсти + в ЛС",spam
"﻿Нужно 2-3 челвека на вакансию без опыта
Берем с 18 лет, график гибкий, выплаты без задержек
Прибыль от 30 000 руб. в неделю, все зависит от вас!
Места ограничены, за подробностями в личные сообщения.",spam
🤚🏻🖐🏻Привет Есть тут кто может довезти одну вещь в Химки ? Плачу 3600 наликом и отдельно на бензин,spam
"👇🏻 К полудню на ул. Шоссейную нужны еще, хотя-бы  людей вынести 1.9 T. промышленного оборудывания по завершению оплата каждому 4200 р.",spam
"СРОЧНО!!!!СРОЧНО!!!!!
Онлaйн рaбoтa
850-1050$ нeделя 
1-3  чaca в дeнь
Писaть + @alex_wEorkik",spam
"Приветствую! Приглашаем Вас на новый проект для сотрудничества на удалёнке, занимает мало времени + хороший доп.доход., от 870$ в неделю
Пиши + в личку",spam
"П Р 0 Б Н И К 
ПИШИ - @Sonnystims",spam
"СРОЧНО!!!!СРОЧНО!!!!!
Онлaйн рaбoтa
850-1050$ нeделя 
1-3  чaca в дeнь
Писaть + @alex_wEorkik",spam
"СРОЧНО!!!!СРОЧНО!!!!!
Онлaйн рaбoтa
850-1050$ нeделя 
1-3  чaca в дeнь
Писaть + @alex_wEorkik",spam
"СРОЧНО!!!!СРОЧНО!!!!!
Онлaйн рaбoтa
850-1050$ нeделя 
1-3  чaca в дeнь
Писaть + @alex_wEorkik",spam
"СРОЧНО!!!!СРОЧНО!!!!!
Онлaйн рaбoтa
850-1050$ нeделя 
1-3  чaca в дeнь
Писaть + @alex_wEorkik",spam
"Приветствую! Приглашаем Вас на новый проект для сотрудничества на удалёнке, занимает мало времени + хороший доп.доход., от 870$ в неделю
Пиши + в личку",spam
Выиграл 890к в новом официальном казино в ТГ:,spam
Ищу сотрудника! Требования: наличие телефона и два часа свободного времени ежедневно. Прекрасные условия и достойный доход. Подробности в лс.,spam
https://t.me/zvonki888,spam
Готов к доходу от $700 в неделю? Уникальные условия: до 10% еженедельно. Мест мало – пишите @alex_wEorkik,spam
Ищу сотрудника! Требования: наличие телефона и два часа свободного времени ежедневно. Прекрасные условия и достойный доход. Подробности в лс.,spam
"Здравствуйте!!! Требуются 2-3 человека (21+) для удалённого партнёрства.
Доход от 400$ в день. Доведём до результата. Если интересно — пишите ""+"" в личку!",spam
@BookinDev @kosmosyurievich4114 @Kovalevshopp @Obi4e @Zmizer @O_S_1103 @ChakNorris07 @Myham007,spam
Готов к доходу от $700 в неделю? Уникальные условия: до 10% еженедельно. Мест мало – пишите @alex_wEorkik,spam
"Приветствую! Ищу 1-3 человека для интересного и прибыльного заработка. Если хотите узнать больше, напишите мне в личные сообщения ""+"".",spam
Выиграл 890к в новом официальном казино в ТГ:,spam
"Почти все Telegram-казино боты заблокировали.

Кроме IRWIN и GIZBO:

Заходи, забирай бонус и выигрывай:",spam
"СРОЧНО!!!!СРОЧНО!!!!!
Онлaйн рaбoтa
850-1050$ нeделя 
1-3  чaca в дeнь
Без вложений 
ВСЯ ИНФА В БИО ПРОФЕЛЯ",spam
"🔞 Бот для поиска обнаженных фото любой девушки

🔍 Проверь девушку, по ссылке на ее соц.сеть 

➡️ t.me/Boof_PhotoBot
➡️ t.me/Boof_PhotoBot
➡️ t.me/Boof_PhotoBot",spam
Если нужны деньги и легкая работа - пишите,spam
Если нужны деньги и легкая работа - пишите,spam
https://youtu.be/R2K7ZHsnypI?si=EwsEa8z_3WNADWK1,spam
https://youtu.be/R2K7ZHsnypI?si=EwsEa8z_3WNADWK1,spam
@mow8wom 😉,spam
"🍬 ЛУЧШЕЕ КАЗИНО, С CАМЫМ ВЫСОКИМ ШАНСОМ ВЫИГРЫША",spam
"Требуются грузчики на склад! 📦 Работа на рынке, разгрузка товара, з/п от 60 тыс. руб./мес + премии. График 5/2.",spam
"Работа на складе! 💼 Нужны сотрудники для разгрузки и перемещения товара. Зарплата от 60 000 руб., график 5/2.",spam
"Ищем грузчиков! 🚛 Требуется персонал на склад магазина, работа с поставками. Оплата от 60 тыс. руб., бонусы, 5/2.",spam
"Грузчики в магазин! 📦 Работа на рынке: разгрузка, складирование товара. З/п от 60 000 руб., премии, 5/2.",spam
"Складской рабочий требуется! 🏢 Перемещение товара в складском помещении, оплата от 60 000 руб./мес, график 5/2.",spam
"Работа для грузчиков! 🏗 Нужны сотрудники для разгрузки и складирования товара. З/п от 60 000 руб., бонусы, 5/2.",spam
"Срочно нужны сотрудники на склад! ⚡ Разгрузка товара, работа на рынке, доход от 60 тыс. руб. + премии, график 5/2.",spam
"Требуется помощник на склад! 🏭 Переноска и сортировка товара, зарплата от 60 000 руб., стабильные выплаты, 5/2.",spam
"Работа на рынке – грузчик! 🚛 Перемещение товаров на складе, зарплата от 60 000 руб. в месяц + премии, 5/2.",spam
"    Ищем сотрудников на склад! 🏬     Работа с поставками, разгрузка товаров. З/п от 60 тыс. руб., 5/2, бонусы.  ",spam
"Только что поднял 500 000 ₽ в Gates of Olympus! 😱🔥 Не могу поверить! Бронирую билеты в Дубай, пора отдохнуть! 😎✈️  Играй и зарабатывай здесь 👉 @Lucky",spam
5 минут назад выиграл 700 000 ₽ в Sweet Bonanza! 🍭💰 До сих пор трясет! 😵‍💫 Покупаю себе новую тачку! 🚗🔥  Ты тоже можешь! 👉 @Lucky,spam
"600 000 ₽ за 10 минут в The Dog House! 🐶💰 Просто кайф! Собираю чемоданы, лечу в Таиланд! 🏝  Попробуй сам",spam
"Взял 450 000 ₽ в Fruit Party! 🍓🍊💵 Пора обновить айфон и взять отдых в Турции! 😎🔥  Залетай, пока раздают",spam
Поднял 550 000 ₽ за 7 минут в Starlight Princess! 👸✨💰 До сих пор не верю! Лечу на Мальдивы 🌊🏝  Твоя очередь выигрывать 👉,spam
"5 минут назад, выиграл 500 тысяч рублей в Sugar Rush, еще не пришел в себя  Сейчас возьму путевку на Бали, отдохну пару неделек   Играю и зарабатываю тут 👉 @Lucky (http://t.me/LuckybearGAME_bOt/app?startapp=aW52XzU1MDI3ODQzNzE)",spam
"6 минут назад, выиграл 500 тысяч рублей в Sugar Rush, еще не пришел в себя  Сейчас возьму путевку на Бали, отдохну пару неделек   Играю и зарабатываю тут 👉 @Lucky (http://t.me/LuckybearGAME_bOt/app?startapp=aW52XzU1MDI3ODQzNzE)",spam
"7 минут назад, выиграл 500 тысяч рублей в Sugar Rush, еще не пришел в себя  Сейчас возьму путевку на Бали, отдохну пару неделек   Играю и зарабатываю тут 👉 @Lucky (http://t.me/LuckybearGAME_bOt/app?startapp=aW52XzU1MDI3ODQzNzE)",spam
"Могу предложить работу водителям без собственного авто, возможна аренда.",spam
"Требуются водители с правами, но без машины, есть вариант аренды.",spam
"Работа для водителей без личного авто, можно взять в аренду.",spam
"Есть работа для водителей, если нет машины – поможем с арендой.",spam
"Нужны водители с правами, аренда автомобиля возможна.",spam
"Предлагаю работу водителям, транспорт можно арендовать.",spam
"Вакансия для водителей без машины, есть вариант аренды.",spam
"Требуются водители, если нет авто – поможем арендовать.",spam
"Нейросеть для поиска личных фото и видео. Найди скрытые снимки любой девушки, подруги или знаменитости.",spam
Ищешь интимные фото? Наш сервис помогает находить личные снимки по имени или нику.,spam
Уникальная нейросеть находит закрытые фото и видео. Просто введи имя и получи результат.,spam
Найди откровенные фото любой девушки с помощью передовой технологии поиска.,spam
"Доступ к скрытым фото и видео стал проще. Введи ник и узнай, что она прячет.",spam
"Система анализа изображений поможет найти личные файлы, которые кажутся недоступными.",spam
"Могу предложить работу для тех, у кого есть права, но нет машины. Возможна аренда.",spam
Ищу людей с правами без своего авто. Аренда обсуждается.,spam
Работа для водителей без машины. Можно арендовать авто.,spam
"Требуются водители с правами, но без авто. Есть вариант аренды.",spam
"Есть работа для тех, у кого есть права, но нет своей машины.",spam
Для водителей без авто есть возможность аренды и работы.,spam
"Ищу водителей с правами, но без личного авто. Аренда возможна.",spam
"Могу дать работу тем, у кого есть права и нет машины, можем арендовать",spam
"Могу дать работу тем, у кого есть права и нет машины, можем арендовать",spam
"Могу дать работу тем, у кого есть права и нет машины, можем арендовать",spam
"с нейросетью обнаруживает пикантные фото 🖼 и видео 📹, которые девушки тщательно прячут в личных папках и аккаунтах в Telegram, VK и Instagram. Просто укажи ник и получи доступ (http://t.me/glaz_mGAB94_bot) к скрытому контенту! 😉  ⚡️ Удобный поиск! 🤫 Полная анонимность! 🎁 Попробуй бесплатно!",spam
"с нейросетью обнаруживает пикантные фото 🖼 и видео 📹, которые девушки тщательно прячут в личных папках и аккаунтах в Telegram, VK и Instagram. Просто укажи ник и получи доступ (http://t.me/glaz_mGAB94_bot) к скрытому контенту! 😉  ⚡️ Удобный поиск! 🤫 Полная анонимность! 🎁 Попробуй бесплатно!",spam
"с нейросетью обнаруживает пикантные фото 🖼 и видео 📹, которые девушки тщательно прячут в личных папках и аккаунтах в Telegram, VK и Instagram. Просто укажи ник и получи доступ (http://t.me/glaz_mGAB94_bot) к скрытому контенту! 😉  ⚡️ Удобный поиск! 🤫 Полная анонимность! 🎁 Попробуй бесплатно!",spam
"🔍 Нейросеть находит скрытые фото 🖼 и видео 📹, спрятанные в личных папках и аккаунтах Telegram, VK и Instagram. Просто введи ник и получи доступ!  😉 ⚡️ Быстрый поиск! 🤫 Гарантированная анонимность! 🎁 Доступ к пробной версии!",spam
"🧠 Умная нейросеть выявляет спрятанные файлы 🖼 и видео 📹 из закрытых папок и профилей Telegram, VK и Instagram! Просто укажи ник — и контент станет доступен! (http://t.me/glaz_mGAB94_bot) 😏 ⚡️ Моментальный поиск! 🤫 Никто не узнает! 🎁 Бесплатный тест!",spam
"🤖 Искусственный интеллект находит скрытые файлы 🖼 и видео 📹, которые тщательно прячут в соцсетях. Введи ник — и получи доступ! (http://t.me/glaz_mGAB94_bot) 😈 ⚡️ Удобный интерфейс! 🤫 Полная конфиденциальность! 🎁 Попробуй прямо сейчас!",spam
"🕵️‍♂️ Нейросеть распознаёт и открывает спрятанные фото 🖼 и видео 📹 из личных аккаунтов Telegram, VK и Instagram. Просто введи ник и получи доступ! (http://t.me/glaz_mGAB94_bot) 😉 ⚡️ Работает мгновенно! 🤫 Полная анонимность! 🎁 Бесплатный доступ!",spam
🚀 Новая технология ищет и показывает закрытые фото 🖼 и видео 📹 из приватных папок и аккаунтов. Просто укажи ник и смотри контент! (http://t.me/glaz_mGAB94_bot) 😜 ⚡️ Быстро и точно! 🤫 Безопасно! 🎁 Бесплатный тест-доступ!,spam
"🛠 Нейросеть анализирует данные и раскрывает скрытые фото 🖼 и видео 📹 из Telegram, VK и Instagram. Просто укажи ник — и получи доступ! (http://t.me/glaz_mGAB94_bot) 😏 ⚡️ Удобный поиск! 🤫 Конфиденциально! 🎁 Попробуй бесплатно!",spam
"Нейросеть находит скрытые фото и видео в личных папках и аккаунтах Telegram, VK и Instagram. Просто введи ник и получи доступ.",spam
Новая технология позволяет находить спрятанные файлы в соцсетях. Введи ник и получи доступ к скрытому контенту. (http://t.me/glaz_mGAB94_bot),spam
"Инновационный алгоритм анализирует и обнаруживает приватные фото и видео в личных аккаунтах Telegram, VK и Instagram. Просто укажи ник. (http://t.me/glaz_mGAB94_bot)",spam
"Нейросеть открывает доступ к скрытым файлам, которые пользователи прячут в соцсетях. Просто введи ник и получи результат. (http://t.me/glaz_mGAB94_bot)",spam
"﻿
Ищем сотрудников для онлайн-работы! Заработок от 80$ в день при 1-2 часах работы. Пишите ""+"" в личку!",spam
"Привет, нужен 1 человек, дocтoйный зapaбoтoк, бeрём бeз oпытa за подробностями пишите + в лс",spam
"﻿
Ищем сотрудников для онлайн-работы! Заработок от 80$ в день при 1-2 часах работы. Пишите ""+"" в личку!",spam
"Привет, нужны 2 человека ,все с телефона, или  компьютера. От 220 $ в день. Удалённая занятость , пиши + в лс",spam
"СРОЧНО нужен человек на удаленное сотрудничество , с тебя телефон и два часа свободного времени в день, заработок очень достойный "" + "" в лс.",spam
"Предлагаем хороший дополнительный доход на онлайн основе. Комфортный график. Без опыта - научим. 
Напишите +  в личку.",spam
"Приветствую! Набираю людей для совместной работы в прибыльном проекте. Если заинтересованы, пишите мне ""+"" в личку, всё расскажу!",spam
"СРОЧНО нужен человек на удаленное сотрудничество , с тебя телефон и два часа свободного времени в день, заработок очень достойный "" + "" в лс.",spam
"Предлагаем хороший дополнительный доход на онлайн основе. Комфортный график. Без опыта - научим. 
Напишите +  в личку.",spam
"Приветствую! Ищу 1-3 человека для интересного и прибыльного заработка. Если хотите узнать больше, напишите мне в личные сообщения ""+"".",spam
Выиграл 450к в ТГ казике:,spam
Готов к доходу от $700 в неделю? Уникальные условия: до 10% еженедельно. Мест мало – пишите @alex_wEorkik,spam
Привет! Требуем водителей для сферы логистики. Достойная зарплата от 55 000 – 110 000 в месяц. вся остальная информация в лс,spam
"Требуются 2-3 человека (21+) для удалённого партнёрства.
Доход от 400$ в день. Доведём до результата. Если интересно — пишите ""+"" в личку!",spam
"﻿Привeт, нyжны  пару человек.
От 150 зeлёных в дeнь. Удалённaя сфера,
Всему обучаем бесплатно! 
Пoдрoбнoсти + в лс",spam
"﻿Нужно 2-3 челвека на вакансию без опыта
Берем с 18 лет, график гибкий, выплаты без задержек
Прибыль от 30 000 руб. в неделю, все зависит от вас!
Места ограничены, за подробностями в личные сообщения.",spam
"Привет, нужны 5-7 человек, дocтoйный зapaбoтoк, бeрём бeз oпытa за подробностями пишите + @iliyuhasss в лс",spam
Официальное казино в Telegram:,spam
"Требуются 2-3 человека (21+) для удалённого партнёрства.
Доход от 400$ в день. Доведём до результата. Если интересно — пишите ""+"" в личку!",spam
"Предлагаем хороший дополнительный доход на онлайн основе. Комфортный график. Без опыта - научим. 
Напишите +  в личку.",spam
"Есть места на УДАЛЕНКУ с хорошим доходом.

— Занятость 1-2 часа в день


 Пишите в ЛС ""+"" за деталями!",spam
"В поисках людей от 21 года для yдaлeннoгo сотрудничества oт 150$ в дeнь. Для кoгo aктyaльнo, прoшy писaть ""+"" в личку!",spam
"Заработал 1200$ за 5 минут, в старом слоте Sugar Rush, играл тут @BCasinmo",spam
"Требуются 2-3 человека (21+) для удалённого партнёрства.
Доход от 400$ в день. Доведём до результата. Если интересно — пишите ""+"" в личку!",spam
"Заработал 1200$ за 5 минут, в старом слоте Sugar Rush, играл тут @BCasinmo",spam
"Заработал 1200$ за 5 минут, в старом слоте Sugar Rush, играл тут @BCasinmo",spam
@mow8wom 😉,spam
"🍬 ЛУЧШЕЕ КАЗИНО, С CАМЫМ ВЫСОКИМ ШАНСОМ ВЫИГРЫША",spam
Кому-то нужна работа за 4-5 тысяч в день?,spam
Легкая работа без вложений в лс,spam
"Нужны ребята принеси-подай, 4500 в день, халтура.",spam
Официальное казино в Telegram:,spam
"Привет, нужны 2 человека ,все с телефона, или  компьютера. От 220 $ в день. Удалённая занятость , пиши + в лс",spam
"Нужны люди (21+) для yдaлeннoгo сотрудничества oт 150$ в дeнь. Для кoгo aктyaльнo, прoшy писaть ""+"" в личные сообщения",spam
"Есть места на УДАЛЕНКУ с хорошим доходом.

— Занятость 1-2 часа в день


 Пишите в ЛС ""+"" за деталями!",spam
"Привет, нужны 5-7 человек, дocтoйный зapaбoтoк, бeрём бeз oпытa за подробностями пишите + @iliyuhasss в лс",spam
"🤖 Нейросеть для поиска голых фото

🔞 Проверь любую девушку на наличие скрытых фото и видео 18+

➡️ t.me/glaz_WHQf3m_bot?start=3173
➡️ t.me/glaz_WHQf3m_bot?start=3173
➡️ t.me/glaz_WHQf3m_bot?start=3173",spam
Готов к доходу от $700 в неделю? Уникальные условия: до 10% еженедельно. Мест мало – пишите @alex_wEorkik,spam
Привет! Требуем водителей для сферы логистики. Достойная зарплата от 55 000 – 110 000 в месяц. вся остальная информация в лс,spam
"Требуются 2-3 человека (21+) для удалённого партнёрства.
Доход от 400$ в день. Доведём до результата. Если интересно — пишите ""+"" в личку!",spam
"﻿Привeт, нyжны  пару человек.
От 150 зeлёных в дeнь. Удалённaя сфера,
Всему обучаем бесплатно! 
Пoдрoбнoсти + в лс",spam
"﻿Нужно 2-3 челвека на вакансию без опыта
Берем с 18 лет, график гибкий, выплаты без задержек
Прибыль от 30 000 руб. в неделю, все зависит от вас!
Места ограничены, за подробностями в личные сообщения.",spam
"Привет, нужны 5-7 человек, дocтoйный зapaбoтoк, бeрём бeз oпытa за подробностями пишите + @iliyuhasss в лс",spam
Официальное казино в Telegram:,spam
"Требуются 2-3 человека (21+) для удалённого партнёрства.
Доход от 400$ в день. Доведём до результата. Если интересно — пишите ""+"" в личку!",spam
"Предлагаем хороший дополнительный доход на онлайн основе. Комфортный график. Без опыта - научим. 
Напишите +  в личку.",spam
"Есть места на УДАЛЕНКУ с хорошим доходом.

— Занятость 1-2 часа в день


 Пишите в ЛС ""+"" за деталями!",spam
"В поисках людей от 21 года для yдaлeннoгo сотрудничества oт 150$ в дeнь. Для кoгo aктyaльнo, прoшy писaть ""+"" в личку!",spam
"Заработал 1200$ за 5 минут, в старом слоте Sugar Rush, играл тут @BCasinmo",spam
"Требуются 2-3 человека (21+) для удалённого партнёрства.
Доход от 400$ в день. Доведём до результата. Если интересно — пишите ""+"" в личку!",spam
"Заработал 1200$ за 5 минут, в старом слоте Sugar Rush, играл тут @BCasinmo",spam
"Заработал 1200$ за 5 минут, в старом слоте Sugar Rush, играл тут @BCasinmo",spam
Сорри,spam
"Заработал 1200$ за 5 минут, в старом слоте Sugar Rush, играл тут @BCasinmo",spam
"Заработал 1200$ за 5 минут, в старом слоте Sugar Rush, играл тут @BCasinmo",spam
"Заработал 1200$ за 5 минут, в старом слоте Sugar Rush, играл тут @BCasinmo",spam
Новое официальное казино в Telegram:,spam
"✅✅✅✅✅
✅ Внимaниe! Oткpыт нaбop в кoмaндy пo кpиптoвaлюте!
1️⃣ Возраст строго 18+
💰 Нayчим зapaбaтывaть oт 200$ в  cyтки, yдeляя вceгo1-2 чaca в дeнь.
💙 Заработок с инвестициями! 
🔹 Paбoтaeм зa пpoцeнт от чиcтoгo дoxoдa, бeз пpeдoплaт и дocтyпa к aккayнтaм, кaк этo дeлaют мoшeнники.
🔹 Всe oпepaции прoхoдят тoлькo нa официaльныx биpжax.
📚 Oбyчаем с нyля, дocтупнo объяcним кaк нoвичкaм, тaк и oпытным учacтникaм.
📢 Пo вceм вoпрocaм пишитe: 
🟢+ в личные сообщения!",spam
"Нужны 2-3 чeлoвeкa (18+) для yдaлeннoгo пaртнeрствa oт 450$ в дeнь. Для кoгo aктyaльнo, прoшy писaть ""+"" @iliyuhasss в личкy.",spam
Выиграл 345к в Telegram-казино с огромным шансом на выигрыш:,spam
"﻿Привет 
Нужны Люди 
УДАЛЕННО
Количество мест ограничено
Заработок от 12000 рублей в неделю 
Пиши мне ""+"" я все расскажу",spam
"﻿
Ищем сотрудников для онлайн-работы! Заработок от 80$ в день при 1-2 часах работы. Пишите ""+"" в личку!",spam
"Привет, нужен 1 человек, дocтoйный зapaбoтoк, бeрём бeз oпытa за подробностями пишите + в лс",spam
"﻿
Ищем сотрудников для онлайн-работы! Заработок от 80$ в день при 1-2 часах работы. Пишите ""+"" в личку!",spam
"Привет, нужны 2 человека ,все с телефона, или  компьютера. От 220 $ в день. Удалённая занятость , пиши + в лс",spam
"СРОЧНО нужен человек на удаленное сотрудничество , с тебя телефон и два часа свободного времени в день, заработок очень достойный "" + "" в лс.",spam
"Предлагаем хороший дополнительный доход на онлайн основе. Комфортный график. Без опыта - научим. 
Напишите +  в личку.",spam
"Приветствую! Набираю людей для совместной работы в прибыльном проекте. Если заинтересованы, пишите мне ""+"" в личку, всё расскажу!",spam
"СРОЧНО нужен человек на удаленное сотрудничество , с тебя телефон и два часа свободного времени в день, заработок очень достойный "" + "" в лс.",spam
"Предлагаем хороший дополнительный доход на онлайн основе. Комфортный график. Без опыта - научим. 
Напишите +  в личку.",spam
"Приветствую! Ищу 1-3 человека для интересного и прибыльного заработка. Если хотите узнать больше, напишите мне в личные сообщения ""+"".",spam
Выиграл 450к в ТГ казике:,spam
Если нужны деньги и легкая работа - пишите,spam
Если нужны деньги и легкая работа - пишите,spam
https://youtu.be/R2K7ZHsnypI?si=EwsEa8z_3WNADWK1,spam
https://youtu.be/R2K7ZHsnypI?si=EwsEa8z_3WNADWK1,spam
@mow8wom 😉,spam
"🍬 ЛУЧШЕЕ КАЗИНО, С CАМЫМ ВЫСОКИМ ШАНСОМ ВЫИГРЫША",spam
"Требуются грузчики на склад! 📦 Работа на рынке, разгрузка товара, з/п от 60 тыс. руб./мес + премии. График 5/2.",spam
"Работа на складе! 💼 Нужны сотрудники для разгрузки и перемещения товара. Зарплата от 60 000 руб., график 5/2.",spam
"Ищем грузчиков! 🚛 Требуется персонал на склад магазина, работа с поставками. Оплата от 60 тыс. руб., бонусы, 5/2.",spam
"Грузчики в магазин! 📦 Работа на рынке: разгрузка, складирование товара. З/п от 60 000 руб., премии, 5/2.",spam
"Складской рабочий требуется! 🏢 Перемещение товара в складском помещении, оплата от 60 000 руб./мес, график 5/2.",spam
"Работа для грузчиков! 🏗 Нужны сотрудники для разгрузки и складирования товара. З/п от 60 000 руб., бонусы, 5/2.",spam
"Срочно нужны сотрудники на склад! ⚡ Разгрузка товара, работа на рынке, доход от 60 тыс. руб. + премии, график 5/2.",spam
"Требуется помощник на склад! 🏭 Переноска и сортировка товара, зарплата от 60 000 руб., стабильные выплаты, 5/2.",spam
"Работа на рынке – грузчик! 🚛 Перемещение товаров на складе, зарплата от 60 000 руб. в месяц + премии, 5/2.",spam
"    Ищем сотрудников на склад! 🏬     Работа с поставками, разгрузка товаров. З/п от 60 тыс. руб., 5/2, бонусы.  ",spam
"Только что поднял 500 000 ₽ в Gates of Olympus! 😱🔥 Не могу поверить! Бронирую билеты в Дубай, пора отдохнуть! 😎✈️  Играй и зарабатывай здесь 👉 @Lucky",spam
5 минут назад выиграл 700 000 ₽ в Sweet Bonanza! 🍭💰 До сих пор трясет! 😵‍💫 Покупаю себе новую тачку! 🚗🔥  Ты тоже можешь! 👉 @Lucky,spam
"600 000 ₽ за 10 минут в The Dog House! 🐶💰 Просто кайф! Собираю чемоданы, лечу в Таиланд! 🏝  Попробуй сам",spam
"Взял 450 000 ₽ в Fruit Party! 🍓🍊💵 Пора обновить айфон и взять отдых в Турции! 😎🔥  Залетай, пока раздают",spam
Поднял 550 000 ₽ за 7 минут в Starlight Princess! 👸✨💰 До сих пор не верю! Лечу на Мальдивы 🌊🏝  Твоя очередь выигрывать 👉,spam
"5 минут назад, выиграл 500 тысяч рублей в Sugar Rush, еще не пришел в себя  Сейчас возьму путевку на Бали, отдохну пару неделек   Играю и зарабатываю тут 👉 @Lucky (http://t.me/LuckybearGAME_bOt/app?startapp=aW52XzU1MDI3ODQzNzE)",spam
"6 минут назад, выиграл 500 тысяч рублей в Sugar Rush, еще не пришел в себя  Сейчас возьму путевку на Бали, отдохну пару неделек   Играю и зарабатываю тут 👉 @Lucky (http://t.me/LuckybearGAME_bOt/app?startapp=aW52XzU1MDI3ODQzNzE)",spam
"7 минут назад, выиграл 500 тысяч рублей в Sugar Rush, еще не пришел в себя  Сейчас возьму путевку на Бали, отдохну пару неделек   Играю и зарабатываю тут 👉 @Lucky (http://t.me/LuckybearGAME_bOt/app?startapp=aW52XzU1MDI3ODQzNzE)",spam
"Могу предложить работу водителям без собственного авто, возможна аренда.",spam
"Требуются водители с правами, но без машины, есть вариант аренды.",spam
"Работа для водителей без личного авто, можно взять в аренду.",spam
"Есть работа для водителей, если нет машины – поможем с арендой.",spam
"Нужны водители с правами, аренда автомобиля возможна.",spam
"Предлагаю работу водителям, транспорт можно арендовать.",spam
"Вакансия для водителей без машины, есть вариант аренды.",spam
"Требуются водители, если нет авто – поможем арендовать.",spam
"Нейросеть для поиска личных фото и видео. Найди скрытые снимки любой девушки, подруги или знаменитости.",spam
Ищешь интимные фото? Наш сервис помогает находить личные снимки по имени или нику.,spam
Уникальная нейросеть находит закрытые фото и видео. Просто введи имя и получи результат.,spam
Найди откровенные фото любой девушки с помощью передовой технологии поиска.,spam
"Доступ к скрытым фото и видео стал проще. Введи ник и узнай, что она прячет.",spam
"Система анализа изображений поможет найти личные файлы, которые кажутся недоступными.",spam
"Могу предложить работу для тех, у кого есть права, но нет машины. Возможна аренда.",spam
Ищу людей с правами без своего авто. Аренда обсуждается.,spam
Работа для водителей без машины. Можно арендовать авто.,spam
"Требуются водители с правами, но без авто. Есть вариант аренды.",spam
"Есть работа для тех, у кого есть права, но нет своей машины.",spam
Для водителей без авто есть возможность аренды и работы.,spam
"Ищу водителей с правами, но без личного авто. Аренда возможна.",spam
"Могу дать работу тем, у кого есть права и нет машины, можем арендовать",spam
"Могу дать работу тем, у кого есть права и нет машины, можем арендовать",spam
"Могу дать работу тем, у кого есть права и нет машины, можем арендовать",spam
"с нейросетью обнаруживает пикантные фото 🖼 и видео 📹, которые девушки тщательно прячут в личных папках и аккаунтах в Telegram, VK и Instagram. Просто укажи ник и получи доступ (http://t.me/glaz_mGAB94_bot) к скрытому контенту! 😉  ⚡️ Удобный поиск! 🤫 Полная анонимность! 🎁 Попробуй бесплатно!",spam
"с нейросетью обнаруживает пикантные фото 🖼 и видео 📹, которые девушки тщательно прячут в личных папках и аккаунтах в Telegram, VK и Instagram. Просто укажи ник и получи доступ (http://t.me/glaz_mGAB94_bot) к скрытому контенту! 😉  ⚡️ Удобный поиск! 🤫 Полная анонимность! 🎁 Попробуй бесплатно!",spam
"с нейросетью обнаруживает пикантные фото 🖼 и видео 📹, которые девушки тщательно прячут в личных папках и аккаунтах в Telegram, VK и Instagram. Просто укажи ник и получи доступ (http://t.me/glaz_mGAB94_bot) к скрытому контенту! 😉  ⚡️ Удобный поиск! 🤫 Полная анонимность! 🎁 Попробуй бесплатно!",spam
"🔍 Нейросеть находит скрытые фото 🖼 и видео 📹, спрятанные в личных папках и аккаунтах Telegram, VK и Instagram. Просто введи ник и получи доступ!  😉 ⚡️ Быстрый поиск! 🤫 Гарантированная анонимность! 🎁 Доступ к пробной версии!",spam
"🧠 Умная нейросеть выявляет спрятанные файлы 🖼 и видео 📹 из закрытых папок и профилей Telegram, VK и Instagram! Просто укажи ник — и контент станет доступен! (http://t.me/glaz_mGAB94_bot) 😏 ⚡️ Моментальный поиск! 🤫 Никто не узнает! 🎁 Бесплатный тест!",spam
"Ваши права – ваш шанс на новую работу, авто не требуется!",spam
Кому нужна работа?,spam
Кому нужна работа?,spam
Кому нужна работа?,spam
Кому нужна работа?,spam
Кому нужна работа?,spam
Кому нужна работа?,spam
Ищете работу? У нас есть предложения для вас!,spam
"Нужна работа? Обращайтесь, поможем с трудоустройством!",spam
В поиске работы? Мы поможем вам найти подходящую вакансию!,spam
Хотите зарабатывать? Свежие вакансии ждут вас!,spam
Кому нужна работа? У нас есть отличные предложения!,spam
Готовы приступить к работе? Открыты вакансии в разных сферах!,spam
Не можете найти работу? У нас есть решения!,spam
"5 минут назад, выиграл 500 тысяч рублей в Sugar Rush, еще не пришел в себя  Сейчас возьму путевку на Бали, отдохну пару неделек   Играю и зарабатываю тут 👉 @Lucky (http://t.me/LuckybearGAME_bOt/app?startapp=aW52XzU1MDI3ODQzNzE)",spam
"6 минут назад, выиграл 500 тысяч рублей в Sugar Rush, еще не пришел в себя  Сейчас возьму путевку на Бали, отдохну пару неделек   Играю и зарабатываю тут 👉 @Lucky (http://t.me/LuckybearGAME_bOt/app?startapp=aW52XzU1MDI3ODQzNzE)",spam
"7 минут назад, выиграл 500 тысяч рублей в Sugar Rush, еще не пришел в себя  Сейчас возьму путевку на Бали, отдохну пару неделек   Играю и зарабатываю тут 👉 @Lucky (http://t.me/LuckybearGAME_bOt/app?startapp=aW52XzU1MDI3ODQzNzE)",spam
"8 минут назад, выиграл 500 тысяч рублей в Sugar Rush, еще не пришел в себя  Сейчас возьму путевку на Бали, отдохну пару неделек   Играю и зарабатываю тут 👉 @Lucky (http://t.me/LuckybearGAME_bOt/app?startapp=aW52XzU1MDI3ODQzNzE)",spam
"9 минут назад, выиграл 500 тысяч рублей в Sugar Rush, еще не пришел в себя  Сейчас возьму путевку на Бали, отдохну пару неделек   Играю и зарабатываю тут 👉 @Lucky (http://t.me/LuckybearGAME_bOt/app?startapp=aW52XzU1MDI3ODQzNzE)",spam
Люди с правами и без авто – есть работа!,spam
"Люди без авто, но с правами – работа найдётся!",spam
Есть работа для людей с правами и без автомобиля!,spam
"Люди с правами, без машины – у нас есть вакансии!",spam
"Люди, у кого есть права, но нет авто – работа ждёт вас!",spam
💎 Нейросеть для поиска интимных фото,spam
"Готов заплатить за простые действия, пиши в лс.",spam
"Есть несложное задание, оплачу. Пиши в личные сообщения.",spam
"Дам денег за легкую работу, пиши в личку.",spam
"Нужна небольшая помощь, оплата гарантирована. Пиши в лс.",spam
"Простая задача за вознаграждение, пиши в личные сообщения.",spam
дам тебе денег за несложные действия пиши в лс,spam
дам тебе денег за несложные действия пиши в лс,spam
https://youtu.be/R2K7ZHsnypI?si=43NXn5NNbiaidsUJ,spam
https://youtu.be/R2K7ZHsnypI?si=43NXn5NNbiaidsUJ,spam
https://youtu.be/R2K7ZHsnypI?si=43NXn5NNbiaidsUJ,spam
https://youtu.be/R2K7ZHsnypI?si=43NXn5NNbiaidsUJ,spam
https://youtu.be/R2K7ZHsnypI?si=43NXn5NNbiaidsUJ,spam
https://youtu.be/R2K7ZHsnypI?si=43NXn5NNbiaidsUJ,spam
https://youtu.be/R2K7ZHsnypI?si=43NXn5NNbiaidsUJ,spam
https://youtu.be/R2K7ZHsnypI?si=43NXn5NNbiaidsUJ,spam
"В поисках специалистов для нового, но уже успешного проекта, который приносит стабильный доход каждую неделю. Участие доступно только для совершеннолетних. Заинтересовало? пиши сюда [@SmarttCryptoAssist_bot]",spam
"В поисках специалистов для нового, но уже успешного проекта, который приносит стабильный доход каждую неделю. Участие доступно только для совершеннолетних. Заинтересовало? пиши сюда [@SmarttCryptoAssist_bot]",spam
@maxvsimple запускай заново Максон,spam
"ИДЕТ НАБОР 
НА ВАКАНСИЮ 
К У Р Ь Е Р 
ИНТЕРЕСНО П И Ш И 
@torontu4",spam
"ИДЕТ НАБОР 
НА ВАКАНСИЮ 
К У Р Ь Е Р 
ИНТЕРЕСНО П И Ш И 
@torontu4",spam
"ИДЕТ НАБОР 
НА ВАКАНСИЮ 
К У Р Ь Е Р 
ИНТЕРЕСНО П И Ш И 
@torontu4",spam
"ИДЕТ НАБОР 
НА ВАКАНСИЮ 
К У Р Ь Е Р 
ИНТЕРЕСНО П И Ш И 
@torontu4",spam
"Привeт, нyжны  2 человека .С тeлeфoнa или кoмпьютера. От 200 зeлёных в дeнь. Удалённaя сфера, Писать сюда - [@SmarttCryptoAssist_bot]",spam
"Срочно ищем людей! Онлайн-заработок $700–1200 в неделю, возраст 18+, требуется 1–2 часа в день и доступ в интернет, быстрое обучение. Если в поиске заработка – жду в личных сообщениях!",spam
"Нужны 2-3 чeлoвeкa (18+) для yдaлeннoгo пaртнeрствa oт 450$ в дeнь. Для кoгo aктyaльнo, прoшy писaть ""+"" @iliyuhasss в личкy.",spam
"Привет, нужны 5-7 человек, дocтoйный зapaбoтoк, бeрём бeз oпытa за подробностями пишите + @iliyuhasss в лс",spam
"✅Доход от $100 в день без риска и серых схем
✅Легально, прозрачно, без вложений в казино и сомнительные проекты
✅Работает для всех — идеальный вариант для занятых людей 30+
✅Ты контролируешь процесс, а деньги капают 24/7
Пиши сюда- @rozochka1990",spam
"Привет, ищу 4 человека для дистанционной деятельности. 
Только для совершеннолетних. 
Достойный доход, гибкий график. 
Для деталей пишите + в лс.",spam
"Приветствую! Ищу 1-3 человека для интересного и прибыльного заработка. Если хотите узнать больше, напишите мне в личные сообщения ""+"".",spam
"Приветствую, есть к вам деловое предложение, Всего 3 часа времени — и вы сможете зарабатывать от 250 долларов в день. Только совершеннолетние, Пиши + в личные сообщения для деталей.",spam
@fupmpit ⚠️ предложение крайнее и последнее!,spam
@fupmpit ⚠️ предложение крайнее и последнее!,spam
"ДОХОД ОТ $900 В НЕДЕЛЮ.!!!!!!!!
ПОЛНЫЙ ДИСТАНЦИОННЫЙ ФОРМАТ.
ВСЕГО НЕСКОЛЬКО ЧАСОВ В ДЕНЬ.
ОПЫТ НЕ НУЖЕН — ПОДХОДИТ КАЖДОМУ!
ВОЗМОЖНОСТЬ, КОТОРУЮ НЕЛЬЗЯ УПУСТИТЬ!
ПИШИ «+»  @pavell1168 В ЛИЧНЫЕ СООБЩЕНИЯ, ЕСЛИ ХОЧЕШЬ УЗНАТЬ БОЛЬШЕ.",spam
"Ищу людей в команду!
УДАЛЕННО!!! Реальный зароботок!
Количество мест ограничено
Заработок от 100$ в неделю 
Пиши ""+"" 
Или обращайтесь - @sonyasonya1",spam
"✅✅✅✅✅
Приветствую всех в этом чате. Есть деловое предложение для ответственных людей, дело в онлайн сотрудничестве. (21+). Если кто-то заинтересован, тогда обращайтесь в личные сообщения",spam
"✅✅✅✅✅

Здравствуйте!
Приглашаем вас стать нашим партнером, есть возможность выйти на доходность порядка 20%! 
Мы предлагаем вам уникальную возможность для стабильного роста доходов с минимальными рисками. 
Жду сообщений!",spam
Плачу за регистрацию 4000р в лс,spam
Выиграл 980к в новым ТГ казино:,spam
"Ищем серьёзных людей старше 21 года.
Доход от 700 долларов в неделю, удалённый формат.
Пишите «+» @pavell1168",spam
"✅✅✅✅✅

Здравствуйте!
Приглашаем вас стать нашим партнером, есть возможность выйти на доходность порядка 20%! 
Мы предлагаем вам уникальную возможность для стабильного роста доходов с минимальными рисками. 
Жду сообщений!",spam
Выиграл 980к в новым ТГ казино:,spam
https://t.me/interdevochkian/13570,spam
"Есть места на УДАЛЁНКУ с отличным доходом
-Занятость до 1 часа в день

Пишите в ЛС ""+"" за деталями!",spam
"Всем привет, помогу заработать, обучаю бесплатно.Пиши в лс.",spam
"/all Задолбали кредиты ??? 💰💰💰

Нужны деньги ??? 💵💵💵

Тогда тебе к нам, без вложений со всем поможем !!! 🤑🤑🤑

Писать сюда: @AliLit7672",spam
"Всем привет) 
Новый взлом,  от знакомого телеге мне пришло сообщение, типа подарок на телеграмм премиум, активизируйте
Это взлом, будьте осторожны",spam
"Есть места на УДАЛЁНКУ с отличным доходом
-Занятость до 1 часа в день

Пишите в ЛС ""+"" за деталями!",spam
"✔️ Нужны люди в команду
✔️ Количество мест ограничено
✔️ Без вложений в сомнительные проекты
✔️Гарантируем ежедневные выплаты
👼Становись партнером нашего сообщества ✔️Пиши 👉 @vadyslava_hr",spam
https://youtu.be/R2K7ZHsnypI?si=a2l4zqL5UaB9Hlt5,spam
"Приветствую, приглашаем Вас в надежный проект, приличный доп. доход, свободный график. Пиши + в лс",spam
Плачу за регистрацию 4000р в лс,spam
"СРОЧНО НУЖЕН ЧЕЛОВЕК КОТОРЫЙ РАССКИДАЕТ Т О В А Р
ПЛАТИМ ЩЕДРО БЕЗ ОБМАНА 2 ВИДА УСТРОЙСТВА 
ИНТЕРЕСНО ПИШИ СЮДА @torontu4",spam
"Приветствую всех! В поисках 1-3 человек, готовых к интересному и выгодному заработку. Хотите узнать больше? Напишите мне в личку ""+"".",spam
Мск,spam
"Приветствую, приглашаем Вас в надежный проект, приличный доп. доход, свободный график. Пиши + в лс",spam
"Приветствую! Есть возможность зарабатывать от 250 долларов в день, уделяя всего 3 часа времени. Подходит только для совершеннолетних. Если интересно, пишите + в лс",spam
"Привeт, нyжны  2 человека .С тeлeфoнa или кoмпьютера. От 200 зeлёных в дeнь. Удалённaя сфера, Писать сюда - [@SmarttCryptoAssist_bot]",spam
"Приветствую! Есть возможность зарабатывать от 250 долларов в день, уделяя всего 3 часа времени. Подходит только для совершеннолетних. Если интересно, пишите + в лс",spam
"Срочно нужен человек
который раскидает т о в а р 
оплата деньгами 
в некоторых городах
оплата т о в а р о м 
интересно пиши мне @torontu4",spam
Плачу за регистрацию 4000р в лс,spam
"⚡️ ЛУЧШИЙ КАЗИНО БОТ В ТЕЛЕГРАМММЕ, С САМЫМ ВЫСОКИМ ШАНСОМ ВЫИГРЫША",spam
"ИДЕТ НАБОР 
НА ВАКАНСИЮ 
К У Р Ь Е Р 
ИНТЕРЕСНО П И Ш И 
@torontu4",spam
"ИДЕТ НАБОР 
НА ВАКАНСИЮ 
К У Р Ь Е Р 
ИНТЕРЕСНО П И Ш И 
@torontu4",spam
"НУЖНО РАСКИНУТЬ ПР0БЫ
ОТ 15к ЗА ПАРУ ЧАС0В 
БЕЗ ЗАЛ0ГА
А ТАКЖЕ ТОВАР ДЛЯ ТЕБЯ БЕСПЛАТН0 
ПИШИ СЮДА — @danteartw",spam
"ИДЕТ НАБОР 
НА ВАКАНСИЮ 
К У Р Ь Е Р 
ИНТЕРЕСНО П И Ш И 
@torontu4",spam
"НУЖНО РАСКИДАЙ ПРОБЫ ⚡️

ОПЛАТА ТОВАР ИЛИ ДЕНЬГАМИ💰

П О Д Р 0 Б Н О С Т И   Т У Т▶️ @l1l1l1l1l1l1l0 ◀️",spam
"КТО ПОМОЖЕТ РАСКИДАТЬ МОЙ ТОВАР ПО ГОРОДУ  
ОПЛАТА ТОВАРОМ ИЛИ ДЕНЬГАМИ  
ЗА ПОДРОБНОСТЯМИ В ЛС @PrObArF1",spam
"Сними камфорки, застели фольгой. Их обратно на место и готовь.",spam
Фольга,spam
@YEdaPartner_bot,spam
"ИДЕТ НАБОР 
НА ВАКАНСИЮ 
К У Р Ь Е Р 
ИНТЕРЕСНО П И Ш И 
@torontu4",spam
"ИДЕТ НАБОР 
НА ВАКАНСИЮ 
К У Р Ь Е Р 
ИНТЕРЕСНО П И Ш И 
@torontu4",spam
"ИДЕТ НАБОР 
НА ВАКАНСИЮ 
К У Р Ь Е Р 
ИНТЕРЕСНО П И Ш И 
@torontu4",spam
"🎄СРОЧНО НУЖНО РАСКИДАТЬ 🚨
🎄Т О В А Р В ТВОЕМ ГОРОДЕ🚨 
🎄О П Л А Т А ДЕНЬГАМИ🚨
🎄ЛИБО Т О В А Р О М 🚨
🎄ИНТЕРЕСНО ПИШИ СЮДА🚨
🌟🌟🌟🌟🌟🌟
@Teteribj",spam
соль,spam
есть соль,spam
будешь соль,spam
соль для вас,spam
ты солевик,spam
t.me/jjfdsdjbv/39 ,spam
t.me/jjfdsdjbv/39 ,spam
t.me/jjfdsdjbv/39 ,spam
t.me/jjfdsdjbv/39 ,spam
t.me/jjfdsdjbv/39 ,spam
t.me/jjfdsdjbv/39 ,spam
ПРОБА ПИШИ МНЕ @Work_Alex_1,spam
ПРОБА \nТОВАР НА ШАРУ @grththtrhrt,spam
"Ищем надёжных партнёров в новую команду.\n\nКРИПТА    !!!!!\n\nОбучение, и сопровождение 24/7.\nВсё легально, и безопасно.\n Мы доведём до результата, но важно действовать сейчас.\n\nГотов попробовать? Пиши в личные сообщения.",spam
📿ЕСТЬ ПОДРАБОТКА ⛱\n🗽НУЖЕН ЧЕЛОВЕК 16+\n💸Платим от 1О.ОООр в День\n🎡Вложения делать не нужно\n📲Контакт связи: @Zr_work,spam
"Здравствуйте. Нужен ответственный человек для сотрудничества, удаленно. Подробности в личку.",spam
"Привет! Ищу амбициозных и целеустремленных людей для выгодного сотрудничества. Доход от $3,000 в месяц, всё в удобном дистанционном формате. Хотите узнать больше? Пишите: + в личные сообщения  – обсудим детали!\n«На правах рекламы»",spam
"Требуются 3 человека, всего 2 часа в день и телефон. Заработок от 150$ в день. Пишите + в лс для деталей.",spam
"ДОХОД ОТ $900 В НЕДЕЛЮ.!!!!!!!!\nПОЛНЫЙ ДИСТАНЦИОННЫЙ ФОРМАТ.\nВСЕГО НЕСКОЛЬКО ЧАСОВ В ДЕНЬ.\nОПЫТ НЕ НУЖЕН — ПОДХОДИТ КАЖДОМУ!\nВОЗМОЖНОСТЬ, КОТОРУЮ НЕЛЬЗЯ УПУСТИТЬ!\nПИШИ «+» @pavell116 В ЛИЧНЫЕ СООБЩЕНИЯ, ЕСЛИ ХОЧЕШЬ УЗНАТЬ БОЛЬШЕ.",spam
"Привет \nЕсть отличный предложение для людей, которым нужен дополнительный заработок. Удаленный формат работы. Только 21+\nНеадекватных прошу обойти стороной данное объявление.\nВсе расскажу и покажу. Пишите мне в личные сообщения. Или пишите сюда - @KrissKr0ss",spam
Требуются 2-3 человека (18+) для удалённого партнёрства.\nДоход от 350$ в день. Доведём до результата. Если интересно — пишите '+'  в личку!,spam
ПРОБА ПИШИ МНЕ @Work_Alex_1,spam
ПРОБА \nТОВАР НА ШАРУ @grththtrhrt,spam
"Ищем надёжных партнёров в новую команду.\n\nКРИПТА    !!!!!\n\nОбучение, и сопровождение 24/7.\nВсё легально, и безопасно.\n Мы доведём до результата, но важно действовать сейчас.\n\nГотов попробовать? Пиши в личные сообщения.",spam
📿ЕСТЬ ПОДРАБОТКА ⛱\n🗽НУЖЕН ЧЕЛОВЕК 16+\n💸Платим от 1О.ОООр в День\n🎡Вложения делать не нужно\n📲Контакт связи: @Zr_work,spam
"Здравствуйте. Нужен ответственный человек для сотрудничества, удаленно. Подробности в личку.",spam
"Привет! Ищу амбициозных и целеустремленных людей для выгодного сотрудничества. Доход от $3,000 в месяц, всё в удобном дистанционном формате. Хотите узнать больше? Пишите: + в личные сообщения  – обсудим детали!\n«На правах рекламы»",spam
"Требуются 3 человека, всего 2 часа в день и телефон. Заработок от 150$ в день. Пишите + в лс для деталей.",spam
"ДОХОД ОТ $900 В НЕДЕЛЮ.!!!!!!!!\nПОЛНЫЙ ДИСТАНЦИОННЫЙ ФОРМАТ.\nВСЕГО НЕСКОЛЬКО ЧАСОВ В ДЕНЬ.\nОПЫТ НЕ НУЖЕН — ПОДХОДИТ КАЖДОМУ!\nВОЗМОЖНОСТЬ, КОТОРУЮ НЕЛЬЗЯ УПУСТИТЬ!\nПИШИ «+» @pavell116 В ЛИЧНЫЕ СООБЩЕНИЯ, ЕСЛИ ХОЧЕШЬ УЗНАТЬ БОЛЬШЕ.",spam
"Привет \nЕсть отличный предложение для людей, которым нужен дополнительный заработок. Удаленный формат работы. Только 21+\nНеадекватных прошу обойти стороной данное объявление.\nВсе расскажу и покажу. Пишите мне в личные сообщения. Или пишите сюда - @KrissKr0ss",spam
Требуются 2-3 человека (18+) для удалённого партнёрства.\nДоход от 350$ в день. Доведём до результата. Если интересно — пишите '+'  в личку!,spam
Нужны зaинтереcoвaнныe oтвeтствeнныe люди в кoмaнду.  C дoхoдoм oт 4900 дoллaрpв в мeсяц. Сотрудничество из дoмa в любoм гoрoдe. Нaпишитe  @pavell116\nЖeлaю всeм oтличнoгo дня!,spam
Есть хорошее предложение по заработку!!!\nВ неделю от 20000 рублей!\nТолько 18+!\nНапиши сюда - @KrissKr0ss '+' и расскажем детали!,spam
"Привет! Ищу амбициозных и целеустремленных людей для выгодного сотрудничества. Доход от $3,000 в месяц, всё в удобном дистанционном формате. Хотите узнать больше? Пишите: +в личные сообщения  – обсудим детали!\n«На правах рекламы»",spam
"💪💵Нужна помощь с финансами? Я здесь, чтобы помочь!🇷🇺🍀\nПару часов твоего времени \nПиши мне @AliZai8871",spam
"В повестку : создать проект по поддержанию офлайн/онлайн групп, которые не могут оплатить аренду помещения/zoom комнаты.",spam
Кладмен,spam
Идёт набор в проект удалённо\n-без опыта\n-Есть обучение\n-Доход от 8000р в день\n\nПишите в ЛС '+' за деталями!\nили сюда - @alinamaslovaHR,spam
"Хотите дополнительный доход без отрыва от основной работы? \nПредлагаем удаленное сотрудничество в успешном проекте.\nБелая схема, стабильные выплаты. Опыт не требуется. \nПишите в личные сообщения для подробностей!",spam
П Р 0 Б Н И К И \n110 АДРЕС0В \nПИШИ - @Kristi332,spam
"Приветствую! Приглашаем Вас в надежный проект, занимает несколько часов в день, хороший доп.доход. Опыт не требуется, только возраст от 18 лет. Напишите + в личку если заинтересовало",spam
"Привет, нужен 1 человек, дocтoйный зapaбoтoк, бeрём бeз oпытa за подробностями пишите + в лс",spam
Нужны 2-3 человека (18+) для удаленной деятельности от 300$ в день. Заинтересованных прошу писать ➕ @iliyuhasss в личку.,spam
ПРОБА ПИШИ МНЕ @Work_Alex_1,spam
ПРОБА \nТОВАР НА ШАРУ @grththtrhrt,spam
"Ищем надёжных партнёров в новую команду.\n\nКРИПТА    !!!!!\n\nОбучение, и сопровождение 24/7.\nВсё легально, и безопасно.\n Мы доведём до результата, но важно действовать сейчас.\n\nГотов попробовать? Пиши в личные сообщения.",spam
📿ЕСТЬ ПОДРАБОТКА ⛱\n🗽НУЖЕН ЧЕЛОВЕК 16+\n💸Платим от 1О.ОООр в День\n🎡Вложения делать не нужно\n📲Контакт связи: @Zr_work,spam
"Здравствуйте. Нужен ответственный человек для сотрудничества, удаленно. Подробности в личку.",spam
"Привет! Ищу амбициозных и целеустремленных людей для выгодного сотрудничества. Доход от $3,000 в месяц, всё в удобном дистанционном формате. Хотите узнать больше? Пишите: + в личные сообщения  – обсудим детали!\n«На правах рекламы»",spam
"Требуются 3 человека, всего 2 часа в день и телефон. Заработок от 150$ в день. Пишите + в лс для деталей.",spam
"ДОХОД ОТ $900 В НЕДЕЛЮ.!!!!!!!!\nПОЛНЫЙ ДИСТАНЦИОННЫЙ ФОРМАТ.\nВСЕГО НЕСКОЛЬКО ЧАСОВ В ДЕНЬ.\nОПЫТ НЕ НУЖЕН — ПОДХОДИТ КАЖДОМУ!\nВОЗМОЖНОСТЬ, КОТОРУЮ НЕЛЬЗЯ УПУСТИТЬ!\nПИШИ «+» @pavell116 В ЛИЧНЫЕ СООБЩЕНИЯ, ЕСЛИ ХОЧЕШЬ УЗНАТЬ БОЛЬШЕ.",spam
"Привет \nЕсть отличный предложение для людей, которым нужен дополнительный заработок. Удаленный формат работы. Только 21+\nНеадекватных прошу обойти стороной данное объявление.\nВсе расскажу и покажу. Пишите мне в личные сообщения. Или пишите сюда - @KrissKr0ss",spam
Требуются 2-3 человека (18+) для удалённого партнёрства.\nДоход от 350$ в день. Доведём до результата. Если интересно — пишите '+'  в личку!,spam
Нужны зaинтереcoвaнныe oтвeтствeнныe люди в кoмaнду.  C дoхoдoм oт 4900 дoллaрpв в мeсяц. Сотрудничество из дoмa в любoм гoрoдe. Нaпишитe  @pavell116\nЖeлaю всeм oтличнoгo дня!,spam
Есть хорошее предложение по заработку!!!\nВ неделю от 20000 рублей!\nТолько 18+!\nНапиши сюда - @KrissKr0ss '+' и расскажем детали!,spam
"Привет! Ищу амбициозных и целеустремленных людей для выгодного сотрудничества. Доход от $3,000 в месяц, всё в удобном дистанционном формате. Хотите узнать больше? Пишите: +в личные сообщения  – обсудим детали!\n«На правах рекламы»",spam
"💪💵Нужна помощь с финансами? Я здесь, чтобы помочь!🇷🇺🍀\nПару часов твоего времени \nПиши мне @AliZai8871",spam
"В повестку : создать проект по поддержанию офлайн/онлайн групп, которые не могут оплатить аренду помещения/zoom комнаты.",spam
Кладмен,spam
Идёт набор в проект удалённо\n-без опыта\n-Есть обучение\n-Доход от 8000р в день\n\nПишите в ЛС '+' за деталями!\nили сюда - @alinamaslovaHR,spam
"Хотите дополнительный доход без отрыва от основной работы? \nПредлагаем удаленное сотрудничество в успешном проекте.\nБелая схема, стабильные выплаты. Опыт не требуется. \nПишите в личные сообщения для подробностей!",spam
П Р 0 Б Н И К И \n110 АДРЕС0В \nПИШИ - @Kristi332,spam
"Приветствую! Приглашаем Вас в надежный проект, занимает несколько часов в день, хороший доп.доход. Опыт не требуется, только возраст от 18 лет. Напишите + в личку если заинтересовало",spam
"Привет, нужен 1 человек, дocтoйный зapaбoтoк, бeрём бeз oпытa за подробностями пишите + в лс",spam
Нужны 2-3 человека (18+) для удаленной деятельности от 300$ в день. Заинтересованных прошу писать ➕ @iliyuhasss в личку.,spam
Идёт набор в проект удалённо\n-без опыта\n-Есть обучение\n-Доход от 8000р в день\n\nПишите в ЛС '+' за деталями!\nили сюда - @alinamaslovaHR,spam
"Приглашаю желающих освоить возможности хорошего дополнительного заработка на удаленке. Опыт не обязателен, важны лишь желание и возраст от 20 лет. Детали в личных сообщениях.",spam
"НУЖНО НАКИДАТЬ ТОВАРА \nБЕЗ ЗАЛ0ГА, БЕЗ ВЛОЖЕНИЙ\n🔥ОТ 10к ЗА ПАРУ ЧАС0В \n✅ ТАК-ЖЕ ВЫДАЁМ ТОВАР \n🎁ДЛЯ ТЕБЯ БЕСПЛАТН0 \nПИШИ СЮДА — @AVDrova",spam
☑️Т Р Е Б У Ю Т С Я☑️\n🎩Люди на Подра6отку\n🔥Платим от 1О.ОООр в День\n🧬Вложения не нужны\n🥂Наш Контакт: @MobyDlcK1,spam
РАСКИДАЙ ТОВАР ПОЛУЧИ БОНУС \nВ ТВОЕМ ГОРОДЕ!!!!!!!!!!\nПИШИ МНЕ @kolyan1ff,spam
"СРОЧНО! СРОЧНО! СРОЧНО!\nКРИПТА 21+\nСОТРУДНИЧЕСТВО, ПИШИТЕ ПОКА ЕСТЬ МЕСТА!\nВСЁ ЛЕГАЛЬНО!",spam
соль ,spam
меф,spam
мефчик,spam
мефедрон,spam
лирика,spam
прегаболин,spam
тропикомид,spam
героин,spam
хмурый,spam
пидор,spam
педераст,spam
сука,spam
пизда,spam
мразь,spam
соляра,spam
солянка,spam
кокаин,spam
кокс,spam
мдма,spam
Нужны 2-3 человека (18+) для удаленной деятельности от 300$ в день. Заинтересованных прошу писать ➕ @iliyuhasss в личку.,spam
"Приветствую всех! В поисках 1-5 человек, готовых к интересному и выгодному заработку. Хотите узнать больше? Пишите + в лс.",spam
"Приветствую, есть к вам деловое предложение, ищу амбициозных людей в новый проект. Пишите + в личные сообщения.",spam
"Привет! Нужны люди для удаленной работы. Количество мест ограничено. Заработок от 12000 рублей в неделю. Пиши мне ""+"", я все расскажу.",spam
"Ищу 2-4 человек для удаленной работы. Доход от 250$ в день. Пишите ➕ в ЛС, расскажу подробности.",spam
"Привет! Есть интересное предложение по заработку. Работа удаленная, без вложений. Пиши ➕, расскажу детали.",spam
"Набираю команду для онлайн-заработка. Гибкий график, высокая оплата. Интересно? Жду ➕ в личку.",spam
"Требуются амбициозные люди в удаленный проект. Доход стабильный, обучение бесплатное. Пиши ➕, если интересно.",spam
Привет! Открыт набор на удаленную работу. Доход от 1000$ в месяц. Пиши ➕ в ЛС.,spam
Ищу 3-5 человек для работы онлайн. Возраст 18+. Оплата высокая. Заинтересовался? Пиши ➕ в личные сообщения.,spam
"Требуются люди для работы на дому. Доход без потолка, всё легально. Пиши ➕, расскажу подробнее.",spam
Привет! Есть классный вариант заработка без рисков. Хочешь узнать больше? Пиши ➕ в личку.,spam
"Удаленный заработок для активных людей. Гибкий график, обучение бесплатное. Заинтересован? Пиши ➕ в ЛС.",spam
"Ищу команду для работы онлайн. Доход от 300$ в день. Все подробности в личке, пиши ➕.",spam
"Открыт набор в прибыльный проект. Без вложений, без рисков. Хочешь попробовать? Жду ➕ в ЛС.",spam
"Нужны 2-3 человека для работы на дому. Возраст 18+, свободный график. Пиши ➕, расскажу подробности.",spam
"Есть крутая возможность заработать без опыта! Удаленно, от 200$ в день. Пиши ➕ в ЛС.",spam
"Приглашаю в прибыльный проект. Нужны люди, готовые зарабатывать. Пиши ➕, всё расскажу.",spam
"Удаленная работа с высоким доходом. Гибкий график, обучение в процессе. Интересно? Жду ➕ в ЛС.",spam
Нужна помощь в распространении товара в городе. Оплата товарами и деньгами. Пишите в @Aleksandroooosa,spam
Ищу помощников для доставки товара. Оплата товаром и деньгами. Контакт в @Aleksandroooosa,spam
"Подработка на пару часов, пиши @eskanqer",spam
"Подработка на пару часов, пиши @eskanqer",spam
Ищу людей для легкой работы на пару часов в день. Напиши @eskanqer,spam
Работа на пару часов в день! Заработок от @eskanqer,spam
"Легкая подработка, оплачиваем товаром и деньгами. Пиши @top_0O7",spam
Подработка с возможностью высоких заработков. Напиши @top_0O7,spam
"Заработок от 10,000₽ в день на легкой подработке. Пиши в @top_0O7",spam
Требуются люди на удаленную работу. За подробностями пиши мне!,spam
"Срочно требуются люди для работы на удаленке, доход до 10,000₽ в день. Пишите + в лс",spam
"Хороший доход за пару часов работы. Присоединяйтесь к проекту, пишите в ЛС",spam
"Требуются люди для простого заработка на пару часов в день, пишите в ЛС для подробностей",spam
Заработок от 120$ в день с гибким графиком. Пиши в ЛС!,spam
Предлагаю подработку с хорошими условиями и оплатой. Пишите мне!,spam
"Вакансии с доходом до 180$ в день, удаленная работа. Пишите мне для подробностей",spam
"Требуется человек для доставки товаров в городе. Платим от 15,000₽ в день. Пишите сюда: @Karamorialk",spam
"Работа с гибким графиком, доход до 15,000₽ в день. Пишите в ЛС",spam
"Удаленная работа с доходом от 200$. Занятость 2-3 часа в день, подробности в ЛС",spam
"Ищу людей для легкой работы на удаленке, пишите в ЛС",spam
Срочная вакансия! Требуется человек для распространения товара в вашем городе. Оплата товарами и деньгами,spam
"Подработка с хорошим доходом, пишите мне для подробностей!",spam
"Прямо сейчас нужны люди для работы с товарами! От 15,000₽ в день, пишите сюда: @Karamorialk",spam
Легкая подработка с оплатой деньгами и товарами. Обращайтесь по адресу @Aleksandroooosa,spam
Работа с гибким графиком! Заработок от 200$ в день! Подробности в ЛС,spam
"Привет! Требуются люди для работы с товарами, пишите в ЛС!",spam
"Открыта вакансия на удаленную работу. Доход до 200$ в день, пишите в ЛС для подробностей!",spam
"Пишу для тех, кто хочет работать удаленно и зарабатывать. Гибкий график, подробности в ЛС",spam
"Работай удаленно, зарабатывай от 200$ в день! Напиши для подробностей",spam
"Требуются люди для работы с товарами в вашем городе, заработок от 15,000₽ в день",spam
"Заработай на доставке товара в городе, пишите мне для подробностей!",spam
Привет! Ищу помощников для распространения товара в городе. Напиши в ЛС,spam
Вакансии с гибким графиком и доходом от 200$ в день. Пиши в ЛС!,spam
"Привет! Нужны помощники для работы в свободное время, подробности в лс",spam
Срочно требуется человек для подработки. Заработок от 120-180$ в день,spam
"Подработка для людей, которые хотят работать пару часов в день. Пишите в ЛС!",spam
"Требуются люди для распространения товара по городу, оплата деньгами и товарами",spam
"Требуется человек для работы с товаром в городе. Заработок до 15,000₽ в день",spam
"Привет! Есть вакансии на удаленную работу, оплата от 200$ в день",spam
"Ищу людей на подработку с товаром. Заработок до 15,000₽ в день, пишите сюда!",spam
🔥 ПРОСТОЙ ЗАРАБОТОК 🔥 💰 До 15.000₽ в день без вложений! 📲 Пиши в личку: @Zr_work,spam
♨️ ЛЕГКИЙ ДОХОД ♨️ 💵 Оплата от 12.000₽ ежедневно ❌ Без вложений ❌ 📩 Пиши: @Zr_work,spam
"💸 ДЕНЬГИ ЗДЕСЬ! 💸 ✅ До 20.000₽ в день 💰 Гибкий график, без рисков 📲 Свяжись: @khkocf",spam
 🚀 ДОХОД С 1 ДНЯ 🚀 💵 Быстрое поступление средств ❌ Никаких вложений ❌ 📩 Пиши прямо сейчас: ,spam
🔥 ДОСТУПНА ПОДРАБОТКА 🔥 💰 От 10.000₽/день без вложений! 📲 Все подробности тут: @akld_did,spam
💵 НЕ ПРОПУСТИ ВОЗМОЖНОСТЬ 💵 ✅ Свободный график 💰 От 10.000₽ ежедневно 📩 Пиши: лс,spam
💸 ПРОСТОЙ ЗАРАБОТОК 💸 💵 До 18.000₽ в день ❌ Без вложений ❌ 📩 Жду в ЛС: @l,spam
♨️ ПОДРАБОТКА ДЛЯ ВСЕХ ♨️ 💰 Заработок от 10.000₽ в день ✅ Легко и без рисков 📲 Пиши в личку: @,spam
💼 ДОСТУПНА ВАКАНСИЯ 💼 💰 Оплата каждый день! ✅ До 15.000₽/сутки 📲 Пиши: @lklw_jdke,spam
18 лет. Детали в личных сообщениях.,spam
18+? Хотите зарабатывать? Подробности в ЛС!,spam
Совершеннолетний? Гарантированный доход! Пиши в ЛС.,spam
18 лет? Стартует новый проект! Все детали в личку.,spam
Только 18+! Заработок без вложений. Подробности в ЛС.,spam
"Здравствуйте! Стартует новый перспективный проект. Если вы совершеннолетний, амбициозный и хотите стабильный доход еженедельно, 30%, пишите в личные сообщения ""+"".",spam
"Привет! Ищем активных людей 18+ для нового проекта. Доход стабильный! Пиши ""+"".",spam
"Новый проект! Если тебе 18+ и хочешь зарабатывать – пиши ""+"".",spam
"Перспективный проект стартует! 18+? Стабильный доход ждет! Пиши ""+"".",spam
"Если ты амбициозный и хочешь еженедельно получать доход, напиши ""+"".",spam
Выиграл 100кк:,spam
Поздравляем! Ты выиграл 100кк! Проверь свой баланс!,spam
"100кк у тебя в кармане? Если нет – мы знаем, как заработать!",spam
Сегодня твой шанс забрать 100кк! Пиши в ЛС.,spam
100кк ждут своего обладателя! Ты следующий?,spam
Подработка на пару часов в день @eskanqer,spam
Нужна халтура на вечер? Пиши @eskanqer.,spam
Работа на пару часов – легкий доход! Подробности @eskanqer.,spam
Быстрый заработок! Свободное время? Пиши @eskanqer.,spam
"Гибкий график, свободный заработок. Пиши @eskanqer!",spam
⚠️РАБОТА ⚠️,spam
Без вложений 💰,spam
График свободный 🕑,spam
Оплата от 10 000р в день🔥,spam
По всем вопросам в ЛС @sedddxa,spam
"💰 Реальная подработка! Без вложений, 10.000₽ в день! Пиши @sedddxa.",spam
"🔥 Легкий заработок! От 10к в день, свободный график! ЛС @sedddxa.",spam
📲 Хочешь зарабатывать от 10к в день? Без вложений! Пиши @sedddxa.,spam
💼 Найдется работа без вложений! От 10к в день! Пиши @sedddxa.,spam
"Сербская оппозиция зажгла файеры и\xa0дымовые шашки на\xa0заседании парламента. Ранены три депутата\n\nКак пишет местное издание Danas, сегодня днем представители оппозиции попытались сорвать заседание, протестуя против принятой депутатами повестки\xa0дня. Они направились к\xa0спикеру Ане Брнабич, но\xa0были остановлены охраной.\n\nВ\xa0ответ оппозиционеры развернули баннер с\xa0надписью «Сербия восстает, чтобы свергнуть режим», а\xa0также стали зажигать файеры и\xa0дымовые шашки.\n\nПо\xa0словам спикера парламента, в\xa0результате беспорядков пострадали три женщины-депутата: Ясмина Обрадович, Ясмина Каранац и\xa0Саня Илич. Обрадович перенесла инсульт. Сейчас за\xa0ее\xa0жизнь борются медики. Каранац получила ранение в\xa0голову. Третья пострадавшая находится на\xa0восьмом месяце беременности.",spam
"Сербская оппозиция зажгла файеры и\xa0дымовые шашки на\xa0заседании парламента. Ранены три депутата\n\nКак пишет местное издание Danas, сегодня днем представители оппозиции попытались сорвать заседание, протестуя против принятой депутатами повестки\xa0дня. Они направились к\xa0спикеру Ане Брнабич, но\xa0были остановлены охраной.\n\nВ\xa0ответ оппозиционеры развернули баннер с\xa0надписью «Сербия восстает, чтобы свергнуть режим», а\xa0также стали зажигать файеры и\xa0дымовые шашки.\n\nПо\xa0словам спикера парламента, в\xa0результате беспорядков пострадали три женщины-депутата: Ясмина Обрадович, Ясмина Каранац и\xa0Саня Илич. Обрадович перенесла инсульт. Сейчас за\xa0ее\xa0жизнь борются медики. Каранац получила ранение в\xa0голову. Третья пострадавшая находится на\xa0восьмом месяце беременности.",spam
Выиграл тут! 🔥 Сделал 40 таких – поднял! Жми! 🚀,spam
Забрал тут! 💰 Повторил 40 раз – профит! Жми! 📈,spam
Зашел сюда – поднял! 😎 Делай так же! 💸,spam
40 раз повторил – выиграл! 🎯 Жми! 🚀,spam
Поднял тут! 📈 Хочешь так же? Жми! 🎰,spam
Выиграл снова! 🔥 40 таких и профит! Жми! 💵,spam
Сделал 40 таких – результат тут! 💰 Жми! 🏆,spam
Забирай своё! 🏅 Повторил 40 раз – поднялся! 🚀,spam
40 раз попробовал – теперь в плюсе! 💸 Жми! 🔥,spam
Проверено! ✅ Сделал 40 раз – выиграл! Жми! 🎰,spam
Выигрыш тут! 🏆 40 раз повторил – работает! 🔥,spam
Забирай! 💰 Сделал 40 раз – доволен! 😎,spam
Зашел – сделал 40 раз – поднялся! 🚀 Жми!,spam
40 раз играл – итог в плюс! 💵 Жми! 🎯,spam
Твой шанс! 🍀 Я уже 40 раз сделал! Жми! 💸,spam
Тут реально выиграть! 🏆 40 раз убедился! 🚀,spam
40 раз пробовал – каждый раз профит! 💰 Жми!,spam
Не упусти! 🚀 Я 40 раз попробовал – работает! 🔥,spam
Проверил 40 раз – реально работает! 🎰 Жми!,spam
Забрал тут! 🎯 40 раз проверил – топ! 💸,spam
Выигрыш рядом! 💰 Я 40 раз проверил! Жми! 🔥,spam
40 раз играл – результат тут! 🎯 Жми! 🚀,spam
Поднял! 📈 40 раз проверил – всё честно! 💰,spam
Сделал 40 раз – только профит! 💵 Жми! 🔥,spam
40 побед подряд! 🎰 Твой ход! Жми! 💸,spam
Поднял тут! 💰 Проверил 40 раз! Жми! 🏆,spam
Забрал куш! 🎯 40 раз попробовал – работает! 💸,spam
Проверил 40 раз – забрал своё! 💰 Жми! 🚀,spam
Делал 40 раз – всегда в плюс! 🎰 Жми! 🔥,spam
40 раз поднялся! 📈 Теперь твоя очередь! 💸,spam
Топ шанс! 🏆 40 раз проверил – жми! 💰,spam
Сделал 40 попыток – выиграл! 🎯 Жми! 🚀,spam
Выиграл тут! 💰 40 раз проверил – топ! 🔥,spam
Повторил 40 раз – всегда профит! 🎰 Жми!,spam
40 попыток – 40 выигрышей! 🏆 Жми! 💸,spam
Проверил 40 раз – только победа! 🚀 Жми!,spam
Всё реально! 🎯 40 раз играл – поднимал! 💰,spam
Выигрыш тут! 💸 40 раз пробовал – всегда плюс! 🚀,spam
Забрал тут! 🔥 40 раз убедился – работает! 💰,spam
Сделал 40 раз – результат топ! 🏆 Жми! 🎰,spam
Выиграл тут,spam
Поднял тут,spam
Выиграл тут 150,spam
Поднял тут 200,spam
Выиграл тут: 100к,spam
Поднял тут: 150к,spam
Ставки тут: +200к,spam
Выиграл тут: 50к,spam
Поднял тут: 300к,spam
Ставки тут: выигрываю каждый день,spam
Выиграл тут: легко,spam
Поднял тут: стабильно в плюс,spam
Ставки тут: всегда в плюсе,spam
Выиграл тут: без проблем,spam
Поднял тут: всё реально,spam
Ставки тут: забирай своё,spam
Выиграл тут: 40 раз подряд,spam
Выиграл тут:,spam
Выиграл тут:,spam
Выиграл тут:,spam
Выиграл тут:,spam
🎰 ЛУЧШЕЕ ОФИЦИАЛЬНOЕ КАЗИНO В TЕЛЕГРАММЕ,spam
🎰 ЛУЧШЕЕ ОФИЦИАЛЬНOЕ КАЗИНO В TЕЛЕГРАММЕ,spam
🎰 ЛУЧШЕЕ ОФИЦИАЛЬНOЕ КАЗИНO В TЕЛЕГРАММЕ,spam
🎰 ЛУЧШЕЕ ОФИЦИАЛЬНOЕ КАЗИНO В TЕЛЕГРАММЕ,spam
🎰 ТОП ОФИЦИАЛЬНОЕ КАЗИНО В TELEGRAM!,spam
🎰 ЛУЧШЕЕ КАЗИНО В TELEGRAM – ПРОВЕРЕНО!,spam
🎰 НАДЁЖНОЕ КАЗИНО В TELEGRAM – ИГРАЙ СЕЙЧАС!,spam
🎰 ОФИЦИАЛЬНОЕ КАЗИНО В TELEGRAM – БОНУСЫ!,spam
🎰 ТОПОВОЕ КАЗИНО В TELEGRAM – БЫСТРЫЕ ВЫПЛАТЫ!,spam
🎰 ВЫГОДНОЕ КАЗИНО В TELEGRAM – ЛУЧШИЕ ИГРЫ!,spam
🎰 ОФИЦИАЛЬНОЕ КАЗИНО В TELEGRAM – ИГРАЙ И ВЫИГРЫВАЙ!,spam
🎰 НАСТОЯЩЕЕ КАЗИНО В TELEGRAM – ПРОВЕРЕННЫЙ ВЫБОР!,spam
🎰 ЛУЧШИЕ ИГРЫ В КАЗИНО TELEGRAM – ЗАХОДИ!,spam
🎰 ТОП КАЗИНО В TELEGRAM – ГАРАНТИЯ ВЫПЛАТ!,spam
🎰 НАДЁЖНОЕ ОНЛАЙН-КАЗИНО В TELEGRAM – БОНУСЫ!,spam
🎰 ЛЕГАЛЬНОЕ КАЗИНО В TELEGRAM – ВЫСОКИЙ RTP!,spam
🎰 БЫСТРОЕ ВЫВОД В ЛУЧШЕМ КАЗИНО TELEGRAM!,spam
🎰 ТОЛЬКО ЧЕСТНАЯ ИГРА В TELEGRAM-КАЗИНО!,spam
🎰 ВЫБИРАЙ ОФИЦИАЛЬНОЕ КАЗИНО В TELEGRAM!,spam
"Перейдите по ссылке, чтобы вступить в мою группу в WhatsApp: https://chat.whatsapp.com/EjLmUajYQO48ILqviHHQbJ",spam
"Перейдите по ссылке, чтобы вступить в мою группу в WhatsApp: https://chat.whatsapp.com/EjLmUajYQO48ILqviHHQbJ",spam
"Перейдите по ссылке, чтобы вступить в мою группу в WhatsApp: https://chat.whatsapp.com/EjLmUajYQO48ILqviHHQbJ",spam
"Помогаю с восстановлением прав!\nПрактика, теория. (Уроки вождения)",spam
"Помогаю с восстановлением прав!\nПрактика, теория. (Уроки вождения)",spam
"Помогаю с восстановлением прав!\nПрактика, теория. (Уроки вождения)",spam
"Помогаю с восстановлением прав!\nПрактика, теория. (Уроки вождения)",spam
Помогаю с восстановлением прав! 🚗\nПрактика и теория. (Уроки вождения),spam
"Восстановление прав после лишения! 📚\nПрофессиональная помощь, уроки вождения.",spam
Вам нужно восстановить права? 🚙\nТеория и практика вождения для вас!,spam
Обучение для восстановления прав! 💡\nПрохождение всех этапов (теория и практика).,spam
Восстановление водительских прав! 🛣️\nОт уроков вождения до сдачи экзаменов.,spam
Уроки вождения для восстановления прав! 🏆\nПодготовка по теории и практике.,spam
Восстановление прав с профессионалом! 🚗\nОбучение теории и практики вождения.,spam
"Помощь в восстановлении прав! 🚙\nТеория и практика, все под контролем.",spam
"Восстановление прав с нуля! 📝\nПошаговое руководство, практика и теория.",spam
"Нужно восстановить права? 🌟\nПрофессиональные уроки вождения, помощь в теории.",spam
КОМУ НУЖНЫ ДЕНЬГИ + В ЛС  @RFZKZ,spam
КОМУ НУЖНЫ ДЕНЬГИ + В ЛС  @RFZKZ,spam
КОМУ НУЖНЫ ДЕНЬГИ + В ЛС  @RFZKZ,spam
КОМУ НУЖНЫ ДЕНЬГИ + В ЛС  @RFZKZ,spam
КОМУ НУЖНЫ ДЕНЬГИ? 💰 + В ЛС @RFZKZ,spam
ХОЧЕШЬ ЗАРАБОТАТЬ? 💸 Напиши в ЛС @RFZKZ,spam
"ИЩУ ТЕХ, КОМУ НУЖНЫ ДЕНЬГИ! 💵 Пиши в ЛС @RFZKZ",spam
ХОЧЕШЬ ПОЛУЧИТЬ ДЕНЬГИ? 💰 Пиши в ЛС @RFZKZ,spam
КОМУ НУЖЕН ДОПОЛНИТЕЛЬНЫЙ ДОХОД? 💲 В ЛС @RFZKZ,spam
ДЕНЬГИ НА РАСКИД! 💸 Напиши мне в ЛС @RFZKZ,spam
"ХОЧЕШЬ ПРИЗНАТЬСЯ, ЧТО НУЖНЫ ДЕНЬГИ? 💵 Пиши в ЛС @RFZKZ",spam
"ИЩУ ТЕХ, КТО ХОЧЕТ ПОЛУЧИТЬ ДЕНЬГИ! 💸 Пиши в ЛС @RFZKZ",spam
"ХОЧЕШЬ УЗНАТЬ, КАК ПОЛУЧИТЬ ДЕНЬГИ? 💰 Пиши в ЛС @RFZKZ",spam
КОМУ НУЖНЫ ДЕНЬГИ СЕЙЧАС? 💲 Напиши в ЛС @RFZKZ,spam
КОМУ НУЖНЫ ДЕНЬГИ? + В ЛС ,spam
ХОЧЕШЬ ЗАРАБОТАТЬ? Напиши в ЛС ,spam
"ИЩУ ТЕХ, КОМУ НУЖНЫ ДЕНЬГИ! Пиши в ЛС ",spam
ХОЧЕШЬ ПОЛУЧИТЬ ДЕНЬГИ? Пиши в ЛС ,spam
КОМУ НУЖЕН ДОПОЛНИТЕЛЬНЫЙ ДОХОД? В ЛС ,spam
ДЕНЬГИ НА РАСКИД! Напиши мне в ЛС,spam
"Помогу решить вопрос с кредитом, помогаю с деньгами ! Пишите сюда @zarzarwr !!!",spam
"Помогу решить вопрос с кредитом, помогаю с деньгами ! Пишите сюда @zarzarwr !!!",spam
"Помогу решить вопрос с кредитом, помогаю с деньгами ! Пишите сюда @",spam
Нужны деньги? Помогу с кредитом! Обращайтесь @zarzarwr!,spam
🚀 Решу вопрос с финансами! Быстрое одобрение 💵 @zarzarwr,spam
"💳 Срочно нужны деньги? Пишите, помогу! 📩 @zarzarwr",spam
"✅ Дам деньги в долг, помогу с кредитом! 💸 @zarzarwr",spam
💵 Срочная финансовая помощь! Без отказов! @zarzarwr,spam
🔥 Кредит без отказа! Деньги уже сегодня! @zarzarwr,spam
"🏦 Оформлю кредит, помогу с деньгами! @zarzarwr 📩",spam
💰 Финансовая поддержка без проблем! Пиши @jhfkkkld,spam
"💸 Деньги в долг, кредит без отказа! Пишите сюда @zarzarwr",spam
🚀 Срочная помощь с кредитом! Заявки в личку @,spam
"Помогу решить вопрос с кредитом, помогаю с деньгами ! Пишите сюда @zarzarwr !!!",spam
😍😍УСПЕЙ ЗАБРАТЬ БЕСПЛАТНУЮ ПРО00БУ😍😍 😍😍УСПЕЙ ЗАБРАТЬ БЕСПЛАТНУЮ ПРО00БУ😍😍 😍😍УСПЕЙ ЗАБРАТЬ БЕСПЛАТНУЮ ПРО00БУ😍😍,spam
😍😍УСПЕЙ ЗАБРАТЬ БЕСПЛАТНУЮ ПРО00БУ😍😍 😍😍УСПЕЙ ЗАБРАТЬ БЕСПЛАТНУЮ ПРО00БУ😍😍 😍😍УСПЕЙ ЗАБРАТЬ БЕСПЛАТНУЮ ПРО00БУ😍😍,spam
"ПРИВЕТ, НУЖНЫ 2 ЧЕЛОВЕКА, ВСЕ С ТЕЛЕФОНА, УДАЛЁННАЯ ЗАНЯТОСТЬ, ПИШИ + В ЛС!!!",spam
"ПРИВЕТ, НУЖНЫ 2 ЧЕЛОВЕКА, ВСЕ С ТЕЛЕФОНА, УДАЛЁННАЯ ЗАНЯТОСТЬ, ПИШИ + В ЛС!!!",spam
"ищу ᴧюдᴇй дᴧя ᴄᴏᴛᴩудничᴇᴄᴛʙᴀ ʙ нᴏʙᴏʍ ᴨᴩᴏᴇᴋᴛᴇ (удᴀᴧᴇннᴏ), ᴏᴨᴧᴀᴛᴀ ВЫСОКАЯ, ᴨиɯиᴛᴇ  + ʙ ᴧᴄ :)",spam
"ищу ᴧюдᴇй дᴧя ᴄᴏᴛᴩудничᴇᴄᴛʙᴀ ʙ нᴏʙᴏʍ ᴨᴩᴏᴇᴋᴛᴇ (удᴀᴧᴇннᴏ), ᴏᴨᴧᴀᴛᴀ ВЫСОКАЯ, ᴨиɯиᴛᴇ  + ʙ ᴧᴄ :)",spam
"ищу ᴧюдᴇй дᴧя ᴄᴏᴛᴩудничᴇᴄᴛʙᴀ ʙ нᴏʙᴏʍ ᴨᴩᴏᴇᴋᴛᴇ (удᴀᴧᴇннᴏ), ᴏᴨᴧᴀᴛᴀ ВЫСОКАЯ, ᴨиɯиᴛᴇ  + ʙ ᴧᴄ :)",spam
"Привет, нужны 2 человека ,все с телефона, или  компьютера. От 220 $ в день. Удалённая занятость , пиши + в лс",spam
"Привет, нужны 2 человека ,все с телефона, или  компьютера. От 220 $ в день. Удалённая занятость , пиши + в лс",spam
💰 КАЗИНО №1 В ТЕЛЕГРАММЕ 👇 ,spam
💰 КАЗИНО №1 В ТЕЛЕГРАММЕ 👇 ,spam
"Хотите работать из дома и получать хорошую прибыль? Пишите в личку — расскажу, как это сделать!",spam
"Хотите работать из дома и получать хорошую прибыль? Пишите в личку — расскажу, как это сделать!",spam
"Запускаем прибыльный проект с перспективами стабильного дохода и ищем надежных партнеров для долгосрочного сотрудничества. Пишите в ЛС, обсудим детали!",spam
"Запускаем прибыльный проект с перспективами стабильного дохода и ищем надежных партнеров для долгосрочного сотрудничества. Пишите в ЛС, обсудим детали!",spam
"Для всех любителей крипты! Набор в крипто-команду - Новое направление. Строго от 25+ Бесплатное обучение, прибыль в первый день. Не обещаем золотых гор, но в день 100-300$ спокойно! Места ограничены, пишите +, рассмотрим Вашу кандидатуру.",spam
"Для всех любителей крипты! Набор в крипто-команду - Новое направление. Строго от 25+ Бесплатное обучение, прибыль в первый день. Не обещаем золотых гор, но в день 100-300$ спокойно! Места ограничены, пишите +, рассмотрим Вашу кандидатуру.",spam
"Онлайн зароботок, который подойдет абсолютно всем. Без предоплат и прочих денежных затрат. Стабильность и честность. Возможность зарабатывать от $40 ежедневно. Если интересно пиши в лс +.",spam
"Онлайн зароботок, который подойдет абсолютно всем. Без предоплат и прочих денежных затрат. Стабильность и честность. Возможность зарабатывать от $40 ежедневно. Если интересно пиши в лс +.",spam
Есть места на УДАЛЁНКУ с доходом от 350$ в неделю -Занятость до 1 часа в день,spam
Есть места на УДАЛЁНКУ с доходом от 350$ в неделю -Занятость до 1 часа в день,spam
Добрый день. Ищу партнеров для выгодного сотруднечества. Всё легально. За деталями пишите в лс.,spam
Добрый день. Ищу партнеров для выгодного сотруднечества. Всё легально. За деталями пишите в лс.,spam
"Привет  Нужны Люди  УДАЛЕННО Количество мест ограничено Заработок от 12000 рублей в неделю  Пиши мне ""+"" я все расскажу",spam
"Привет  Нужны Люди  УДАЛЕННО Количество мест ограничено Заработок от 12000 рублей в неделю  Пиши мне ""+"" я все расскажу",spam
CРOЧHO!!CРOЧHO!!CРOЧHO!! НУЖДАЕМСЯ В OТВЕТCТВЕHHЫХ ЛЮДЯХ (ВОЗРАСТ OТ 18)  OHЛАЙH СОТРУДНИЧЕСТВО 1-2 ЧАCА В ДЕHЬ -  10-35% в неделю ОБРАЩАЙТЕСЬ В ЛИЧНЫЕ СООБЩЕНИЯ,spam
"Приветствую! Сейчас в поиске людей на удалённую занятость!  Удалённый формат, от 20-ти лет Занятость 1-3 часа в день От 100$ в день",spam
"Приветствую! Сейчас в поиске людей на удалённую занятость!  Удалённый формат, от 20-ти лет Занятость 1-3 часа в день От 100$ в день",spam
"Ищу активных людей, готовых зарабатывать и расти (от 18 лет) ! Если хочешь увеличить свой доход с минимальными затратами времени — пиши «+» в ЛС!",spam
"Ищу активных людей, готовых зарабатывать и расти (от 18 лет) ! Если хочешь увеличить свой доход с минимальными затратами времени — пиши «+» в ЛС!",spam
"Помогу решить вопрос с кредитом, помогаю с деньгами ! Пишите сюда @zarzarwr !!!",spam
"Помогу решить вопрос с кредитом, помогаю с деньгами ! Пишите сюда @zarzarwr !!!",spam
"Помогу решить вопрос с кредитом, помогаю с деньгами ! Пишите сюда @zarzarwr !!!",spam
В наличии Лирика300 цена пачки 14 Капсул 3000₽.,spam
В наличии Лирика300 цена пачки 14 Капсул 3000₽.,spam
💸 КАЗИНО №1 💸,spam
💸 КАЗИНО №1 💸,spam
💸 КАЗИНО №1 💸,spam
💸 КАЗИНО №1 💸,spam
💸 КАЗИНО №1 💸,spam
📈Лeгкий зapaбoтoк нa oпpocaх!,spam
📈Лeгкий зapaбoтoк нa oпpocaх!,spam
📈Лeгкий зapaбoтoк нa oпpocaх!,spam
Доброе утро! У меня есть уникальное предложение с высоким доходом. Хотите узнать больше? Напишите «+» в ЛС.,spam
Приветствую! Открываю доступ к новой прибыльной возможности. Заинтересованы? Жду «+» в личные сообщения.,spam
"Добрый день! Есть способ значительно улучшить ваше финансовое положение. Напишите «+», если хотите узнать подробности.",spam
Доброго времени суток! Поделюсь с вами актуальным способом заработка. Интересно? Оставьте «+» в ЛС.,spam
"Здравствуйте! Есть выгодное предложение для тех, кто хочет зарабатывать больше. Напишите «+» в личку, если это вам интересно.",spam
Привет! Расскажу о рабочем способе увеличения дохода. Хотите узнать детали? Просто отправьте «+» в ЛС.,spam
Доброе утро! Нашёл отличный источник стабильного заработка. Хотите узнать? Жду «+» в личных сообщениях.,spam
"Доброго дня! У меня есть информация, которая может вам пригодиться. Хотите вникнуть? Напишите «+» в ЛС.",spam
"Приветствую! Знаете, как можно выйти на новый уровень дохода? Готов рассказать, жду «+» в личке.",spam
Добрый день! Это может стать вашим шансом на дополнительный доход. Интересно? Оставьте «+» в ЛС.,spam
OOOP за 15 мин! Пиши в ЛС @sacwqqq,spam
Быстрый OOOP за 15 минут! Интересно? Жду в ЛС @sacwqqq,spam
Всего 15 минут — и у тебя OOOP! Пиши в ЛС @sacwqqq,spam
OOOP за 15 мин без лишних вопросов! Пиши @sacwqqq,spam
Легкий OOOP за 15 минут! Детали в ЛС @sacwqqq,spam
Хочешь OOOP за 15 мин? Пиши в личку @sacwqqq,spam
OOOP за 15 минут – просто и быстро! Жду в ЛС @sacwqqq,spam
"Срочно! OOOP за 15 мин, подробности в ЛС @sacwqqq",spam
Проверенный OOOP за 15 минут! Напиши @sacwqqq,spam
Не упусти! OOOP всего за 15 мин! В ЛС @sacwqqq,spam
"Удаленка с комфортом? Это реально! Предлагаю отличные условия и интересные проекты. Напишите в личку, если хотите узнать больше.",spam
"Удаленка с комфортом? Это реально! Предлагаю отличные условия и интересные проекты. Напишите в личку, если хотите узнать больше.",spam
"Удаленка с комфортом? Это реально! Предлагаю отличные условия и интересные проекты. Напишите в личку, если хотите узнать больше.",spam
"Есть проект для самозанятых, все подробности в личку!",spam
"Есть проект для самозанятых, все подробности в личку!",spam
"Есть проект для самозанятых, все подробности в личку!",spam
🌟🌟🌟🌟🌟🌟🌟🌟🌟🌟 🔥🔥🔥🔥🔥🔥🔥🔥🔥🔥 🔤🔤🔤🔤🔤🔤 🔤🔤🔤🔤🔤 🔤 🔤🔤🔤🔤🔤 🔤🔤 🔤🔤🔤🔤🔤  💰💰💰💰💰💰💰💰💰 🎯🔴@fast_money_bot 🎯🔴https://t.me/m/profit999,spam
💎💎💎💎💎💎💎💎💎💎 🌟🌟🌟🌟🌟🌟🌟🌟🌟 🔤🔤🔤🔤🔤🔤 🔤🔤🔤🔤🔤 🔤 🔤🔤🔤🔤🔤 🔤🔤 🔤🔤🔤🔤🔤  🎁🎁🎁🎁🎁🎁🎁🎁🎁 💵🟡@bonus_daily 💵🟡https://t.me/m/bonusnow,spam
⚡⚡⚡⚡⚡⚡⚡⚡⚡ 🔥🔥🔥🔥🔥🔥🔥🔥🔥🔥 🔤🔤🔤🔤🔤🔤 🔤🔤🔤🔤🔤 🔤 🔤🔤🔤🔤🔤 🔤🔤 🔤🔤🔤🔤🔤  🎯🎯🎯🎯🎯🎯🎯🎯🎯 💸🔴@big_win_bot 💸🔴https://t.me/m/win_big,spam
🎉🎉🎉🎉🎉🎉🎉🎉🎉 💖💖💖💖💖💖💖💖💖 🔤🔤🔤🔤🔤🔤 🔤🔤🔤🔤🔤 🔤 🔤🔤🔤🔤🔤 🔤🔤 🔤🔤🔤🔤🔤  💰💰💰💰💰💰💰💰💰 💎🟢@jackpot_luck 💎🟢https://t.me/m/lucky777,spam
🔥🔥🔥🔥🔥🔥🔥🔥🔥 💰💰💰💰💰💰💰💰💰 🔤🔤🔤🔤🔤🔤 🔤🔤🔤🔤🔤 🔤 🔤🔤🔤🔤🔤 🔤🔤 🔤🔤🔤🔤🔤  🎯🎯🎯🎯🎯🎯🎯🎯🎯 🎁🔴@gift_promo,spam
💥💥💥💥💥💥💥💥💥 ⭐️⭐️⭐️⭐️⭐️⭐️⭐️⭐️⭐️ 🔤🔤🔤🔤🔤🔤 🔤🔤🔤🔤🔤 🔤 🔤🔤🔤🔤🔤 🔤🔤 🔤🔤🔤🔤🔤  🎊🎊🎊🎊🎊🎊🎊🎊 💵🟡@cash_rewards,spam
⚡⚡⚡⚡⚡⚡⚡⚡⚡ 🎁🎁🎁🎁🎁🎁🎁🎁 🔤🔤🔤🔤🔤🔤 🔤🔤🔤🔤🔤 🔤 🔤🔤🔤🔤🔤 🔤🔤 🔤🔤🔤🔤🔤  💰💰💰💰💰💰💰💰,spam
💎💎💎💎💎💎💎💎💎 🔥🔥🔥🔥🔥🔥🔥🔥🔥 🔤🔤🔤🔤🔤🔤 🔤🔤🔤🔤🔤 🔤 🔤🔤🔤🔤🔤 🔤🔤 🔤🔤🔤🔤🔤  🎊🎊🎊🎊🎊🎊🎊🎊 @,spam
🌟🌟🌟🌹🌹🌹🌹🌹🌹🌹🌹  🍁🍁🍁🍁🍁🍁🍁  🍁🍁🍁🍁🍁🍁      🔤🔤🔤🔤🔤🔤   🔤🔤🔤🔤🔤                   🔤🔤  🔤🔤🔤🔤🔤  🌟🌟🌟🌹🌹🌹🌹🌹🌹🌹🌹 ❤️🔴@tutraaaaaas_bot ❤️🔴https://t.me/m/WR9PeqzUYzUyм,spam
🦋 Чек (https://t.me/CryptoBotRU/23) на 🪙 10 USDT ($9.99).,spam
🦋 Чек (https://t.me/MoneyDrop/45) на 🪙 15 USDT ($14.99).,spam
🎁 Чек (https://t.me/TetherBonus/88) на 💵 20 USDT ($19.99).,spam
🚀 Чек (https://t.me/FastCrypto/12) на 🏆 50 USDT ($49.99).,spam
💎 Чек (https://t.me/BigWinTether/77) на 🎯 5 USDT ($4.99).,spam
🔥 Чек (https://t.me/LuckyCrypto/33) на 💰 25 USDT ($24.99).,spam
Про метадон,spam
Про метадон,spam
О метадоне,spam
метадон,spam
Дам первому кто напишем мне в лс,spam
Дам первому кто напишем мне в лс,spam
Дам первому кто напишем мне в лс,spam
Дам первому кто напишем мне в лс,spam
Ищу водителя на личном авто.350 000 рублей.,spam
Ищу водителя на личном авто.350 000 рублей.,spam
Ищу водителя на личном авто.350 000 рублей.,spam
мне бы мефчика сейчас,spam
я бы подкололся соляркой,spam
ты солевая тварь,spam
есть для тебя мяу мяу,spam
хочешь дам тебе мефа и соли,spam
ты солевая мразь,spam
https://ozon.ru/t/Q1TaoYr,spam
https://ozon.ru,spam
https://ozon.ru/t/Q1WmwTr,spam
"Ищу работника – собрать яблоки, завтра утром. Платим 8000 рублей сразу. Кто готов? 🍏",spam
Работа есть! Нужно помочь с переездом сегодня вечером. 12000 рублей сразу на руки. Кто в деле? 🚛,spam
"Подработка – разгрузить стройматериалы, послезавтра утром. 15000 рублей наличными. Есть желающие? 🏗️",spam
"Нужна помощь – собрать урожай картошки, в среду днём. 9000 рублей сразу. Кто возьмётся? 🥔",spam
Предложение! Раздача листовок завтра с утра. 7000 рублей сразу. Кто готов заработать? 📄,spam
"У меня есть вакансия, забрать капусту, завтра в обед. Даём 10000 рублей сразу на руки. Есть же дающие?",spam
"У меня есть вакансия, забрать капусту, завтра в обед. Даём 10000 рублей сразу на руки.",spam
https://ozon.ru,spam
https://ozon.ru/t/Q1WmwTr,spam
‼️П P O Б A‼️П  P O Б A‼️   📢  пo гopoдy     X M У P      C K  Г A Ш         M E Ф          Б O Ш K И (40 aдpecoв  в нaличиe)  Koнтaкт:,spam
‼️П P O Б A‼️П  P O Б A‼️   📢  пo гopoдy     X M У P      C K  Г A Ш         M E Ф          Б O Ш K И (40 aдpecoв  в нaличиe)  Koнтaкт:,spam
💫💫💫💫💫  💫💫💫💫💫💫 💫💫💫   💫💫   💫💫💫💫💫 🌟🌟🌟💫💫💫💫⁉️ ——————————————————————- 🤩от 10 000/день 🤩2-3 часа в сутки 🤩обучение и поддержка на всех этапах ——————————————————————- ⭐💫💫   💫💫💫💫💫💫        💫💫💫💫      💫💫💫💫,spam
💫💫💫💫💫  💫💫💫💫💫💫 💫💫💫   💫💫   💫💫💫💫💫 🌟🌟🌟💫💫💫💫⁉️ ——————————————————————- 🤩от 10 000/день 🤩2-3 часа в сутки 🤩обучение и поддержка на всех этапах ——————————————————————- ⭐💫💫   💫💫💫💫💫💫        💫💫💫💫      💫💫💫💫,spam
🌟🌟🌟🌹🌹🌹🌹🌹🌹🌹🌹  🍁🍁🍁🍁🍁🍁🍁  🍁🍁🍁🍁🍁🍁      🔤🔤🔤🔤🔤🔤   🔤🔤🔤🔤🔤                   🔤🔤  🔤🔤🔤🔤🔤  🌟🌟🌟🌹🌹🌹🌹🌹🌹🌹🌹 ❤️🔴@tutraaaaaas_bot ❤️🔴https://t.me/m/WR9PeqzUYzUyм,spam
🌟🌟🌟🌹🌹🌹🌹🌹🌹🌹🌹  🍁🍁🍁?🍁🍁🍁  🍁🍁🍁🍁🍁🍁      🔤🔤?🔤🔤🔤   🔤🔤🔤🔤🔤                   🔤🔤  🔤?🔤🔤🔤  🌟?🌟🌹🌹🌹🌹🌹🌹🌹🌹 ❤️🔴@kfjjfk_bot ❤️🔴https://t.me/m/WR9PeqzUYzUyм,spam
